class,record,slot,function
ABCDEFGHIJKLMNOPQRSTUVWXYZabcdefghijklmnopqrstuvwxyz0123456789.-,807bcd3c,0,806a7064
ABCDEFGHIJKLMNOPQRSTUVWXYZabcdefghijklmnopqrstuvwxyz0123456789.-,807bcd3c,1,806a7064
ABCDEFGHIJKLMNOPQRSTUVWXYZabcdefghijklmnopqrstuvwxyz0123456789.-,807bcd3c,2,806a7064
ABCDEFGHIJKLMNOPQRSTUVWXYZabcdefghijklmnopqrstuvwxyz0123456789.-,807bcd3c,3,806a7070
ABCDEFGHIJKLMNOPQRSTUVWXYZabcdefghijklmnopqrstuvwxyz0123456789.-,807bcd3c,4,806a707c
ABCDEFGHIJKLMNOPQRSTUVWXYZabcdefghijklmnopqrstuvwxyz0123456789.-,807bcd3c,5,806a7064
ABCDEFGHIJKLMNOPQRSTUVWXYZabcdefghijklmnopqrstuvwxyz0123456789.-,807bcd3c,6,806a70b8
ABCDEFGHIJKLMNOPQRSTUVWXYZabcdefghijklmnopqrstuvwxyz0123456789.-,807bcd3c,7,806a70a0
ABCDEFGHIJKLMNOPQRSTUVWXYZabcdefghijklmnopqrstuvwxyz0123456789.-,807bcd3c,8,806a70a0
ABCDEFGHIJKLMNOPQRSTUVWXYZabcdefghijklmnopqrstuvwxyz0123456789.-,807bcd3c,9,806a70a0
ABCDEFGHIJKLMNOPQRSTUVWXYZabcdefghijklmnopqrstuvwxyz0123456789.-,807bcd3c,10,806a7088
ABCDEFGHIJKLMNOPQRSTUVWXYZabcdefghijklmnopqrstuvwxyz0123456789.-,807bcd3c,11,806a7064
ABCDEFGHIJKLMNOPQRSTUVWXYZabcdefghijklmnopqrstuvwxyz0123456789.-,807bcd3c,12,806a70ac
ABCDEFGHIJKLMNOPQRSTUVWXYZabcdefghijklmnopqrstuvwxyz0123456789.-,807bcd3c,13,806a7064
ABCDEFGHIJKLMNOPQRSTUVWXYZabcdefghijklmnopqrstuvwxyz0123456789.-,807bcd3c,14,806a70ac
ABCDEFGHIJKLMNOPQRSTUVWXYZabcdefghijklmnopqrstuvwxyz0123456789.-,807bcd3c,15,806a7064
ABCDEFGHIJKLMNOPQRSTUVWXYZabcdefghijklmnopqrstuvwxyz0123456789.-,807bcd3c,16,806a70ac
ABCDEFGHIJKLMNOPQRSTUVWXYZabcdefghijklmnopqrstuvwxyz0123456789.-,807bcd3c,17,806a70ac
ABCDEFGHIJKLMNOPQRSTUVWXYZabcdefghijklmnopqrstuvwxyz0123456789.-,807bcd3c,18,806a7064
ABCDEFGHIJKLMNOPQRSTUVWXYZabcdefghijklmnopqrstuvwxyz0123456789.-,807bcd3c,19,806a7094
ABCDEFGHIJKLMNOPQRSTUVWXYZabcdefghijklmnopqrstuvwxyz0123456789.-,807bcd3c,20,806a70ac
ABCDEFGHIJKLMNOPQRSTUVWXYZabcdefghijklmnopqrstuvwxyz0123456789.-,807bcd3c,21,806a70a0
ABCDEFGHIJKLMNOPQRSTUVWXYZabcdefghijklmnopqrstuvwxyz0123456789.-,807bcd3c,22,806a70ac
AI::Script::AI_archer_guard01,80777228,0,8001ee58
AI::Script::AI_archer_guard01,80777228,1,8001f6f8
AI::Script::AI_archer_guard01,80777228,2,8001edf0
AI::Script::AI_archer_guard01,80777228,3,8001edf8
AI::Script::AI_archer_guard01,80777228,4,8001f248
AI::Script::AI_archer_guard01,80777228,5,8001f814
AI::Script::AI_archer_guard01,80777228,6,8001eebc
AI::Script::AI_archer_guard01,80777228,7,8001f478
AI::Script::AI_archer_guard01,80777228,8,8001f944
AI::Script::AI_archer_guard01,80777228,9,8001fa2c
AI::Script::AI_archer_guard01,80777228,10,8001ee30
AI::Script::AI_archer_guard01,80777228,11,8001ee38
AI::Script::AI_archer_guard01,80777228,12,8001ee40
AI::Script::AI_archer_guard01,80777228,13,8001ee48
AI::Script::AI_archer_guard01,80777228,14,8001f674
AI::Script::AI_arganan01,807771d0,0,8001fc40
AI::Script::AI_arganan01,807771d0,1,8002055c
AI::Script::AI_arganan01,807771d0,2,8001edf0
AI::Script::AI_arganan01,807771d0,3,8001edf8
AI::Script::AI_arganan01,807771d0,4,8002008c
AI::Script::AI_arganan01,807771d0,5,800206b8
AI::Script::AI_arganan01,807771d0,6,8001fcb4
AI::Script::AI_arganan01,807771d0,7,800202bc
AI::Script::AI_arganan01,807771d0,8,8002082c
AI::Script::AI_arganan01,807771d0,9,80020914
AI::Script::AI_arganan01,807771d0,10,8001ee30
AI::Script::AI_arganan01,807771d0,11,8001ee38
AI::Script::AI_arganan01,807771d0,12,8001ee40
AI::Script::AI_arganan01,807771d0,13,8001ee48
AI::Script::AI_arganan01,807771d0,14,800204d8
AI::Script::AI_buffer_attackstable01,80777178,0,80020b28
AI::Script::AI_buffer_attackstable01,80777178,1,80020b80
AI::Script::AI_buffer_attackstable01,80777178,2,8001edf0
AI::Script::AI_buffer_attackstable01,80777178,3,8001edf8
AI::Script::AI_buffer_attackstable01,80777178,4,80020e64
AI::Script::AI_buffer_attackstable01,80777178,5,8001ee08
AI::Script::AI_buffer_attackstable01,80777178,6,8002113c
AI::Script::AI_buffer_attackstable01,80777178,7,80020f40
AI::Script::AI_buffer_attackstable01,80777178,8,8001ee20
AI::Script::AI_buffer_attackstable01,80777178,9,80021038
AI::Script::AI_buffer_attackstable01,80777178,10,8001ee30
AI::Script::AI_buffer_attackstable01,80777178,11,8001ee38
AI::Script::AI_buffer_attackstable01,80777178,12,8001ee40
AI::Script::AI_buffer_attackstable01,80777178,13,8001ee48
AI::Script::AI_buffer_attackstable01,80777178,14,800210ac
AI::Script::AI_buffer_guard01,80777120,0,800211b0
AI::Script::AI_buffer_guard01,80777120,1,8002121c
AI::Script::AI_buffer_guard01,80777120,2,8001edf0
AI::Script::AI_buffer_guard01,80777120,3,8001edf8
AI::Script::AI_buffer_guard01,80777120,4,8001ee00
AI::Script::AI_buffer_guard01,80777120,5,8001ee08
AI::Script::AI_buffer_guard01,80777120,6,8001ee10
AI::Script::AI_buffer_guard01,80777120,7,8001ee18
AI::Script::AI_buffer_guard01,80777120,8,8001ee20
AI::Script::AI_buffer_guard01,80777120,9,80021404
AI::Script::AI_buffer_guard01,80777120,10,8001ee30
AI::Script::AI_buffer_guard01,80777120,11,8001ee38
AI::Script::AI_buffer_guard01,80777120,12,8001ee40
AI::Script::AI_buffer_guard01,80777120,13,8001ee48
AI::Script::AI_buffer_guard01,80777120,14,80021478
AI::Script::AI_buffer_guard02,807770c8,0,80021508
AI::Script::AI_buffer_guard02,807770c8,1,80021594
AI::Script::AI_buffer_guard02,807770c8,2,8001edf0
AI::Script::AI_buffer_guard02,807770c8,3,8001edf8
AI::Script::AI_buffer_guard02,807770c8,4,80021a20
AI::Script::AI_buffer_guard02,807770c8,5,8001ee08
AI::Script::AI_buffer_guard02,807770c8,6,80021d40
AI::Script::AI_buffer_guard02,807770c8,7,80021afc
AI::Script::AI_buffer_guard02,807770c8,8,8001ee20
AI::Script::AI_buffer_guard02,807770c8,9,80021c3c
AI::Script::AI_buffer_guard02,807770c8,10,8001ee30
AI::Script::AI_buffer_guard02,807770c8,11,8001ee38
AI::Script::AI_buffer_guard02,807770c8,12,8001ee40
AI::Script::AI_buffer_guard02,807770c8,13,8001ee48
AI::Script::AI_buffer_guard02,807770c8,14,80021cb0
AI::Script::AI_buffer_pointguard01,80777070,0,80021db4
AI::Script::AI_buffer_pointguard01,80777070,1,80021e40
AI::Script::AI_buffer_pointguard01,80777070,2,8001edf0
AI::Script::AI_buffer_pointguard01,80777070,3,8001edf8
AI::Script::AI_buffer_pointguard01,80777070,4,80022308
AI::Script::AI_buffer_pointguard01,80777070,5,8001ee08
AI::Script::AI_buffer_pointguard01,80777070,6,80022628
AI::Script::AI_buffer_pointguard01,80777070,7,800223e4
AI::Script::AI_buffer_pointguard01,80777070,8,8001ee20
AI::Script::AI_buffer_pointguard01,80777070,9,80022524
AI::Script::AI_buffer_pointguard01,80777070,10,8001ee30
AI::Script::AI_buffer_pointguard01,80777070,11,8001ee38
AI::Script::AI_buffer_pointguard01,80777070,12,8001ee40
AI::Script::AI_buffer_pointguard01,80777070,13,8001ee48
AI::Script::AI_buffer_pointguard01,80777070,14,80022598
AI::Script::AI_em_archer_attack02,80777018,0,8002269c
AI::Script::AI_em_archer_attack02,80777018,1,800226e4
AI::Script::AI_em_archer_attack02,80777018,2,8001edf0
AI::Script::AI_em_archer_attack02,80777018,3,8001edf8
AI::Script::AI_em_archer_attack02,80777018,4,8001ee00
AI::Script::AI_em_archer_attack02,80777018,5,80022c04
AI::Script::AI_em_archer_attack02,80777018,6,8001ee10
AI::Script::AI_em_archer_attack02,80777018,7,8001ee18
AI::Script::AI_em_archer_attack02,80777018,8,80022f44
AI::Script::AI_em_archer_attack02,80777018,9,80022bd4
AI::Script::AI_em_archer_attack02,80777018,10,8001ee30
AI::Script::AI_em_archer_attack02,80777018,11,8001ee38
AI::Script::AI_em_archer_attack02,80777018,12,8001ee40
AI::Script::AI_em_archer_attack02,80777018,13,8001ee48
AI::Script::AI_em_archer_attack02,80777018,14,80022e20
AI::Script::AI_em_bridge_archer,80776fc0,0,80022f74
AI::Script::AI_em_bridge_archer,80776fc0,1,800237e8
AI::Script::AI_em_bridge_archer,80776fc0,2,8001edf0
AI::Script::AI_em_bridge_archer,80776fc0,3,80023c54
AI::Script::AI_em_bridge_archer,80776fc0,4,80023338
AI::Script::AI_em_bridge_archer,80776fc0,5,80023960
AI::Script::AI_em_bridge_archer,80776fc0,6,80022fac
AI::Script::AI_em_bridge_archer,80776fc0,7,80023568
AI::Script::AI_em_bridge_archer,80776fc0,8,80023a90
AI::Script::AI_em_bridge_archer,80776fc0,9,80023b78
AI::Script::AI_em_bridge_archer,80776fc0,10,8001ee30
AI::Script::AI_em_bridge_archer,80776fc0,11,8001ee38
AI::Script::AI_em_bridge_archer,80776fc0,12,8001ee40
AI::Script::AI_em_bridge_archer,80776fc0,13,8001ee48
AI::Script::AI_em_bridge_archer,80776fc0,14,80023764
AI::Script::AI_em_monster_attack01,80776f68,0,80023dbc
AI::Script::AI_em_monster_attack01,80776f68,1,80023e90
AI::Script::AI_em_monster_attack01,80776f68,2,8001edf0
AI::Script::AI_em_monster_attack01,80776f68,3,8001edf8
AI::Script::AI_em_monster_attack01,80776f68,4,8002403c
AI::Script::AI_em_monster_attack01,80776f68,5,8001ee08
AI::Script::AI_em_monster_attack01,80776f68,6,8001ee10
AI::Script::AI_em_monster_attack01,80776f68,7,800240c0
AI::Script::AI_em_monster_attack01,80776f68,8,8001ee20
AI::Script::AI_em_monster_attack01,80776f68,9,80023dec
AI::Script::AI_em_monster_attack01,80776f68,10,8001ee30
AI::Script::AI_em_monster_attack01,80776f68,11,8001ee38
AI::Script::AI_em_monster_attack01,80776f68,12,8001ee40
AI::Script::AI_em_monster_attack01,80776f68,13,8001ee48
AI::Script::AI_em_monster_attack01,80776f68,14,80023fac
AI::Script::AI_em_scout,80776f10,0,800240f0
AI::Script::AI_em_scout,80776f10,1,80024540
AI::Script::AI_em_scout,80776f10,2,8001edf0
AI::Script::AI_em_scout,80776f10,3,8001edf8
AI::Script::AI_em_scout,80776f10,4,8001ee00
AI::Script::AI_em_scout,80776f10,5,80024110
AI::Script::AI_em_scout,80776f10,6,8002433c
AI::Script::AI_em_scout,80776f10,7,8001ee18
AI::Script::AI_em_scout,80776f10,8,80024254
AI::Script::AI_em_scout,80776f10,9,8001ee28
AI::Script::AI_em_scout,80776f10,10,8001ee30
AI::Script::AI_em_scout,80776f10,11,8001ee38
AI::Script::AI_em_scout,80776f10,12,8001ee40
AI::Script::AI_em_scout,80776f10,13,8001ee48
AI::Script::AI_em_scout,80776f10,14,800244b0
AI::Script::AI_em_sword_attack01,80776eb8,0,80024718
AI::Script::AI_em_sword_attack01,80776eb8,1,80024608
AI::Script::AI_em_sword_attack01,80776eb8,2,8001edf0
AI::Script::AI_em_sword_attack01,80776eb8,3,80024a5c
AI::Script::AI_em_sword_attack01,80776eb8,4,8001ee00
AI::Script::AI_em_sword_attack01,80776eb8,5,80024b50
AI::Script::AI_em_sword_attack01,80776eb8,6,8001ee10
AI::Script::AI_em_sword_attack01,80776eb8,7,800248cc
AI::Script::AI_em_sword_attack01,80776eb8,8,800249ec
AI::Script::AI_em_sword_attack01,80776eb8,9,80024824
AI::Script::AI_em_sword_attack01,80776eb8,10,8001ee30
AI::Script::AI_em_sword_attack01,80776eb8,11,8001ee38
AI::Script::AI_em_sword_attack01,80776eb8,12,8001ee40
AI::Script::AI_em_sword_attack01,80776eb8,13,8001ee48
AI::Script::AI_em_sword_attack01,80776eb8,14,80024760
AI::Script::AI_em_sword_attack02,80776e60,0,80024d6c
AI::Script::AI_em_sword_attack02,80776e60,1,80025478
AI::Script::AI_em_sword_attack02,80776e60,2,8001edf0
AI::Script::AI_em_sword_attack02,80776e60,3,8001edf8
AI::Script::AI_em_sword_attack02,80776e60,4,80024e64
AI::Script::AI_em_sword_attack02,80776e60,5,80024f9c
AI::Script::AI_em_sword_attack02,80776e60,6,800251b4
AI::Script::AI_em_sword_attack02,80776e60,7,80024dcc
AI::Script::AI_em_sword_attack02,80776e60,8,800250cc
AI::Script::AI_em_sword_attack02,80776e60,9,8001ee28
AI::Script::AI_em_sword_attack02,80776e60,10,8001ee30
AI::Script::AI_em_sword_attack02,80776e60,11,8001ee38
AI::Script::AI_em_sword_attack02,80776e60,12,8001ee40
AI::Script::AI_em_sword_attack02,80776e60,13,8001ee48
AI::Script::AI_em_sword_attack02,80776e60,14,800253e8
AI::Script::AI_em_sword_pointguard01,80776e08,0,8002552c
AI::Script::AI_em_sword_pointguard01,80776e08,1,80025d2c
AI::Script::AI_em_sword_pointguard01,80776e08,2,8001edf0
AI::Script::AI_em_sword_pointguard01,80776e08,3,8001edf8
AI::Script::AI_em_sword_pointguard01,80776e08,4,80025624
AI::Script::AI_em_sword_pointguard01,80776e08,5,8002575c
AI::Script::AI_em_sword_pointguard01,80776e08,6,80025a68
AI::Script::AI_em_sword_pointguard01,80776e08,7,8002558c
AI::Script::AI_em_sword_pointguard01,80776e08,8,80025980
AI::Script::AI_em_sword_pointguard01,80776e08,9,8001ee28
AI::Script::AI_em_sword_pointguard01,80776e08,10,8001ee30
AI::Script::AI_em_sword_pointguard01,80776e08,11,8001ee38
AI::Script::AI_em_sword_pointguard01,80776e08,12,8001ee40
AI::Script::AI_em_sword_pointguard01,80776e08,13,8001ee48
AI::Script::AI_em_sword_pointguard01,80776e08,14,80025c9c
AI::Script::AI_em_type003,80776db0,0,80025de0
AI::Script::AI_em_type003,80776db0,1,80026570
AI::Script::AI_em_type003,80776db0,2,8001edf0
AI::Script::AI_em_type003,80776db0,3,8001edf8
AI::Script::AI_em_type003,80776db0,4,8001ee00
AI::Script::AI_em_type003,80776db0,5,80025e30
AI::Script::AI_em_type003,80776db0,6,80026310
AI::Script::AI_em_type003,80776db0,7,8001ee18
AI::Script::AI_em_type003,80776db0,8,800261c0
AI::Script::AI_em_type003,80776db0,9,8001ee28
AI::Script::AI_em_type003,80776db0,10,8001ee30
AI::Script::AI_em_type003,80776db0,11,8001ee38
AI::Script::AI_em_type003,80776db0,12,8001ee40
AI::Script::AI_em_type003,80776db0,13,8001ee48
AI::Script::AI_em_type003,80776db0,14,800264e0
AI::Script::AI_em_type010,80776d58,0,80026a40
AI::Script::AI_em_type010,80776d58,1,80026d78
AI::Script::AI_em_type010,80776d58,2,8001edf0
AI::Script::AI_em_type010,80776d58,3,8001edf8
AI::Script::AI_em_type010,80776d58,4,8001ee00
AI::Script::AI_em_type010,80776d58,5,80026ab8
AI::Script::AI_em_type010,80776d58,6,8001ee10
AI::Script::AI_em_type010,80776d58,7,8001ee18
AI::Script::AI_em_type010,80776d58,8,80026bec
AI::Script::AI_em_type010,80776d58,9,8001ee28
AI::Script::AI_em_type010,80776d58,10,8001ee30
AI::Script::AI_em_type010,80776d58,11,8001ee38
AI::Script::AI_em_type010,80776d58,12,8001ee40
AI::Script::AI_em_type010,80776d58,13,8001ee48
AI::Script::AI_em_type010,80776d58,14,80026cd4
AI::Script::AI_em_type102,80776d00,0,80026e94
AI::Script::AI_em_type102,80776d00,1,80026f30
AI::Script::AI_em_type102,80776d00,2,8001edf0
AI::Script::AI_em_type102,80776d00,3,8001edf8
AI::Script::AI_em_type102,80776d00,4,8001ee00
AI::Script::AI_em_type102,80776d00,5,800270b8
AI::Script::AI_em_type102,80776d00,6,8001ee10
AI::Script::AI_em_type102,80776d00,7,8001ee18
AI::Script::AI_em_type102,80776d00,8,800271ec
AI::Script::AI_em_type102,80776d00,9,8001ee28
AI::Script::AI_em_type102,80776d00,10,8001ee30
AI::Script::AI_em_type102,80776d00,11,8001ee38
AI::Script::AI_em_type102,80776d00,12,8001ee40
AI::Script::AI_em_type102,80776d00,13,8001ee48
AI::Script::AI_em_type102,80776d00,14,800272d4
AI::Script::AI_em_type103,80776ca8,0,80027444
AI::Script::AI_em_type103,80776ca8,1,800274f0
AI::Script::AI_em_type103,80776ca8,2,8001edf0
AI::Script::AI_em_type103,80776ca8,3,8001edf8
AI::Script::AI_em_type103,80776ca8,4,8002765c
AI::Script::AI_em_type103,80776ca8,5,8001ee08
AI::Script::AI_em_type103,80776ca8,6,8001ee10
AI::Script::AI_em_type103,80776ca8,7,800276d4
AI::Script::AI_em_type103,80776ca8,8,8001ee20
AI::Script::AI_em_type103,80776ca8,9,80027458
AI::Script::AI_em_type103,80776ca8,10,8001ee30
AI::Script::AI_em_type103,80776ca8,11,8001ee38
AI::Script::AI_em_type103,80776ca8,12,8001ee40
AI::Script::AI_em_type103,80776ca8,13,8001ee48
AI::Script::AI_em_type103,80776ca8,14,800275cc
AI::Script::AI_em_type104,80776c50,0,80028178
AI::Script::AI_em_type104,80776c50,1,8002779c
AI::Script::AI_em_type104,80776c50,2,8001edf0
AI::Script::AI_em_type104,80776c50,3,8001edf8
AI::Script::AI_em_type104,80776c50,4,80027954
AI::Script::AI_em_type104,80776c50,5,80027e54
AI::Script::AI_em_type104,80776c50,6,80027bb0
AI::Script::AI_em_type104,80776c50,7,8002806c
AI::Script::AI_em_type104,80776c50,8,80027f84
AI::Script::AI_em_type104,80776c50,9,80027704
AI::Script::AI_em_type104,80776c50,10,8001ee30
AI::Script::AI_em_type104,80776c50,11,8001ee38
AI::Script::AI_em_type104,80776c50,12,8001ee40
AI::Script::AI_em_type104,80776c50,13,8001ee48
AI::Script::AI_em_type104,80776c50,14,80027b2c
AI::Script::AI_em_type105,80776bf8,0,80028cd8
AI::Script::AI_em_type105,80776bf8,1,8002836c
AI::Script::AI_em_type105,80776bf8,2,8001edf0
AI::Script::AI_em_type105,80776bf8,3,8001edf8
AI::Script::AI_em_type105,80776bf8,4,800284b4
AI::Script::AI_em_type105,80776bf8,5,800289b4
AI::Script::AI_em_type105,80776bf8,6,80028710
AI::Script::AI_em_type105,80776bf8,7,80028bcc
AI::Script::AI_em_type105,80776bf8,8,80028ae4
AI::Script::AI_em_type105,80776bf8,9,800282d4
AI::Script::AI_em_type105,80776bf8,10,8001ee30
AI::Script::AI_em_type105,80776bf8,11,8001ee38
AI::Script::AI_em_type105,80776bf8,12,8001ee40
AI::Script::AI_em_type105,80776bf8,13,8001ee48
AI::Script::AI_em_type105,80776bf8,14,8002868c
AI::Script::AI_em_type106,80776ba0,0,80028e34
AI::Script::AI_em_type106,80776ba0,1,800292b0
AI::Script::AI_em_type106,80776ba0,2,8001edf0
AI::Script::AI_em_type106,80776ba0,3,8001edf8
AI::Script::AI_em_type106,80776ba0,4,80028f3c
AI::Script::AI_em_type106,80776ba0,5,8001ee08
AI::Script::AI_em_type106,80776ba0,6,80028e64
AI::Script::AI_em_type106,80776ba0,7,80029018
AI::Script::AI_em_type106,80776ba0,8,8001ee20
AI::Script::AI_em_type106,80776ba0,9,80029424
AI::Script::AI_em_type106,80776ba0,10,8001ee30
AI::Script::AI_em_type106,80776ba0,11,8001ee38
AI::Script::AI_em_type106,80776ba0,12,8001ee40
AI::Script::AI_em_type106,80776ba0,13,8001ee48
AI::Script::AI_em_type106,80776ba0,14,8002922c
AI::Script::AI_fr_archer_pick01,80776b48,0,8002973c
AI::Script::AI_fr_archer_pick01,80776b48,1,8002962c
AI::Script::AI_fr_archer_pick01,80776b48,2,8001edf0
AI::Script::AI_fr_archer_pick01,80776b48,3,80029a84
AI::Script::AI_fr_archer_pick01,80776b48,4,8001ee00
AI::Script::AI_fr_archer_pick01,80776b48,5,80029afc
AI::Script::AI_fr_archer_pick01,80776b48,6,8001ee10
AI::Script::AI_fr_archer_pick01,80776b48,7,800298f0
AI::Script::AI_fr_archer_pick01,80776b48,8,80029a14
AI::Script::AI_fr_archer_pick01,80776b48,9,80029848
AI::Script::AI_fr_archer_pick01,80776b48,10,8001ee30
AI::Script::AI_fr_archer_pick01,80776b48,11,8001ee38
AI::Script::AI_fr_archer_pick01,80776b48,12,8001ee40
AI::Script::AI_fr_archer_pick01,80776b48,13,8001ee48
AI::Script::AI_fr_archer_pick01,80776b48,14,80029784
AI::Script::AI_fr_buffer_pick01,80776af0,0,80029d18
AI::Script::AI_fr_buffer_pick01,80776af0,1,8002a774
AI::Script::AI_fr_buffer_pick01,80776af0,2,8001edf0
AI::Script::AI_fr_buffer_pick01,80776af0,3,8001edf8
AI::Script::AI_fr_buffer_pick01,80776af0,4,8002a1fc
AI::Script::AI_fr_buffer_pick01,80776af0,5,8002a968
AI::Script::AI_fr_buffer_pick01,80776af0,6,80029d7c
AI::Script::AI_fr_buffer_pick01,80776af0,7,8002a42c
AI::Script::AI_fr_buffer_pick01,80776af0,8,8002ab7c
AI::Script::AI_fr_buffer_pick01,80776af0,9,8002ac64
AI::Script::AI_fr_buffer_pick01,80776af0,10,8001ee30
AI::Script::AI_fr_buffer_pick01,80776af0,11,8001ee38
AI::Script::AI_fr_buffer_pick01,80776af0,12,8001ee40
AI::Script::AI_fr_buffer_pick01,80776af0,13,8001ee48
AI::Script::AI_fr_buffer_pick01,80776af0,14,8002a6f0
AI::Script::AI_fr_follow_player,80776a98,0,8002ae78
AI::Script::AI_fr_follow_player,80776a98,1,8002ae98
AI::Script::AI_fr_follow_player,80776a98,2,8001edf0
AI::Script::AI_fr_follow_player,80776a98,3,8001edf8
AI::Script::AI_fr_follow_player,80776a98,4,8002b358
AI::Script::AI_fr_follow_player,80776a98,5,8001ee08
AI::Script::AI_fr_follow_player,80776a98,6,8002b53c
AI::Script::AI_fr_follow_player,80776a98,7,8002b434
AI::Script::AI_fr_follow_player,80776a98,8,8001ee20
AI::Script::AI_fr_follow_player,80776a98,9,8002b4c8
AI::Script::AI_fr_follow_player,80776a98,10,8001ee30
AI::Script::AI_fr_follow_player,80776a98,11,8001ee38
AI::Script::AI_fr_follow_player,80776a98,12,8001ee40
AI::Script::AI_fr_follow_player,80776a98,13,8001ee48
AI::Script::AI_fr_follow_player,80776a98,14,8002b788
AI::Script::AI_fr_magic_pick01,80776a40,0,8002b818
AI::Script::AI_fr_magic_pick01,80776a40,1,8001ede8
AI::Script::AI_fr_magic_pick01,80776a40,2,8001edf0
AI::Script::AI_fr_magic_pick01,80776a40,3,8002b88c
AI::Script::AI_fr_magic_pick01,80776a40,4,8001ee00
AI::Script::AI_fr_magic_pick01,80776a40,5,8001ee08
AI::Script::AI_fr_magic_pick01,80776a40,6,8002b8fc
AI::Script::AI_fr_magic_pick01,80776a40,7,8001ee18
AI::Script::AI_fr_magic_pick01,80776a40,8,8001ee20
AI::Script::AI_fr_magic_pick01,80776a40,9,8001ee28
AI::Script::AI_fr_magic_pick01,80776a40,10,8001ee30
AI::Script::AI_fr_magic_pick01,80776a40,11,8001ee38
AI::Script::AI_fr_magic_pick01,80776a40,12,8001ee40
AI::Script::AI_fr_magic_pick01,80776a40,13,8001ee48
AI::Script::AI_fr_magic_pick01,80776a40,14,8001ee50
AI::Script::AI_fr_magic_pick02,807769e8,0,8002b9d0
AI::Script::AI_fr_magic_pick02,807769e8,1,8002ba24
AI::Script::AI_fr_magic_pick02,807769e8,2,8001edf0
AI::Script::AI_fr_magic_pick02,807769e8,3,8001edf8
AI::Script::AI_fr_magic_pick02,807769e8,4,8002bbec
AI::Script::AI_fr_magic_pick02,807769e8,5,8001ee08
AI::Script::AI_fr_magic_pick02,807769e8,6,8002c00c
AI::Script::AI_fr_magic_pick02,807769e8,7,8002bcc8
AI::Script::AI_fr_magic_pick02,807769e8,8,8001ee20
AI::Script::AI_fr_magic_pick02,807769e8,9,8002bf30
AI::Script::AI_fr_magic_pick02,807769e8,10,8001ee30
AI::Script::AI_fr_magic_pick02,807769e8,11,8001ee38
AI::Script::AI_fr_magic_pick02,807769e8,12,8001ee40
AI::Script::AI_fr_magic_pick02,807769e8,13,8001ee48
AI::Script::AI_fr_magic_pick02,807769e8,14,8002c260
AI::Script::AI_fr_runaway,80776990,0,8002c2f0
AI::Script::AI_fr_runaway,80776990,1,8002c354
AI::Script::AI_fr_runaway,80776990,2,8001edf0
AI::Script::AI_fr_runaway,80776990,3,8001edf8
AI::Script::AI_fr_runaway,80776990,4,8002cc58
AI::Script::AI_fr_runaway,80776990,5,8001ee08
AI::Script::AI_fr_runaway,80776990,6,8002c7d8
AI::Script::AI_fr_runaway,80776990,7,8002cd34
AI::Script::AI_fr_runaway,80776990,8,8001ee20
AI::Script::AI_fr_runaway,80776990,9,8002c680
AI::Script::AI_fr_runaway,80776990,10,8001ee30
AI::Script::AI_fr_runaway,80776990,11,8001ee38
AI::Script::AI_fr_runaway,80776990,12,8001ee40
AI::Script::AI_fr_runaway,80776990,13,8001ee48
AI::Script::AI_fr_runaway,80776990,14,8002d108
AI::Script::AI_fr_sword_attack01,80776938,0,8002d36c
AI::Script::AI_fr_sword_attack01,80776938,1,8002d294
AI::Script::AI_fr_sword_attack01,80776938,2,8001edf0
AI::Script::AI_fr_sword_attack01,80776938,3,8002d554
AI::Script::AI_fr_sword_attack01,80776938,4,8002d648
AI::Script::AI_fr_sword_attack01,80776938,5,8001ee08
AI::Script::AI_fr_sword_attack01,80776938,6,8001ee10
AI::Script::AI_fr_sword_attack01,80776938,7,8002d474
AI::Script::AI_fr_sword_attack01,80776938,8,8001ee20
AI::Script::AI_fr_sword_attack01,80776938,9,8001ee28
AI::Script::AI_fr_sword_attack01,80776938,10,8001ee30
AI::Script::AI_fr_sword_attack01,80776938,11,8001ee38
AI::Script::AI_fr_sword_attack01,80776938,12,8001ee40
AI::Script::AI_fr_sword_attack01,80776938,13,8001ee48
AI::Script::AI_fr_sword_attack01,80776938,14,8002d3b0
AI::Script::AI_fr_sword_pick01,807768e0,0,8002d704
AI::Script::AI_fr_sword_pick01,807768e0,1,8002de6c
AI::Script::AI_fr_sword_pick01,807768e0,2,8001edf0
AI::Script::AI_fr_sword_pick01,807768e0,3,8001edf8
AI::Script::AI_fr_sword_pick01,807768e0,4,8002d7f4
AI::Script::AI_fr_sword_pick01,807768e0,5,8002d960
AI::Script::AI_fr_sword_pick01,807768e0,6,8002db78
AI::Script::AI_fr_sword_pick01,807768e0,7,8002d75c
AI::Script::AI_fr_sword_pick01,807768e0,8,8002da90
AI::Script::AI_fr_sword_pick01,807768e0,9,8001ee28
AI::Script::AI_fr_sword_pick01,807768e0,10,8001ee30
AI::Script::AI_fr_sword_pick01,807768e0,11,8001ee38
AI::Script::AI_fr_sword_pick01,807768e0,12,8001ee40
AI::Script::AI_fr_sword_pick01,807768e0,13,8001ee48
AI::Script::AI_fr_sword_pick01,807768e0,14,8002dddc
AI::Script::AI_fr_sword_pointguard,80776888,0,8002df20
AI::Script::AI_fr_sword_pointguard,80776888,1,8002e93c
AI::Script::AI_fr_sword_pointguard,80776888,2,8001edf0
AI::Script::AI_fr_sword_pointguard,80776888,3,8001edf8
AI::Script::AI_fr_sword_pointguard,80776888,4,8002e0fc
AI::Script::AI_fr_sword_pointguard,80776888,5,8002e268
AI::Script::AI_fr_sword_pointguard,80776888,6,8002e564
AI::Script::AI_fr_sword_pointguard,80776888,7,8002df78
AI::Script::AI_fr_sword_pointguard,80776888,8,8002e47c
AI::Script::AI_fr_sword_pointguard,80776888,9,8001ee28
AI::Script::AI_fr_sword_pointguard,80776888,10,8001ee30
AI::Script::AI_fr_sword_pointguard,80776888,11,8001ee38
AI::Script::AI_fr_sword_pointguard,80776888,12,8001ee40
AI::Script::AI_fr_sword_pointguard,80776888,13,8001ee48
AI::Script::AI_fr_sword_pointguard,80776888,14,8002e8ac
AI::Script::AI_fr_sword_pointguard01,80776830,0,8002eb20
AI::Script::AI_fr_sword_pointguard01,80776830,1,8002ee58
AI::Script::AI_fr_sword_pointguard01,80776830,2,8001edf0
AI::Script::AI_fr_sword_pointguard01,80776830,3,8001edf8
AI::Script::AI_fr_sword_pointguard01,80776830,4,8001ee00
AI::Script::AI_fr_sword_pointguard01,80776830,5,8002eb98
AI::Script::AI_fr_sword_pointguard01,80776830,6,8001ee10
AI::Script::AI_fr_sword_pointguard01,80776830,7,8001ee18
AI::Script::AI_fr_sword_pointguard01,80776830,8,8002eccc
AI::Script::AI_fr_sword_pointguard01,80776830,9,8001ee28
AI::Script::AI_fr_sword_pointguard01,80776830,10,8001ee30
AI::Script::AI_fr_sword_pointguard01,80776830,11,8001ee38
AI::Script::AI_fr_sword_pointguard01,80776830,12,8001ee40
AI::Script::AI_fr_sword_pointguard01,80776830,13,8001ee48
AI::Script::AI_fr_sword_pointguard01,80776830,14,8002edb4
AI::Script::AI_fr_type005,807767d8,0,8002ef74
AI::Script::AI_fr_type005,807767d8,1,8002f704
AI::Script::AI_fr_type005,807767d8,2,8001edf0
AI::Script::AI_fr_type005,807767d8,3,8001edf8
AI::Script::AI_fr_type005,807767d8,4,8001ee00
AI::Script::AI_fr_type005,807767d8,5,8002efc4
AI::Script::AI_fr_type005,807767d8,6,8002f4a4
AI::Script::AI_fr_type005,807767d8,7,8001ee18
AI::Script::AI_fr_type005,807767d8,8,8002f354
AI::Script::AI_fr_type005,807767d8,9,8001ee28
AI::Script::AI_fr_type005,807767d8,10,8001ee30
AI::Script::AI_fr_type005,807767d8,11,8001ee38
AI::Script::AI_fr_type005,807767d8,12,8001ee40
AI::Script::AI_fr_type005,807767d8,13,8001ee48
AI::Script::AI_fr_type005,807767d8,14,8002f674
AI::Script::AI_fr_warppointescape,80776780,0,8002fbd4
AI::Script::AI_fr_warppointescape,80776780,1,8002fc40
AI::Script::AI_fr_warppointescape,80776780,2,8001edf0
AI::Script::AI_fr_warppointescape,80776780,3,8001edf8
AI::Script::AI_fr_warppointescape,80776780,4,8001ee00
AI::Script::AI_fr_warppointescape,80776780,5,8002fecc
AI::Script::AI_fr_warppointescape,80776780,6,8001ee10
AI::Script::AI_fr_warppointescape,80776780,7,8001ee18
AI::Script::AI_fr_warppointescape,80776780,8,8002fd54
AI::Script::AI_fr_warppointescape,80776780,9,8001ee28
AI::Script::AI_fr_warppointescape,80776780,10,8001ee30
AI::Script::AI_fr_warppointescape,80776780,11,8001ee38
AI::Script::AI_fr_warppointescape,80776780,12,8001ee40
AI::Script::AI_fr_warppointescape,80776780,13,8001ee48
AI::Script::AI_fr_warppointescape,80776780,14,8002ffe0
AI::Script::AI_jackal01,80776728,0,800300cc
AI::Script::AI_jackal01,80776728,1,8003002c
AI::Script::AI_jackal01,80776728,2,8001edf0
AI::Script::AI_jackal01,80776728,3,80030220
AI::Script::AI_jackal01,80776728,4,800303c0
AI::Script::AI_jackal01,80776728,5,8001ee08
AI::Script::AI_jackal01,80776728,6,800302a0
AI::Script::AI_jackal01,80776728,7,800302f0
AI::Script::AI_jackal01,80776728,8,8001ee20
AI::Script::AI_jackal01,80776728,9,8001ee28
AI::Script::AI_jackal01,80776728,10,8001ee30
AI::Script::AI_jackal01,80776728,11,8001ee38
AI::Script::AI_jackal01,80776728,12,8001ee40
AI::Script::AI_jackal01,80776728,13,8001ee48
AI::Script::AI_jackal01,80776728,14,8003015c
AI::Script::AI_magic_attack01,807766d0,0,8003068c
AI::Script::AI_magic_attack01,807766d0,1,80031004
AI::Script::AI_magic_attack01,807766d0,2,8001edf0
AI::Script::AI_magic_attack01,807766d0,3,8001edf8
AI::Script::AI_magic_attack01,807766d0,4,80030afc
AI::Script::AI_magic_attack01,807766d0,5,80031178
AI::Script::AI_magic_attack01,807766d0,6,80030700
AI::Script::AI_magic_attack01,807766d0,7,80030d2c
AI::Script::AI_magic_attack01,807766d0,8,800312ec
AI::Script::AI_magic_attack01,807766d0,9,800313d4
AI::Script::AI_magic_attack01,807766d0,10,8001ee30
AI::Script::AI_magic_attack01,807766d0,11,8001ee38
AI::Script::AI_magic_attack01,807766d0,12,8001ee40
AI::Script::AI_magic_attack01,807766d0,13,8001ee48
AI::Script::AI_magic_attack01,807766d0,14,80030f80
AI::Script::AI_magic_attack01_2,80776678,0,80031758
AI::Script::AI_magic_attack01_2,80776678,1,80031688
AI::Script::AI_magic_attack01_2,80776678,2,8001edf0
AI::Script::AI_magic_attack01_2,80776678,3,8001edf8
AI::Script::AI_magic_attack01_2,80776678,4,80031c04
AI::Script::AI_magic_attack01_2,80776678,5,8001ee08
AI::Script::AI_magic_attack01_2,80776678,6,800317ac
AI::Script::AI_magic_attack01_2,80776678,7,800319ac
AI::Script::AI_magic_attack01_2,80776678,8,8001ee20
AI::Script::AI_magic_attack01_2,80776678,9,80031b28
AI::Script::AI_magic_attack01_2,80776678,10,8001ee30
AI::Script::AI_magic_attack01_2,80776678,11,8001ee38
AI::Script::AI_magic_attack01_2,80776678,12,8001ee40
AI::Script::AI_magic_attack01_2,80776678,13,8001ee48
AI::Script::AI_magic_attack01_2,80776678,14,8003191c
AI::Script::AI_magic_attack02,80776620,0,80031de4
AI::Script::AI_magic_attack02,80776620,1,80031ce0
AI::Script::AI_magic_attack02,80776620,2,8001edf0
AI::Script::AI_magic_attack02,80776620,3,8001edf8
AI::Script::AI_magic_attack02,80776620,4,80032348
AI::Script::AI_magic_attack02,80776620,5,8001ee08
AI::Script::AI_magic_attack02,80776620,6,80031e38
AI::Script::AI_magic_attack02,80776620,7,80032090
AI::Script::AI_magic_attack02,80776620,8,8001ee20
AI::Script::AI_magic_attack02,80776620,9,8003226c
AI::Script::AI_magic_attack02,80776620,10,8001ee30
AI::Script::AI_magic_attack02,80776620,11,8001ee38
AI::Script::AI_magic_attack02,80776620,12,8001ee40
AI::Script::AI_magic_attack02,80776620,13,8001ee48
AI::Script::AI_magic_attack02,80776620,14,80032000
AI::Script::AI_magic_attackstable01,807765c8,0,80032424
AI::Script::AI_magic_attackstable01,807765c8,1,80032470
AI::Script::AI_magic_attackstable01,807765c8,2,8001edf0
AI::Script::AI_magic_attackstable01,807765c8,3,8001edf8
AI::Script::AI_magic_attackstable01,807765c8,4,800328d8
AI::Script::AI_magic_attackstable01,807765c8,5,8001ee08
AI::Script::AI_magic_attackstable01,807765c8,6,80032768
AI::Script::AI_magic_attackstable01,807765c8,7,800329b4
AI::Script::AI_magic_attackstable01,807765c8,8,8001ee20
AI::Script::AI_magic_attackstable01,807765c8,9,8003268c
AI::Script::AI_magic_attackstable01,807765c8,10,8001ee30
AI::Script::AI_magic_attackstable01,807765c8,11,8001ee38
AI::Script::AI_magic_attackstable01,807765c8,12,8001ee40
AI::Script::AI_magic_attackstable01,807765c8,13,8001ee48
AI::Script::AI_magic_attackstable01,807765c8,14,80032d60
AI::Script::AI_magic_cure01,80776570,0,80032f04
AI::Script::AI_magic_cure01,80776570,1,80032df0
AI::Script::AI_magic_cure01,80776570,2,8001edf0
AI::Script::AI_magic_cure01,80776570,3,8001edf8
AI::Script::AI_magic_cure01,80776570,4,8001ee00
AI::Script::AI_magic_cure01,80776570,5,8001ee08
AI::Script::AI_magic_cure01,80776570,6,8001ee10
AI::Script::AI_magic_cure01,80776570,7,8001ee18
AI::Script::AI_magic_cure01,80776570,8,8001ee20
AI::Script::AI_magic_cure01,80776570,9,80032fa8
AI::Script::AI_magic_cure01,80776570,10,8001ee30
AI::Script::AI_magic_cure01,80776570,11,8001ee38
AI::Script::AI_magic_cure01,80776570,12,8001ee40
AI::Script::AI_magic_cure01,80776570,13,8001ee48
AI::Script::AI_magic_cure01,80776570,14,80032f18
AI::Script::AI_magic_guard01,80776518,0,80033020
AI::Script::AI_magic_guard01,80776518,1,80033040
AI::Script::AI_magic_guard01,80776518,2,8001edf0
AI::Script::AI_magic_guard01,80776518,3,8001edf8
AI::Script::AI_magic_guard01,80776518,4,80033418
AI::Script::AI_magic_guard01,80776518,5,8001ee08
AI::Script::AI_magic_guard01,80776518,6,800335fc
AI::Script::AI_magic_guard01,80776518,7,800334f4
AI::Script::AI_magic_guard01,80776518,8,8001ee20
AI::Script::AI_magic_guard01,80776518,9,80033588
AI::Script::AI_magic_guard01,80776518,10,8001ee30
AI::Script::AI_magic_guard01,80776518,11,8001ee38
AI::Script::AI_magic_guard01,80776518,12,8001ee40
AI::Script::AI_magic_guard01,80776518,13,8001ee48
AI::Script::AI_magic_guard01,80776518,14,80033764
AI::Script::AI_magic_guard01_2,807764c0,0,800337f4
AI::Script::AI_magic_guard01_2,807764c0,1,80033854
AI::Script::AI_magic_guard01_2,807764c0,2,8001edf0
AI::Script::AI_magic_guard01_2,807764c0,3,8001edf8
AI::Script::AI_magic_guard01_2,807764c0,4,80033978
AI::Script::AI_magic_guard01_2,807764c0,5,8001ee08
AI::Script::AI_magic_guard01_2,807764c0,6,80033cf4
AI::Script::AI_magic_guard01_2,807764c0,7,80033a54
AI::Script::AI_magic_guard01_2,807764c0,8,8001ee20
AI::Script::AI_magic_guard01_2,807764c0,9,80033c18
AI::Script::AI_magic_guard01_2,807764c0,10,8001ee30
AI::Script::AI_magic_guard01_2,807764c0,11,8001ee38
AI::Script::AI_magic_guard01_2,807764c0,12,8001ee40
AI::Script::AI_magic_guard01_2,807764c0,13,8001ee48
AI::Script::AI_magic_guard01_2,807764c0,14,80033ea8
AI::Script::AI_magic_guard02,80776468,0,80033f38
AI::Script::AI_magic_guard02,80776468,1,80033f98
AI::Script::AI_magic_guard02,80776468,2,8001edf0
AI::Script::AI_magic_guard02,80776468,3,8001edf8
AI::Script::AI_magic_guard02,80776468,4,800340f0
AI::Script::AI_magic_guard02,80776468,5,8001ee08
AI::Script::AI_magic_guard02,80776468,6,800344c4
AI::Script::AI_magic_guard02,80776468,7,800341cc
AI::Script::AI_magic_guard02,80776468,8,8001ee20
AI::Script::AI_magic_guard02,80776468,9,800343e8
AI::Script::AI_magic_guard02,80776468,10,8001ee30
AI::Script::AI_magic_guard02,80776468,11,8001ee38
AI::Script::AI_magic_guard02,80776468,12,8001ee40
AI::Script::AI_magic_guard02,80776468,13,8001ee48
AI::Script::AI_magic_guard02,80776468,14,800346d0
AI::Script::AI_np_approach,80776410,0,80034760
AI::Script::AI_np_approach,80776410,1,800347c0
AI::Script::AI_np_approach,80776410,2,8001edf0
AI::Script::AI_np_approach,80776410,3,8001edf8
AI::Script::AI_np_approach,80776410,4,80034a44
AI::Script::AI_np_approach,80776410,5,8001ee08
AI::Script::AI_np_approach,80776410,6,80035030
AI::Script::AI_np_approach,80776410,7,80034b20
AI::Script::AI_np_approach,80776410,8,8001ee20
AI::Script::AI_np_approach,80776410,9,80034f54
AI::Script::AI_np_approach,80776410,10,8001ee30
AI::Script::AI_np_approach,80776410,11,8001ee38
AI::Script::AI_np_approach,80776410,12,8001ee40
AI::Script::AI_np_approach,80776410,13,8001ee48
AI::Script::AI_np_approach,80776410,14,800351e4
AI::Script::AI_np_approach_plus,807763b8,0,80035274
AI::Script::AI_np_approach_plus,807763b8,1,800352e8
AI::Script::AI_np_approach_plus,807763b8,2,8001edf0
AI::Script::AI_np_approach_plus,807763b8,3,80035440
AI::Script::AI_np_approach_plus,807763b8,4,8001ee00
AI::Script::AI_np_approach_plus,807763b8,5,8001ee08
AI::Script::AI_np_approach_plus,807763b8,6,800354c4
AI::Script::AI_np_approach_plus,807763b8,7,8001ee18
AI::Script::AI_np_approach_plus,807763b8,8,8001ee20
AI::Script::AI_np_approach_plus,807763b8,9,8001ee28
AI::Script::AI_np_approach_plus,807763b8,10,8001ee30
AI::Script::AI_np_approach_plus,807763b8,11,800355fc
AI::Script::AI_np_approach_plus,807763b8,12,8001ee40
AI::Script::AI_np_approach_plus,807763b8,13,8001ee48
AI::Script::AI_np_approach_plus,807763b8,14,8001ee50
AI::Script::AI_np_follow_player,80776360,0,8003574c
AI::Script::AI_np_follow_player,80776360,1,800357bc
AI::Script::AI_np_follow_player,80776360,2,8001edf0
AI::Script::AI_np_follow_player,80776360,3,80035914
AI::Script::AI_np_follow_player,80776360,4,8001ee00
AI::Script::AI_np_follow_player,80776360,5,8001ee08
AI::Script::AI_np_follow_player,80776360,6,80035998
AI::Script::AI_np_follow_player,80776360,7,8001ee18
AI::Script::AI_np_follow_player,80776360,8,8001ee20
AI::Script::AI_np_follow_player,80776360,9,8001ee28
AI::Script::AI_np_follow_player,80776360,10,8001ee30
AI::Script::AI_np_follow_player,80776360,11,80035ad0
AI::Script::AI_np_follow_player,80776360,12,8001ee40
AI::Script::AI_np_follow_player,80776360,13,8001ee48
AI::Script::AI_np_follow_player,80776360,14,8001ee50
AI::Script::AI_np_tagger_random,80776308,0,80035c20
AI::Script::AI_np_tagger_random,80776308,1,8001ede8
AI::Script::AI_np_tagger_random,80776308,2,8001edf0
AI::Script::AI_np_tagger_random,80776308,3,80035c94
AI::Script::AI_np_tagger_random,80776308,4,8001ee00
AI::Script::AI_np_tagger_random,80776308,5,8001ee08
AI::Script::AI_np_tagger_random,80776308,6,80035d04
AI::Script::AI_np_tagger_random,80776308,7,8001ee18
AI::Script::AI_np_tagger_random,80776308,8,8001ee20
AI::Script::AI_np_tagger_random,80776308,9,8001ee28
AI::Script::AI_np_tagger_random,80776308,10,8001ee30
AI::Script::AI_np_tagger_random,80776308,11,8001ee38
AI::Script::AI_np_tagger_random,80776308,12,8001ee40
AI::Script::AI_np_tagger_random,80776308,13,8001ee48
AI::Script::AI_np_tagger_random,80776308,14,8001ee50
AI::Script::AI_np_type001,807762b0,0,80035d18
AI::Script::AI_np_type001,807762b0,1,80035d2c
AI::Script::AI_np_type001,807762b0,2,8001edf0
AI::Script::AI_np_type001,807762b0,3,80035eb4
AI::Script::AI_np_type001,807762b0,4,8001ee00
AI::Script::AI_np_type001,807762b0,5,8001ee08
AI::Script::AI_np_type001,807762b0,6,8001ee10
AI::Script::AI_np_type001,807762b0,7,8001ee18
AI::Script::AI_np_type001,807762b0,8,8001ee20
AI::Script::AI_np_type001,807762b0,9,8001ee28
AI::Script::AI_np_type001,807762b0,10,8001ee30
AI::Script::AI_np_type001,807762b0,11,8001ee38
AI::Script::AI_np_type001,807762b0,12,8001ee40
AI::Script::AI_np_type001,807762b0,13,8001ee48
AI::Script::AI_np_type001,807762b0,14,8001ee50
AI::Script::AI_np_type002,80776258,0,80035ee4
AI::Script::AI_np_type002,80776258,1,80036048
AI::Script::AI_np_type002,80776258,2,8001edf0
AI::Script::AI_np_type002,80776258,3,80035fd0
AI::Script::AI_np_type002,80776258,4,8001ee00
AI::Script::AI_np_type002,80776258,5,8001ee08
AI::Script::AI_np_type002,80776258,6,8001ee10
AI::Script::AI_np_type002,80776258,7,8001ee18
AI::Script::AI_np_type002,80776258,8,8001ee20
AI::Script::AI_np_type002,80776258,9,8001ee28
AI::Script::AI_np_type002,80776258,10,8001ee30
AI::Script::AI_np_type002,80776258,11,8001ee38
AI::Script::AI_np_type002,80776258,12,8001ee40
AI::Script::AI_np_type002,80776258,13,8001ee48
AI::Script::AI_np_type002,80776258,14,8001ee50
AI::Script::AI_np_type003,80776200,0,80036148
AI::Script::AI_np_type003,80776200,1,800361c0
AI::Script::AI_np_type003,80776200,2,8001edf0
AI::Script::AI_np_type003,80776200,3,800362c0
AI::Script::AI_np_type003,80776200,4,8001ee00
AI::Script::AI_np_type003,80776200,5,8001ee08
AI::Script::AI_np_type003,80776200,6,80036580
AI::Script::AI_np_type003,80776200,7,8001ee18
AI::Script::AI_np_type003,80776200,8,8001ee20
AI::Script::AI_np_type003,80776200,9,8001ee28
AI::Script::AI_np_type003,80776200,10,8001ee30
AI::Script::AI_np_type003,80776200,11,8001ee38
AI::Script::AI_np_type003,80776200,12,8001ee40
AI::Script::AI_np_type003,80776200,13,8001ee48
AI::Script::AI_np_type003,80776200,14,8001ee50
AI::Script::AI_np_type004,807761a8,0,80036600
AI::Script::AI_np_type004,807761a8,1,80036688
AI::Script::AI_np_type004,807761a8,2,8001edf0
AI::Script::AI_np_type004,807761a8,3,80036788
AI::Script::AI_np_type004,807761a8,4,8001ee00
AI::Script::AI_np_type004,807761a8,5,8001ee08
AI::Script::AI_np_type004,807761a8,6,80036a08
AI::Script::AI_np_type004,807761a8,7,8001ee18
AI::Script::AI_np_type004,807761a8,8,8001ee20
AI::Script::AI_np_type004,807761a8,9,8001ee28
AI::Script::AI_np_type004,807761a8,10,8001ee30
AI::Script::AI_np_type004,807761a8,11,8001ee38
AI::Script::AI_np_type004,807761a8,12,8001ee40
AI::Script::AI_np_type004,807761a8,13,8001ee48
AI::Script::AI_np_type004,807761a8,14,8001ee50
AI::Script::AI_np_type005,80776150,0,80036a88
AI::Script::AI_np_type005,80776150,1,8001ede8
AI::Script::AI_np_type005,80776150,2,8001edf0
AI::Script::AI_np_type005,80776150,3,80036aa8
AI::Script::AI_np_type005,80776150,4,8001ee00
AI::Script::AI_np_type005,80776150,5,8001ee08
AI::Script::AI_np_type005,80776150,6,80036b20
AI::Script::AI_np_type005,80776150,7,8001ee18
AI::Script::AI_np_type005,80776150,8,8001ee20
AI::Script::AI_np_type005,80776150,9,8001ee28
AI::Script::AI_np_type005,80776150,10,8001ee30
AI::Script::AI_np_type005,80776150,11,8001ee38
AI::Script::AI_np_type005,80776150,12,8001ee40
AI::Script::AI_np_type005,80776150,13,8001ee48
AI::Script::AI_np_type005,80776150,14,8001ee50
AI::Script::AI_np_wait_reaction,807760f8,0,80036c94
AI::Script::AI_np_wait_reaction,807760f8,1,8001ede8
AI::Script::AI_np_wait_reaction,807760f8,2,8001edf0
AI::Script::AI_np_wait_reaction,807760f8,3,80036b34
AI::Script::AI_np_wait_reaction,807760f8,4,8001ee00
AI::Script::AI_np_wait_reaction,807760f8,5,8001ee08
AI::Script::AI_np_wait_reaction,807760f8,6,80036be8
AI::Script::AI_np_wait_reaction,807760f8,7,8001ee18
AI::Script::AI_np_wait_reaction,807760f8,8,8001ee20
AI::Script::AI_np_wait_reaction,807760f8,9,8001ee28
AI::Script::AI_np_wait_reaction,807760f8,10,8001ee30
AI::Script::AI_np_wait_reaction,807760f8,11,8001ee38
AI::Script::AI_np_wait_reaction,807760f8,12,8001ee40
AI::Script::AI_np_wait_reaction,807760f8,13,8001ee48
AI::Script::AI_np_wait_reaction,807760f8,14,8001ee50
AI::Script::AI_np_wait_reaction_minus,807760a0,0,80036cc4
AI::Script::AI_np_wait_reaction_minus,807760a0,1,80036cf8
AI::Script::AI_np_wait_reaction_minus,807760a0,2,8001edf0
AI::Script::AI_np_wait_reaction_minus,807760a0,3,8001edf8
AI::Script::AI_np_wait_reaction_minus,807760a0,4,8001ee00
AI::Script::AI_np_wait_reaction_minus,807760a0,5,8001ee08
AI::Script::AI_np_wait_reaction_minus,807760a0,6,8001ee10
AI::Script::AI_np_wait_reaction_minus,807760a0,7,8001ee18
AI::Script::AI_np_wait_reaction_minus,807760a0,8,8001ee20
AI::Script::AI_np_wait_reaction_minus,807760a0,9,8001ee28
AI::Script::AI_np_wait_reaction_minus,807760a0,10,8001ee30
AI::Script::AI_np_wait_reaction_minus,807760a0,11,80036e3c
AI::Script::AI_np_wait_reaction_minus,807760a0,12,8001ee40
AI::Script::AI_np_wait_reaction_minus,807760a0,13,8001ee48
AI::Script::AI_np_wait_reaction_minus,807760a0,14,8001ee50
AI::Script::AI_np_wait_reaction_minus2,80776048,0,80036f8c
AI::Script::AI_np_wait_reaction_minus2,80776048,1,80036fcc
AI::Script::AI_np_wait_reaction_minus2,80776048,2,8001edf0
AI::Script::AI_np_wait_reaction_minus2,80776048,3,8001edf8
AI::Script::AI_np_wait_reaction_minus2,80776048,4,8001ee00
AI::Script::AI_np_wait_reaction_minus2,80776048,5,8001ee08
AI::Script::AI_np_wait_reaction_minus2,80776048,6,8001ee10
AI::Script::AI_np_wait_reaction_minus2,80776048,7,8001ee18
AI::Script::AI_np_wait_reaction_minus2,80776048,8,8001ee20
AI::Script::AI_np_wait_reaction_minus2,80776048,9,8001ee28
AI::Script::AI_np_wait_reaction_minus2,80776048,10,8001ee30
AI::Script::AI_np_wait_reaction_minus2,80776048,11,800370d4
AI::Script::AI_np_wait_reaction_minus2,80776048,12,8001ee40
AI::Script::AI_np_wait_reaction_minus2,80776048,13,8001ee48
AI::Script::AI_np_wait_reaction_minus2,80776048,14,8001ee50
AI::Script::AI_np_wait_reaction_plus,80775ff0,0,800371e0
AI::Script::AI_np_wait_reaction_plus,80775ff0,1,80037220
AI::Script::AI_np_wait_reaction_plus,80775ff0,2,8001edf0
AI::Script::AI_np_wait_reaction_plus,80775ff0,3,8001edf8
AI::Script::AI_np_wait_reaction_plus,80775ff0,4,8001ee00
AI::Script::AI_np_wait_reaction_plus,80775ff0,5,8001ee08
AI::Script::AI_np_wait_reaction_plus,80775ff0,6,8001ee10
AI::Script::AI_np_wait_reaction_plus,80775ff0,7,8001ee18
AI::Script::AI_np_wait_reaction_plus,80775ff0,8,8001ee20
AI::Script::AI_np_wait_reaction_plus,80775ff0,9,8001ee28
AI::Script::AI_np_wait_reaction_plus,80775ff0,10,8001ee30
AI::Script::AI_np_wait_reaction_plus,80775ff0,11,80037364
AI::Script::AI_np_wait_reaction_plus,80775ff0,12,8001ee40
AI::Script::AI_np_wait_reaction_plus,80775ff0,13,8001ee48
AI::Script::AI_np_wait_reaction_plus,80775ff0,14,8001ee50
AI::Script::AI_quark01,80775f98,0,800374e0
AI::Script::AI_quark01,80775f98,1,80037520
AI::Script::AI_quark01,80775f98,2,8001edf0
AI::Script::AI_quark01,80775f98,3,8001edf8
AI::Script::AI_quark01,80775f98,4,8001ee00
AI::Script::AI_quark01,80775f98,5,8001ee08
AI::Script::AI_quark01,80775f98,6,8001ee10
AI::Script::AI_quark01,80775f98,7,8001ee18
AI::Script::AI_quark01,80775f98,8,8001ee20
AI::Script::AI_quark01,80775f98,9,8001ee28
AI::Script::AI_quark01,80775f98,10,8001ee30
AI::Script::AI_quark01,80775f98,11,80037664
AI::Script::AI_quark01,80775f98,12,8001ee40
AI::Script::AI_quark01,80775f98,13,8001ee48
AI::Script::AI_quark01,80775f98,14,8001ee50
AI::Script::AI_quark02,80775f40,0,800377ac
AI::Script::AI_quark02,80775f40,1,8003806c
AI::Script::AI_quark02,80775f40,2,8001edf0
AI::Script::AI_quark02,80775f40,3,8001edf8
AI::Script::AI_quark02,80775f40,4,80037944
AI::Script::AI_quark02,80775f40,5,80037ab0
AI::Script::AI_quark02,80775f40,6,80037d20
AI::Script::AI_quark02,80775f40,7,80037854
AI::Script::AI_quark02,80775f40,8,80037c38
AI::Script::AI_quark02,80775f40,9,8001ee28
AI::Script::AI_quark02,80775f40,10,8001ee30
AI::Script::AI_quark02,80775f40,11,8001ee38
AI::Script::AI_quark02,80775f40,12,8003818c
AI::Script::AI_quark02,80775f40,13,80038338
AI::Script::AI_quark02,80775f40,14,80037fdc
AI::Script::AI_return_guard01,80775cd8,0,8003c074
AI::Script::AI_return_guard01,80775cd8,1,8003c804
AI::Script::AI_return_guard01,80775cd8,2,8001edf0
AI::Script::AI_return_guard01,80775cd8,3,8001edf8
AI::Script::AI_return_guard01,80775cd8,4,8001ee00
AI::Script::AI_return_guard01,80775cd8,5,8003c0c4
AI::Script::AI_return_guard01,80775cd8,6,8003c5a4
AI::Script::AI_return_guard01,80775cd8,7,8001ee18
AI::Script::AI_return_guard01,80775cd8,8,8003c454
AI::Script::AI_return_guard01,80775cd8,9,8001ee28
AI::Script::AI_return_guard01,80775cd8,10,8001ee30
AI::Script::AI_return_guard01,80775cd8,11,8001ee38
AI::Script::AI_return_guard01,80775cd8,12,8001ee40
AI::Script::AI_return_guard01,80775cd8,13,8001ee48
AI::Script::AI_return_guard01,80775cd8,14,8003c774
AI::Script::AI_silence_guard01,80775ee8,0,80038674
AI::Script::AI_silence_guard01,80775ee8,1,80038750
AI::Script::AI_silence_guard01,80775ee8,2,8001edf0
AI::Script::AI_silence_guard01,80775ee8,3,8001edf8
AI::Script::AI_silence_guard01,80775ee8,4,8001ee00
AI::Script::AI_silence_guard01,80775ee8,5,8001ee08
AI::Script::AI_silence_guard01,80775ee8,6,8001ee10
AI::Script::AI_silence_guard01,80775ee8,7,8001ee18
AI::Script::AI_silence_guard01,80775ee8,8,8001ee20
AI::Script::AI_silence_guard01,80775ee8,9,8001ee28
AI::Script::AI_silence_guard01,80775ee8,10,8001ee30
AI::Script::AI_silence_guard01,80775ee8,11,8001ee38
AI::Script::AI_silence_guard01,80775ee8,12,8001ee40
AI::Script::AI_silence_guard01,80775ee8,13,8001ee48
AI::Script::AI_silence_guard01,80775ee8,14,800386c0
AI::Script::AI_sword_guard01,80775e90,0,800388c4
AI::Script::AI_sword_guard01,80775e90,1,80038924
AI::Script::AI_sword_guard01,80775e90,2,8001edf0
AI::Script::AI_sword_guard01,80775e90,3,8001edf8
AI::Script::AI_sword_guard01,80775e90,4,80038a30
AI::Script::AI_sword_guard01,80775e90,5,80038ca8
AI::Script::AI_sword_guard01,80775e90,6,8001ee10
AI::Script::AI_sword_guard01,80775e90,7,80038b0c
AI::Script::AI_sword_guard01,80775e90,8,8001ee20
AI::Script::AI_sword_guard01,80775e90,9,8001ee28
AI::Script::AI_sword_guard01,80775e90,10,8001ee30
AI::Script::AI_sword_guard01,80775e90,11,8001ee38
AI::Script::AI_sword_guard01,80775e90,12,8001ee40
AI::Script::AI_sword_guard01,80775e90,13,8001ee48
AI::Script::AI_sword_guard01,80775e90,14,80038c18
AI::Script::AI_sword_leaderguard01,80775e38,0,80038d90
AI::Script::AI_sword_leaderguard01,80775e38,1,80039624
AI::Script::AI_sword_leaderguard01,80775e38,2,8001edf0
AI::Script::AI_sword_leaderguard01,80775e38,3,8001edf8
AI::Script::AI_sword_leaderguard01,80775e38,4,80038ed4
AI::Script::AI_sword_leaderguard01,80775e38,5,80039040
AI::Script::AI_sword_leaderguard01,80775e38,6,800392c8
AI::Script::AI_sword_leaderguard01,80775e38,7,80038df8
AI::Script::AI_sword_leaderguard01,80775e38,8,800391e0
AI::Script::AI_sword_leaderguard01,80775e38,9,8001ee28
AI::Script::AI_sword_leaderguard01,80775e38,10,8001ee30
AI::Script::AI_sword_leaderguard01,80775e38,11,8001ee38
AI::Script::AI_sword_leaderguard01,80775e38,12,8003975c
AI::Script::AI_sword_leaderguard01,80775e38,13,8001ee48
AI::Script::AI_sword_leaderguard01,80775e38,14,80039594
AI::Script::AI_sword_leaderguard02,80775de0,0,80039908
AI::Script::AI_sword_leaderguard02,80775de0,1,8003a0d4
AI::Script::AI_sword_leaderguard02,80775de0,2,8001edf0
AI::Script::AI_sword_leaderguard02,80775de0,3,8001edf8
AI::Script::AI_sword_leaderguard02,80775de0,4,8001ee00
AI::Script::AI_sword_leaderguard02,80775de0,5,80039950
AI::Script::AI_sword_leaderguard02,80775de0,6,80039e74
AI::Script::AI_sword_leaderguard02,80775de0,7,8001ee18
AI::Script::AI_sword_leaderguard02,80775de0,8,80039d24
AI::Script::AI_sword_leaderguard02,80775de0,9,8001ee28
AI::Script::AI_sword_leaderguard02,80775de0,10,8001ee30
AI::Script::AI_sword_leaderguard02,80775de0,11,8001ee38
AI::Script::AI_sword_leaderguard02,80775de0,12,8001ee40
AI::Script::AI_sword_leaderguard02,80775de0,13,8001ee48
AI::Script::AI_sword_leaderguard02,80775de0,14,8003a044
AI::Script::AI_sword_leaderguard03,80775d88,0,8003a580
AI::Script::AI_sword_leaderguard03,80775d88,1,8003ad38
AI::Script::AI_sword_leaderguard03,80775d88,2,8001edf0
AI::Script::AI_sword_leaderguard03,80775d88,3,8001edf8
AI::Script::AI_sword_leaderguard03,80775d88,4,8001ee00
AI::Script::AI_sword_leaderguard03,80775d88,5,8003a5c8
AI::Script::AI_sword_leaderguard03,80775d88,6,8003aad8
AI::Script::AI_sword_leaderguard03,80775d88,7,8001ee18
AI::Script::AI_sword_leaderguard03,80775d88,8,8003a988
AI::Script::AI_sword_leaderguard03,80775d88,9,8001ee28
AI::Script::AI_sword_leaderguard03,80775d88,10,8001ee30
AI::Script::AI_sword_leaderguard03,80775d88,11,8001ee38
AI::Script::AI_sword_leaderguard03,80775d88,12,8001ee40
AI::Script::AI_sword_leaderguard03,80775d88,13,8001ee48
AI::Script::AI_sword_leaderguard03,80775d88,14,8003aca8
AI::Script::AI_sword_pointguard01,80775d30,0,8003b2a4
AI::Script::AI_sword_pointguard01,80775d30,1,8003ba30
AI::Script::AI_sword_pointguard01,80775d30,2,8001edf0
AI::Script::AI_sword_pointguard01,80775d30,3,8001edf8
AI::Script::AI_sword_pointguard01,80775d30,4,8001ee00
AI::Script::AI_sword_pointguard01,80775d30,5,8003b2f4
AI::Script::AI_sword_pointguard01,80775d30,6,8003b7d0
AI::Script::AI_sword_pointguard01,80775d30,7,8001ee18
AI::Script::AI_sword_pointguard01,80775d30,8,8003b680
AI::Script::AI_sword_pointguard01,80775d30,9,8001ee28
AI::Script::AI_sword_pointguard01,80775d30,10,8001ee30
AI::Script::AI_sword_pointguard01,80775d30,11,8001ee38
AI::Script::AI_sword_pointguard01,80775d30,12,8001ee40
AI::Script::AI_sword_pointguard01,80775d30,13,8001ee48
AI::Script::AI_sword_pointguard01,80775d30,14,8003b9a0
AiTarget,80775b28,0,8001a2dc
AiTarget,80775b28,1,8001a268
BattleResult,80779cd8,0,8010d854
BattleResult,80779cd8,1,800ffb28
BattleResult,80779cd8,2,800ffb54
BattleResult,80779cd8,3,800ffb74
BattleResult,80779cd8,4,800ffbec
BattleResult,80779cd8,5,800ffb94
BattleResult,80779cd8,6,800ffc0c
BattleResult,80779cd8,7,800ffba4
BattleResult,80779cd8,8,800ffc18
BattleResult,80779cd8,9,800ffc18
BattleResult,80779cd8,10,800ffb54
BattleResult,80779cd8,11,800ffb54
BattleResult,80779cd8,12,801097fc
BattleResult,80779cd8,13,80109388
BattleResult,80779cd8,14,80109408
BattleResult,80779cd8,15,801094b0
BattleResult,80779cd8,16,801094b0
BattleResult,80779cd8,17,801094ec
BattleResult,80779cd8,18,80109558
BattleResult,80779cd8,19,80109558
BattleResult,80779cd8,20,8010955c
BattleResult,80779cd8,21,8010955c
BattleResult,80779cd8,22,8010955c
BattleResult,80779cd8,23,8010955c
BattleResult,80779cd8,24,80109598
BattleResult,80779cd8,25,80109598
BattleResult,80779cd8,26,80109628
BattleResult,80779cd8,27,80109520
BattleResult,80779cd8,28,801096c4
BattleResult,80779cd8,29,80109714
BattleResult,80779cd8,30,80109714
BattleResult,80779cd8,31,80109714
BattleResult,80779cd8,32,80109790
BattleResult,80779cd8,33,8010934c
BattleResult,80779cd8,34,8010955c
BattleResult,80779cd8,35,80109750
BattleResult,80779cd8,36,80109750
BattleResult,80779cd8,37,80109750
BattleResult,80779cd8,38,80109750
BattleResult,80779cd8,39,80109750
BattleResult,80779cd8,40,80109750
BattleResult,80779cd8,41,80109750
BattleResult,80779cd8,42,80109750
BattleResult,80779cd8,43,80109750
BookTask,8078fae8,0,80469144
BookTask,8078fae8,1,80469230
BookTask,8078fae8,2,80469494
BookTask,8078fae8,3,80469650
BookTask,8078fae8,4,80013cac
BookTask,8078fae8,5,804699a4
BootTask,80779f08,0,8010ee38
BootTask,80779f08,1,8010f30c
BootTask,80779f08,2,8010f720
BootTask,80779f08,3,8010ff74
BootTask,80779f08,4,80101330
BootTask,80779f08,5,80112218
BootTask,80779f08,6,80110768
BootTask,80779f08,7,80110760
Bullet,80779f38,0,80116eb4
Bullet,80779f38,1,80116eb0
Bullet,80779f38,2,80116ea8
CAUGHT,8077cad8,0,80180960
CAUGHT,8077cad8,1,800e2dd4
CAUGHT,8077cad8,2,801809f4
CAUGHT,8077cad8,3,80180adc
CAUGHT,8077cad8,4,80013cac
CAUGHT,8077cad8,5,800ef3e0
CAUGHT,8077cad8,6,80147b04
CAUGHT,8077cad8,7,801437d0
CAUGHT,8077cad8,8,800ef3dc
CAUGHT,8077cad8,9,800ebf1c
CAUGHT,8077cad8,10,8014bdb0
CAUGHT,8077cad8,11,8013c564
CAUGHT,8077cad8,12,800ef3d8
CAUGHT,8077cad8,13,801513d0
CAUGHT,8077cad8,14,800e854c
CAUGHT,8077cad8,15,800e8630
CAUGHT,8077cad8,16,80153004
CAUGHT,8077cad8,17,80152a24
CAUGHT,8077cad8,18,80148340
CAUGHT,8077cad8,19,801489cc
CAUGHT,8077cad8,20,800ef394
CAUGHT,8077cad8,21,801501f0
CAUGHT,8077cad8,22,800ef38c
CAUGHT,8077cad8,23,80138d70
CAUGHT,8077cad8,24,8035b8b0
CAUGHT,8077cad8,25,8035bbcc
CAUGHT,8077cad8,26,800e8fa4
CAUGHT,8077cad8,27,80155494
CAUGHT,8077cad8,28,80158d60
CAUGHT,8077cad8,29,8015dbc8
CAUGHT,8077cad8,30,801606dc
CAUGHT,8077cad8,31,80160f54
CAUGHT,8077cad8,32,80168fcc
CAUGHT,8077cad8,33,80169c0c
CAUGHT,8077cad8,34,800ef2ac
CAUGHT,8077cad8,35,800ef370
CAUGHT,8077cad8,36,80176b68
CAUGHT,8077cad8,37,80176d2c
CAUGHT,8077cad8,38,800ef368
CAUGHT,8077cad8,39,800ee494
CAUGHT,8077cad8,40,80041a20
CAUGHT,8077cad8,41,800ef324
CAUGHT,8077cad8,42,800ef31c
CAUGHT,8077cad8,43,800ef310
CAUGHT,8077cad8,44,8017b0f8
CAUGHT,8077cad8,45,800ef308
CAUGHT,8077cad8,46,800ef304
CAUGHT,8077cad8,47,8017bc58
CAUGHT,8077cad8,48,800ef2f0
CAUGHT,8077cad8,49,8017bddc
CAUGHT,8077cad8,50,8017c4c4
CAUGHT,8077cad8,51,800ef2b4
CAUGHT,8077cad8,52,8017c52c
CAUGHT,8077cad8,53,800ef270
CAUGHT,8077cad8,54,800ef080
CAUGHT,8077cad8,55,800ee4d8
CAUGHT,8077cad8,56,800eafd4
CAUGHT,8077cad8,57,800ea9d4
CAUGHT,8077cad8,58,800eacec
CAUGHT,8077cad8,59,80180594
CLEAR,8077c960,0,8017d000
CLEAR,8077c960,1,800e2dd4
CLEAR,8077c960,2,8017d0b0
CLEAR,8077c960,3,8017d138
CLEAR,8077c960,4,80013cac
CLEAR,8077c960,5,800ef3e0
CLEAR,8077c960,6,80147b04
CLEAR,8077c960,7,801437d0
CLEAR,8077c960,8,800ef3dc
CLEAR,8077c960,9,800ebf1c
CLEAR,8077c960,10,8014bdb0
CLEAR,8077c960,11,8013c564
CLEAR,8077c960,12,800ef3d8
CLEAR,8077c960,13,801513d0
CLEAR,8077c960,14,800e854c
CLEAR,8077c960,15,800e8630
CLEAR,8077c960,16,80153004
CLEAR,8077c960,17,80152a24
CLEAR,8077c960,18,80148340
CLEAR,8077c960,19,801489cc
CLEAR,8077c960,20,800ef394
CLEAR,8077c960,21,801501f0
CLEAR,8077c960,22,800ef38c
CLEAR,8077c960,23,80138d70
CLEAR,8077c960,24,8035b8b0
CLEAR,8077c960,25,8035bbcc
CLEAR,8077c960,26,800e8fa4
CLEAR,8077c960,27,80155494
CLEAR,8077c960,28,80158d60
CLEAR,8077c960,29,8015dbc8
CLEAR,8077c960,30,801606dc
CLEAR,8077c960,31,80160f54
CLEAR,8077c960,32,80168fcc
CLEAR,8077c960,33,80169c0c
CLEAR,8077c960,34,800ef2ac
CLEAR,8077c960,35,800ef370
CLEAR,8077c960,36,80176b68
CLEAR,8077c960,37,80176d2c
CLEAR,8077c960,38,800ef368
CLEAR,8077c960,39,800ee494
CLEAR,8077c960,40,80041a20
CLEAR,8077c960,41,800ef324
CLEAR,8077c960,42,800ef31c
CLEAR,8077c960,43,800ef310
CLEAR,8077c960,44,8017b0f8
CLEAR,8077c960,45,800ef308
CLEAR,8077c960,46,800ef304
CLEAR,8077c960,47,8017bc58
CLEAR,8077c960,48,800ef2f0
CLEAR,8077c960,49,8017bddc
CLEAR,8077c960,50,8017c4c4
CLEAR,8077c960,51,800ef2b4
CLEAR,8077c960,52,8017c52c
CLEAR,8077c960,53,800ef270
CLEAR,8077c960,54,800ef080
CLEAR,8077c960,55,800ee4d8
CLEAR,8077c960,56,800eafd4
CLEAR,8077c960,57,800ea9d4
CLEAR,8077c960,58,800eacec
CLEAR,8077c960,59,80180594
CharaManager<EnemyTask>,8077a1e0,0,8011ff1c
CharaManager<EnemyTask>,8077a1e0,1,8011ff74
CharaManager<EnemyTask>,8077a1e0,2,8011f6fc
CharaManager<EnemyTask>,8077a1e0,3,8011f77c
CharaManager<EnemyTask>,8077a1e0,4,80013cac
CharaManager<EnemyTask>,8077a1e0,5,8011f82c
CharaManager<NpcTask>,8077a1a0,0,8011fec0
CharaManager<NpcTask>,8077a1a0,1,8011ff18
CharaManager<NpcTask>,8077a1a0,2,8011fa18
CharaManager<NpcTask>,8077a1a0,3,8011fa98
CharaManager<NpcTask>,8077a1a0,4,80013cac
CharaManager<NpcTask>,8077a1a0,5,8011fb48
CharaManager<PlayerTask>,8077a220,0,80122ccc
CharaManager<PlayerTask>,8077a220,1,80122d14
CharaManager<PlayerTask>,8077a220,2,80122d1c
CharaManager<PlayerTask>,8077a220,3,80122d38
CharaManager<PlayerTask>,8077a220,4,80122d40
CharaManager<PlayerTask>,8077a220,5,80122d48
CharaManager<PlayerTask>,8077a220,6,80122d68
CharaManager<PlayerTask>,8077a220,7,80122d84
CharaManager<PlayerTask>,8077a220,8,80122dc0
CharaManager<PlayerTask>,8077a220,9,80122dd8
CharaManager<PlayerTask>,8077a220,10,80122de0
CharaManager<PlayerTask>,8077a220,11,80123198
CharaManager<PlayerTask>,8077a220,12,80122de8
CharaManager<PlayerTask>,8077a220,13,80122df0
CharaManager<PlayerTask>,8077a220,14,80122df8
CharaManager<PlayerTask>,8077a220,15,80122e18
CharaManager<PlayerTask>,8077a220,16,80122e34
CharaManager<PlayerTask>,8077a220,17,80122e50
CharaManager<PlayerTask>,8077a220,18,80122e98
CharaManager<PlayerTask>,8077a220,19,80122ea4
CharaManager<PlayerTask>,8077a220,20,80122f24
CharaManager<PlayerTask>,8077a220,21,80122f6c
CharaManager<PlayerTask>,8077a220,22,80122f74
CharaManager<PlayerTask>,8077a220,23,80122f7c
CharaManager<PlayerTask>,8077a220,24,80122f84
CharaManager<PlayerTask>,8077a220,25,80122f8c
CharaManager<PlayerTask>,8077a220,26,80122f94
CharaManager<PlayerTask>,8077a220,27,80122fb0
CharaManager<PlayerTask>,8077a220,28,80122fcc
CharaManager<PlayerTask>,8077a220,29,80123000
CharaManager<PlayerTask>,8077a220,30,80122fe8
CharaManager<PlayerTask>,8077a220,31,80123198
CharaManager<PlayerTask>,8077a220,32,80123198
CharaManager<PlayerTask>,8077a220,33,80123018
CharaManager<PlayerTask>,8077a220,34,80123020
CharaManager<PlayerTask>,8077a220,35,8012302c
CharaManager<PlayerTask>,8077a220,36,80123034
CharaManager<PlayerTask>,8077a220,37,8012303c
CharaManager<PlayerTask>,8077a220,38,80123044
CharaManager<PlayerTask>,8077a220,39,8012303c
CharaManager<PlayerTask>,8077a220,40,80123044
CharaManager<PlayerTask>,8077a220,41,80123064
CharaManager<PlayerTask>,8077a220,42,80123084
CharaManager<PlayerTask>,8077a220,43,80123064
CharaManager<PlayerTask>,8077a220,44,801230a4
CharaManager<PlayerTask>,8077a220,45,80123198
CharaManager<PlayerTask>,8077a220,46,801230c4
CharaManager<PlayerTask>,8077a220,47,801230e4
CharaManager<PlayerTask>,8077a220,48,80123118
CharaManager<PlayerTask>,8077a220,49,80123138
CharaManager<PlayerTask>,8077a220,50,80123158
CharaManager<PlayerTask>,8077a220,51,80123178
CharaManager<PlayerTask>,8077a220,52,80123224
CharaManager<PlayerTask>,8077a220,53,801237a0
CharaManager<PlayerTask>,8077a220,54,801237a0
CharaManager<PlayerTask>,8077a220,55,8012323c
CharaManager<PlayerTask>,8077a220,56,80123684
CharaManager<PlayerTask>,8077a220,57,801237a0
CharaManager<PlayerTask>,8077a220,58,801237a0
CharaManager<PlayerTask>,8077a220,59,80123468
CharaManager<PlayerTask>,8077a220,60,801234bc
CharaManager<PlayerTask>,8077a220,61,801234e0
CharaManager<PlayerTask>,8077a220,62,801237a0
CharaManager<PlayerTask>,8077a220,63,801237a0
CharaManager<PlayerTask>,8077a220,64,80123720
CharaManager<PlayerTask>,8077a220,65,801237a0
CharaManager<PlayerTask>,8077a220,66,801232ac
CharaManager<PlayerTask>,8077a220,67,801237a0
CharaManager<PlayerTask>,8077a220,68,801237a0
CharaManager<PlayerTask>,8077a220,69,801237a0
CharaManager<PlayerTask>,8077a220,70,8012331c
CharaManager<PlayerTask>,8077a220,71,801237a0
CharaManager<PlayerTask>,8077a220,72,801237a0
CharaManager<PlayerTask>,8077a220,73,801237a0
CharaManager<PlayerTask>,8077a220,74,801237a0
CharaManager<PlayerTask>,8077a220,75,801237a0
CharaManager<PlayerTask>,8077a220,76,801237a0
CharaManager<PlayerTask>,8077a220,77,801237a0
CharaManager<PlayerTask>,8077a220,78,801237a0
CharaManager<PlayerTask>,8077a220,79,801237a0
CharaManager<PlayerTask>,8077a220,80,80123520
CharaManager<PlayerTask>,8077a220,81,801235c0
CharaManager<PlayerTask>,8077a220,82,801237a0
CharaManager<PlayerTask>,8077a220,83,80123654
CharaManager<PlayerTask>,8077a220,84,8012323c
CharaManager<PlayerTask>,8077a220,85,801237a0
CharaManager<PlayerTask>,8077a220,86,801237a0
CharaManager<PlayerTask>,8077a220,87,80123750
CharaManager<PlayerTask>,8077a220,88,80123750
CharaManager<PlayerTask>,8077a220,89,801237a0
CharaManager<PlayerTask>,8077a220,90,801237a0
CharaManager<PlayerTask>,8077a220,91,80123788
CharaManager<PlayerTask>,8077a220,92,801237a0
CharaManager<PlayerTask>,8077a220,93,80123788
CharaManager<PlayerTask>,8077a220,94,801237a0
CharaManager<PlayerTask>,8077a220,95,801236e8
ChaseManager,8077cc40,0,80183b2c
ChaseManager,8077cc40,1,80183c54
ChaseManager,8077cc40,2,80183c58
ChaseManager,8077cc40,3,80183cfc
ChaseManager,8077cc40,4,80013cac
ChaserNpc,8077cc08,0,801825f0
ChaserNpc,8077cc08,1,80182918
ChaserNpc,8077cc08,2,801829b4
ChaserNpc,8077cc08,3,80183584
ChaserNpc,8077cc08,4,80013cac
ColliAttrManager,8077cc78,0,80188090
ColliAttrManager,8077cc78,1,80187e2c
ColliAttrManager,8077cc78,2,80192758
ColliAttrManager,8077cc78,3,80192578
ColliAttrManager,8077cc78,4,80192590
ColliAttrManager,8077cc78,5,80187ff4
ColliAttrManager,8077cc78,6,80158c9c
ColliAttrManager,8077cc78,7,80158d58
ColliAttrManager,8077cc78,8,80158e14
ColliAttrManager,8077cc78,9,800fcd1c
ColliAttrManager,8077cc78,10,800e60fc
ColliAttrManager,8077cc78,11,8017a220
ColliAttrManager,8077cc78,12,8017a2f8
ColliAttrManager,8077cc78,13,801446e8
ColliAttrManager,8077cc78,14,80147a0c
ColliAttrManager,8077cc78,15,80188088
ColliAttrManager,8077cc78,16,80188080
ColliAttrManager,8077cc78,17,80188064
ColliAttrManager,8077cc78,18,800ee5a4
ColliAttrManager,8077cc78,19,80151180
ColliAttrManager,8077cc78,20,80147a10
ColliAttrManager,8077cc78,21,80188060
CopyRobotTask,80782600,0,801cd184
CopyRobotTask,80782600,1,80510080
CopyRobotTask,80782600,2,801cd210
CopyRobotTask,80782600,3,801cdd2c
CopyRobotTask,80782600,4,80013cac
CopyRobotTask,80782600,5,801cfc44
CopyRobotTask,80782600,6,801cd5a4
CopyRobotTask,80782600,7,801cfc40
CopyRobotTask,80782600,8,801cfc3c
CopyRobotTask,80782600,9,801cfc54
CopyRobotTask,80782600,10,801cfc38
CopyRobotTask,80782600,11,801cfc4c
CopyRobotTask,80782600,12,801cfc30
CopyRobotTask,80782600,13,8051120c
CopyRobotTask,80782600,14,801cfacc
CopyRobotTask,80782600,15,80511718
CopyRobotTask,80782600,16,805117c0
CopyRobotTask,80782600,17,801cfc28
CopyRobotTask,80782600,18,80510130
CopyRobotTask,80782600,19,80510100
CopyRobotTask,80782600,20,80510724
CopyRobotTask,80782600,21,80510568
CopyRobotTask,80782600,22,805109d0
CopyRobotTask,80782600,23,801cdd98
CopyRobotTask,80782600,24,801cd644
CopyRobotTask,80782600,25,801ce144
CopyRobotTask,80782600,26,801cfc48
CopyRobotTask,80782600,27,801ce634
CrowdManager,80782a10,0,801ebd80
CrowdManager,80782a10,1,801ebe34
CrowdManager,80782a10,2,801ebe38
CrowdManager,80782a10,3,801ec154
CrowdManager,80782a10,4,80013cac
CrowdSimulation,80782a48,0,801ec6c0
CrowdSimulation,80782a48,1,801edccc
CrowdSimulation,80782a48,2,801edcc8
CrowdSimulation,80782a48,3,801ed90c
CrowdSimulation,80782a48,4,801edc74
CrowdSimulation,80782a48,5,801edcc0
CrowdSimulation,80782a48,6,801edcbc
END,8077cadc,0,800e2dd4
END,8077cadc,1,801809f4
END,8077cadc,2,80180adc
END,8077cadc,3,80013cac
END,8077cadc,4,800ef3e0
END,8077cadc,5,80147b04
END,8077cadc,6,801437d0
END,8077cadc,7,800ef3dc
END,8077cadc,8,800ebf1c
END,8077cadc,9,8014bdb0
END,8077cadc,10,8013c564
END,8077cadc,11,800ef3d8
END,8077cadc,12,801513d0
END,8077cadc,13,800e854c
END,8077cadc,14,800e8630
END,8077cadc,15,80153004
END,8077cadc,16,80152a24
END,8077cadc,17,80148340
END,8077cadc,18,801489cc
END,8077cadc,19,800ef394
END,8077cadc,20,801501f0
END,8077cadc,21,800ef38c
END,8077cadc,22,80138d70
END,8077cadc,23,8035b8b0
END,8077cadc,24,8035bbcc
END,8077cadc,25,800e8fa4
END,8077cadc,26,80155494
END,8077cadc,27,80158d60
END,8077cadc,28,8015dbc8
END,8077cadc,29,801606dc
END,8077cadc,30,80160f54
END,8077cadc,31,80168fcc
END,8077cadc,32,80169c0c
END,8077cadc,33,800ef2ac
END,8077cadc,34,800ef370
END,8077cadc,35,80176b68
END,8077cadc,36,80176d2c
END,8077cadc,37,800ef368
END,8077cadc,38,800ee494
END,8077cadc,39,80041a20
END,8077cadc,40,800ef324
END,8077cadc,41,800ef31c
END,8077cadc,42,800ef310
END,8077cadc,43,8017b0f8
END,8077cadc,44,800ef308
END,8077cadc,45,800ef304
END,8077cadc,46,8017bc58
END,8077cadc,47,800ef2f0
END,8077cadc,48,8017bddc
END,8077cadc,49,8017c4c4
END,8077cadc,50,800ef2b4
END,8077cadc,51,8017c52c
END,8077cadc,52,800ef270
END,8077cadc,53,800ef080
END,8077cadc,54,800ee4d8
END,8077cadc,55,800eafd4
END,8077cadc,56,800ea9d4
END,8077cadc,57,800eacec
END,8077cadc,58,80180594
Em002Skelton,807841d0,0,8024b88c
Em002Skelton,807841d0,1,8024bbdc
Em002Skelton,807841d0,2,8024bbdc
Em002Skelton,807841d0,3,8024bbdc
Em002Skelton,807841d0,4,8024b8a4
Em002Skelton,807841d0,5,8024b8b0
Em002Skelton,807841d0,6,8024b8bc
Em002Skelton,807841d0,7,8024b8c8
Em002Skelton,807841d0,8,8024bac8
Em002Skelton,807841d0,9,8024bbdc
Em002Skelton,807841d0,10,8024bb94
Em002_01BlackSkelton,80783f70,0,80249f98
Em002_01BlackSkelton,80783f70,1,80248f08
Em002_01BlackSkelton,80783f70,2,80249004
Em002_01BlackSkelton,80783f70,3,800e41fc
Em002_01BlackSkelton,80783f70,4,80013cac
Em002_01BlackSkelton,80783f70,5,800ef3e0
Em002_01BlackSkelton,80783f70,6,80249d40
Em002_01BlackSkelton,80783f70,7,801437d0
Em002_01BlackSkelton,80783f70,8,800ef3dc
Em002_01BlackSkelton,80783f70,9,800ebf1c
Em002_01BlackSkelton,80783f70,10,8014bdb0
Em002_01BlackSkelton,80783f70,11,8013c564
Em002_01BlackSkelton,80783f70,12,800ef3d8
Em002_01BlackSkelton,80783f70,13,80249c14
Em002_01BlackSkelton,80783f70,14,800e854c
Em002_01BlackSkelton,80783f70,15,800e8630
Em002_01BlackSkelton,80783f70,16,80153004
Em002_01BlackSkelton,80783f70,17,80152a24
Em002_01BlackSkelton,80783f70,18,80148340
Em002_01BlackSkelton,80783f70,19,801489cc
Em002_01BlackSkelton,80783f70,20,800ef394
Em002_01BlackSkelton,80783f70,21,801501f0
Em002_01BlackSkelton,80783f70,22,800ef38c
Em002_01BlackSkelton,80783f70,23,80138d70
Em002_01BlackSkelton,80783f70,24,8035b8b0
Em002_01BlackSkelton,80783f70,25,8035bbcc
Em002_01BlackSkelton,80783f70,26,800e8fa4
Em002_01BlackSkelton,80783f70,27,80155494
Em002_01BlackSkelton,80783f70,28,80158d60
Em002_01BlackSkelton,80783f70,29,8015dbc8
Em002_01BlackSkelton,80783f70,30,801606dc
Em002_01BlackSkelton,80783f70,31,80160f54
Em002_01BlackSkelton,80783f70,32,80168fcc
Em002_01BlackSkelton,80783f70,33,80169c0c
Em002_01BlackSkelton,80783f70,34,800ef2ac
Em002_01BlackSkelton,80783f70,35,800ef370
Em002_01BlackSkelton,80783f70,36,80176b68
Em002_01BlackSkelton,80783f70,37,80176d2c
Em002_01BlackSkelton,80783f70,38,800ef368
Em002_01BlackSkelton,80783f70,39,800ee494
Em002_01BlackSkelton,80783f70,40,80041a20
Em002_01BlackSkelton,80783f70,41,800ef324
Em002_01BlackSkelton,80783f70,42,800ef31c
Em002_01BlackSkelton,80783f70,43,800ef310
Em002_01BlackSkelton,80783f70,44,8017b0f8
Em002_01BlackSkelton,80783f70,45,800ef308
Em002_01BlackSkelton,80783f70,46,800ef304
Em002_01BlackSkelton,80783f70,47,8017bc58
Em002_01BlackSkelton,80783f70,48,800ef2f0
Em002_01BlackSkelton,80783f70,49,8017bddc
Em002_01BlackSkelton,80783f70,50,8017c4c4
Em002_01BlackSkelton,80783f70,51,800ef2b4
Em002_01BlackSkelton,80783f70,52,8017c52c
Em002_01BlackSkelton,80783f70,53,800ef270
Em002_01BlackSkelton,80783f70,54,800ef080
Em002_01BlackSkelton,80783f70,55,800ee4d8
Em002_01BlackSkelton,80783f70,56,800eafd4
Em002_01BlackSkelton,80783f70,57,800ea9d4
Em002_01BlackSkelton,80783f70,58,800eacec
Em002_01BlackSkelton,80783f70,59,80180594
Em002_02SkeltonKing,807840a0,0,8024a090
Em002_02SkeltonKing,807840a0,1,8024a134
Em002_02SkeltonKing,807840a0,2,800ef3e8
Em002_02SkeltonKing,807840a0,3,800e41fc
Em002_02SkeltonKing,807840a0,4,80013cac
Em002_02SkeltonKing,807840a0,5,800ef3e0
Em002_02SkeltonKing,807840a0,6,80147b04
Em002_02SkeltonKing,807840a0,7,801437d0
Em002_02SkeltonKing,807840a0,8,800ef3dc
Em002_02SkeltonKing,807840a0,9,800ebf1c
Em002_02SkeltonKing,807840a0,10,8014bdb0
Em002_02SkeltonKing,807840a0,11,8013c564
Em002_02SkeltonKing,807840a0,12,800ef3d8
Em002_02SkeltonKing,807840a0,13,801513d0
Em002_02SkeltonKing,807840a0,14,800e854c
Em002_02SkeltonKing,807840a0,15,8024a608
Em002_02SkeltonKing,807840a0,16,80153004
Em002_02SkeltonKing,807840a0,17,80152a24
Em002_02SkeltonKing,807840a0,18,80148340
Em002_02SkeltonKing,807840a0,19,801489cc
Em002_02SkeltonKing,807840a0,20,800ef394
Em002_02SkeltonKing,807840a0,21,801501f0
Em002_02SkeltonKing,807840a0,22,800ef38c
Em002_02SkeltonKing,807840a0,23,80138d70
Em002_02SkeltonKing,807840a0,24,8035b8b0
Em002_02SkeltonKing,807840a0,25,8035bbcc
Em002_02SkeltonKing,807840a0,26,800e8fa4
Em002_02SkeltonKing,807840a0,27,80155494
Em002_02SkeltonKing,807840a0,28,80158d60
Em002_02SkeltonKing,807840a0,29,8015dbc8
Em002_02SkeltonKing,807840a0,30,801606dc
Em002_02SkeltonKing,807840a0,31,80160f54
Em002_02SkeltonKing,807840a0,32,80168fcc
Em002_02SkeltonKing,807840a0,33,80169c0c
Em002_02SkeltonKing,807840a0,34,800ef2ac
Em002_02SkeltonKing,807840a0,35,800ef370
Em002_02SkeltonKing,807840a0,36,80176b68
Em002_02SkeltonKing,807840a0,37,80176d2c
Em002_02SkeltonKing,807840a0,38,800ef368
Em002_02SkeltonKing,807840a0,39,800ee494
Em002_02SkeltonKing,807840a0,40,80041a20
Em002_02SkeltonKing,807840a0,41,800ef324
Em002_02SkeltonKing,807840a0,42,800ef31c
Em002_02SkeltonKing,807840a0,43,800ef310
Em002_02SkeltonKing,807840a0,44,8017b0f8
Em002_02SkeltonKing,807840a0,45,800ef308
Em002_02SkeltonKing,807840a0,46,800ef304
Em002_02SkeltonKing,807840a0,47,8017bc58
Em002_02SkeltonKing,807840a0,48,800ef2f0
Em002_02SkeltonKing,807840a0,49,8017bddc
Em002_02SkeltonKing,807840a0,50,8017c4c4
Em002_02SkeltonKing,807840a0,51,800ef2b4
Em002_02SkeltonKing,807840a0,52,8017c52c
Em002_02SkeltonKing,807840a0,53,800ef270
Em002_02SkeltonKing,807840a0,54,800ef080
Em002_02SkeltonKing,807840a0,55,800ee4d8
Em002_02SkeltonKing,807840a0,56,8024a1e0
Em002_02SkeltonKing,807840a0,57,800ea9d4
Em002_02SkeltonKing,807840a0,58,8024a4a0
Em002_02SkeltonKing,807840a0,59,80180594
Em003LesserDaemon,80784338,0,802544f0
Em003LesserDaemon,80784338,1,80253f00
Em003LesserDaemon,80784338,2,80192758
Em003LesserDaemon,80784338,3,80192578
Em003LesserDaemon,80784338,4,80192590
Em003LesserDaemon,80784338,5,800e70a8
Em003LesserDaemon,80784338,6,80158c9c
Em003LesserDaemon,80784338,7,80158d58
Em003LesserDaemon,80784338,8,80158e14
Em003LesserDaemon,80784338,9,800fcd1c
Em003LesserDaemon,80784338,10,800e60fc
Em003LesserDaemon,80784338,11,8017a220
Em003LesserDaemon,80784338,12,8017a2f8
Em003LesserDaemon,80784338,13,801446e8
Em003LesserDaemon,80784338,14,80147a0c
Em003LesserDaemon,80784338,15,80188088
Em003LesserDaemon,80784338,16,80188080
Em003LesserDaemon,80784338,17,80188064
Em003LesserDaemon,80784338,18,800ee5a4
Em003LesserDaemon,80784338,19,80151180
Em003LesserDaemon,80784338,20,80147a10
Em003LesserDaemon,80784338,21,80188060
Em005DoppelGanger,807844e0,0,80254648
Em005DoppelGanger,807844e0,1,802546cc
Em005DoppelGanger,807844e0,2,802548c8
Em005DoppelGanger,807844e0,3,80254b94
Em005DoppelGanger,807844e0,4,80013cac
Em005DoppelGanger,807844e0,5,800ef3e0
Em005DoppelGanger,807844e0,6,80147b04
Em005DoppelGanger,807844e0,7,8025589c
Em005DoppelGanger,807844e0,8,800ef3dc
Em005DoppelGanger,807844e0,9,800ebf1c
Em005DoppelGanger,807844e0,10,8014bdb0
Em005DoppelGanger,807844e0,11,8013c564
Em005DoppelGanger,807844e0,12,800ef3d8
Em005DoppelGanger,807844e0,13,805a4018
Em005DoppelGanger,807844e0,14,80254c9c
Em005DoppelGanger,807844e0,15,800e8630
Em005DoppelGanger,807844e0,16,80153004
Em005DoppelGanger,807844e0,17,80152a24
Em005DoppelGanger,807844e0,18,80148340
Em005DoppelGanger,807844e0,19,801489cc
Em005DoppelGanger,807844e0,20,800ef394
Em005DoppelGanger,807844e0,21,801501f0
Em005DoppelGanger,807844e0,22,800ef38c
Em005DoppelGanger,807844e0,23,80138d70
Em005DoppelGanger,807844e0,24,8035b8b0
Em005DoppelGanger,807844e0,25,8035bbcc
Em005DoppelGanger,807844e0,26,800e8fa4
Em005DoppelGanger,807844e0,27,80155494
Em005DoppelGanger,807844e0,28,80158d60
Em005DoppelGanger,807844e0,29,8015dbc8
Em005DoppelGanger,807844e0,30,801606dc
Em005DoppelGanger,807844e0,31,80160f54
Em005DoppelGanger,807844e0,32,80168fcc
Em005DoppelGanger,807844e0,33,80169c0c
Em005DoppelGanger,807844e0,34,800ef2ac
Em005DoppelGanger,807844e0,35,800ef370
Em005DoppelGanger,807844e0,36,80176b68
Em005DoppelGanger,807844e0,37,80176d2c
Em005DoppelGanger,807844e0,38,800ef368
Em005DoppelGanger,807844e0,39,800ee494
Em005DoppelGanger,807844e0,40,80041a20
Em005DoppelGanger,807844e0,41,800ef324
Em005DoppelGanger,807844e0,42,800ef31c
Em005DoppelGanger,807844e0,43,800ef310
Em005DoppelGanger,807844e0,44,8017b0f8
Em005DoppelGanger,807844e0,45,800ef308
Em005DoppelGanger,807844e0,46,800ef304
Em005DoppelGanger,807844e0,47,8017bc58
Em005DoppelGanger,807844e0,48,800ef2f0
Em005DoppelGanger,807844e0,49,8017bddc
Em005DoppelGanger,807844e0,50,8017c4c4
Em005DoppelGanger,807844e0,51,800ef2b4
Em005DoppelGanger,807844e0,52,8017c52c
Em005DoppelGanger,807844e0,53,800ef270
Em005DoppelGanger,807844e0,54,800ef080
Em005DoppelGanger,807844e0,55,800ee4d8
Em005DoppelGanger,807844e0,56,800eafd4
Em005DoppelGanger,807844e0,57,800ea9d4
Em005DoppelGanger,807844e0,58,800eacec
Em005DoppelGanger,807844e0,59,80180594
Em005DoppelGanger,807844e0,60,805a3f5c
Em005DoppelGanger,807844e0,61,80254f24
Em005DoppelGanger,807844e0,62,80254f6c
Em005DoppelGanger,807844e0,63,80255224
Em005DoppelGanger,807844e0,64,80255458
Em005DoppelGanger,807844e0,65,80254b98
Em005DoppelGanger,807844e0,66,805a4f5c
Em005DoppelGanger,807844e0,67,805a4f70
Em005DoppelGanger,807844e0,68,805a4f84
Em101ElderZesyaSecond,80784908,0,8025d8dc
Em101ElderZesyaSecond,80784908,1,8025d8dc
Em101ElderZesyaSecond,80784908,2,8025d8dc
Em101ElderZesyaSecond,80784908,3,8025d8dc
Em101ElderZesyaSecond,80784908,4,8025d8dc
Em101ElderZesyaSecond,80784908,5,8025d8dc
Em101ElderZesyaSecond,80784908,6,8025d8b8
Em101ElderZesyaSecond,80784908,7,8025d894
Em101ElderZesyaSecond,80784908,8,8025d8c4
Em101ElderZesyaSecond,80784908,9,8025d888
Em101ElderZesyaSecond,80784908,10,8025d8a0
Em101ElderZesyaSecond,80784908,11,8025d8ac
Em101ElderZesyaSecond,80784908,12,8025d8d0
Em101LittleZesya,80784a80,0,800e6104
Em101LittleZesya,80784a80,1,80260de4
Em101LittleZesya,80784a80,2,80260664
Em101LittleZesya,80784a80,3,80260d88
Em101LittleZesya,80784a80,4,80260de4
Em101LittleZesya,80784a80,5,80260de4
Em101LittleZesya,80784a80,6,80260de4
Em101LittleZesya,80784a80,7,802607d4
Em101LittleZesya,80784a80,8,802607e0
Em101LittleZesya,80784a80,9,80260a90
Em101LittleZesya,80784a80,10,80260c1c
Em101LittleZesya,80784a80,11,80260ca0
Em101LittleZesya,80784a80,12,802608a8
Em101LittleZesya,80784a80,13,802608b4
Em101LittleZesyaSecond,80784bf0,0,80262c40
Em101LittleZesyaSecond,80784bf0,1,80262cf8
Em101LittleZesyaSecond,80784bf0,2,80262fb4
Em101LittleZesyaSecond,80784bf0,3,8026357c
Em101LittleZesyaSecond,80784bf0,4,80013cac
Em101LittleZesyaSecond,80784bf0,5,800ef3e0
Em101LittleZesyaSecond,80784bf0,6,80147b04
Em101LittleZesyaSecond,80784bf0,7,801437d0
Em101LittleZesyaSecond,80784bf0,8,800ef3dc
Em101LittleZesyaSecond,80784bf0,9,800ebf1c
Em101LittleZesyaSecond,80784bf0,10,8014bdb0
Em101LittleZesyaSecond,80784bf0,11,8013c564
Em101LittleZesyaSecond,80784bf0,12,800ef3d8
Em101LittleZesyaSecond,80784bf0,13,80263580
Em101LittleZesyaSecond,80784bf0,14,802639c8
Em101LittleZesyaSecond,80784bf0,15,800e8630
Em101LittleZesyaSecond,80784bf0,16,80153004
Em101LittleZesyaSecond,80784bf0,17,80152a24
Em101LittleZesyaSecond,80784bf0,18,80148340
Em101LittleZesyaSecond,80784bf0,19,801489cc
Em101LittleZesyaSecond,80784bf0,20,800ef394
Em101LittleZesyaSecond,80784bf0,21,801501f0
Em101LittleZesyaSecond,80784bf0,22,800ef38c
Em101LittleZesyaSecond,80784bf0,23,80138d70
Em101LittleZesyaSecond,80784bf0,24,8035b8b0
Em101LittleZesyaSecond,80784bf0,25,8035bbcc
Em101LittleZesyaSecond,80784bf0,26,800e8fa4
Em101LittleZesyaSecond,80784bf0,27,80155494
Em101LittleZesyaSecond,80784bf0,28,80158d60
Em101LittleZesyaSecond,80784bf0,29,8015dbc8
Em101LittleZesyaSecond,80784bf0,30,801606dc
Em101LittleZesyaSecond,80784bf0,31,80160f54
Em101LittleZesyaSecond,80784bf0,32,80168fcc
Em101LittleZesyaSecond,80784bf0,33,80169c0c
Em101LittleZesyaSecond,80784bf0,34,800ef2ac
Em101LittleZesyaSecond,80784bf0,35,800ef370
Em101LittleZesyaSecond,80784bf0,36,80176b68
Em101LittleZesyaSecond,80784bf0,37,80176d2c
Em101LittleZesyaSecond,80784bf0,38,800ef368
Em101LittleZesyaSecond,80784bf0,39,800ee494
Em101LittleZesyaSecond,80784bf0,40,80041a20
Em101LittleZesyaSecond,80784bf0,41,800ef324
Em101LittleZesyaSecond,80784bf0,42,800ef31c
Em101LittleZesyaSecond,80784bf0,43,800ef310
Em101LittleZesyaSecond,80784bf0,44,8017b0f8
Em101LittleZesyaSecond,80784bf0,45,800ef308
Em101LittleZesyaSecond,80784bf0,46,800ef304
Em101LittleZesyaSecond,80784bf0,47,8017bc58
Em101LittleZesyaSecond,80784bf0,48,800ef2f0
Em101LittleZesyaSecond,80784bf0,49,8017bddc
Em101LittleZesyaSecond,80784bf0,50,8017c4c4
Em101LittleZesyaSecond,80784bf0,51,800ef2b4
Em101LittleZesyaSecond,80784bf0,52,8017c52c
Em101LittleZesyaSecond,80784bf0,53,800ef270
Em101LittleZesyaSecond,80784bf0,54,800ef080
Em101LittleZesyaSecond,80784bf0,55,800ee4d8
Em101LittleZesyaSecond,80784bf0,56,800eafd4
Em101LittleZesyaSecond,80784bf0,57,800ea9d4
Em101LittleZesyaSecond,80784bf0,58,800eacec
Em101LittleZesyaSecond,80784bf0,59,80180594
Em201ZanGurg,80784d20,0,80265e48
Em201ZanGurg,80784d20,1,80265e54
Em201ZanGurg,80784d20,2,80265e60
Em201ZanGurg,80784d20,3,80265e6c
Em201ZanGurg,80784d20,4,80265e78
Em201ZanGurg,80784d20,5,80265e84
Em201ZanGurg,80784d20,6,80265e90
Em201ZanGurg,80784d20,7,80265ecc
Em201ZanGurg,80784d20,8,80265ea8
Em201ZanGurg,80784d20,9,80265eb4
Em201ZanGurg,80784d20,10,80265ec0
Em201ZanGurg,80784d20,11,80265ef8
Em201ZanGurg,80784d20,12,80265f04
Em201ZanGurg,80784d20,13,80265f10
Em201ZanGurg,80784d20,14,80265f1c
Em201ZanGurg,80784d20,15,80265f28
Em201ZanGurg,80784d20,16,80265f34
Em201ZanGurgFinal,80784f00,0,80270284
Em201ZanGurgFinal,80784f00,1,80270364
Em201ZanGurgFinal,80784f00,2,80270364
Em201ZanGurgFinal,80784f00,3,80270364
Em201ZanGurgFinal,80784f00,4,802700bc
Em201ZanGurgFinal,80784f00,5,80270364
Em201ZanGurgFinal,80784f00,6,80270188
Em201ZanGurgFinal,80784f00,7,80270364
Em201ZanGurgFinal,80784f00,8,8027024c
Em201ZanGurgFinal,80784f00,9,8027029c
Em201ZanGurgFinal,80784f00,10,80270258
Em201ZanGurgFinal,80784f00,11,802702a8
Em201ZanGurgFinal,80784f00,12,80270310
Em202ForestSpider,80785288,0,8027a938
Em202ForestSpider,80785288,1,8027a980
Em202ForestSpider,80785288,2,8027a980
Em202ForestSpider,80785288,3,8027a980
Em202ForestSpider,80785288,4,8027a980
Em202ForestSpider,80785288,5,8027a818
Em202ForestSpider,80785288,6,8027a830
Em202ForestSpider,80785288,7,8027a848
Em202ForestSpider,80785288,8,8027a860
Em202ForestSpider,80785288,9,8027a878
Em202ForestSpider,80785288,10,8027a890
Em202ForestSpider,80785288,11,8027a8c0
Em202ForestSpider,80785288,12,8027a8d8
Em202ForestSpider,80785288,13,8027a8f0
Em202ForestSpider,80785288,14,8027a8a8
Em202ForestSpider,80785288,15,8027a950
Em202ForestSpider,80785288,16,8027a968
Em202ForestSpider,80785288,17,8027a908
Em202ForestSpider,80785288,18,8027a920
Em202MothersSpider,807854a8,0,8027db48
Em202MothersSpider,807854a8,1,8027dc00
Em202MothersSpider,807854a8,2,8027dcb8
Em202MothersSpider,807854a8,3,8027dcc4
Em202MothersSpider,807854a8,4,8027de68
Em202MothersSpider,807854a8,5,8027dcd0
Em202MothersSpider,807854a8,6,8027dd80
Em202MothersSpider,807854a8,7,8027de8c
Em202MothersSpider,807854a8,8,8027de74
Em202MothersSpider,807854a8,9,8027de98
Em202MothersSpider,807854a8,10,8027df00
Em202Spider,80785628,0,80283974
Em202Spider,80785628,1,80283be4
Em202Spider,80785628,2,80283be4
Em202Spider,80785628,3,80283be4
Em202Spider,80785628,4,80283be4
Em202Spider,80785628,5,802838c8
Em202Spider,80785628,6,80283968
Em202Spider,80785628,7,8028398c
Em202Spider,80785628,8,80283998
Em202Spider,80785628,9,802839a4
Em202Spider,80785628,10,802839b0
Em202Spider,80785628,11,802839bc
Em202Spider,80785628,12,80283ae0
Em202Spider,80785628,13,80283b6c
Em202SpiderBase,80785798,0,80288efc
Em202SpiderBase,80785798,1,80288f08
Em202SpiderBase,80785798,2,80288f20
Em202SpiderBase,80785798,3,80288f2c
Em202SpiderBase,80785798,4,80288f38
Em202SpiderBase,80785798,5,80288f74
Em202SpiderBase,80785798,6,80288f44
Em202SpiderBase,80785798,7,80288f5c
Em202SpiderBase,80785798,8,80289368
Em202SpiderBase,80785798,9,802896d4
Em202SpiderBase,80785798,10,802896e0
Em202SpiderBase,80785798,11,802896ec
Em202SpiderBase,80785798,12,80288f14
Em202_01_BSpider,80785070,0,80273e14
Em202_01_BSpider,80785070,1,80273e5c
Em202_01_BSpider,80785070,2,80273e5c
Em202_01_BSpider,80785070,3,80273e5c
Em202_01_BSpider,80785070,4,80273e5c
Em202_01_BSpider,80785070,5,80273d24
Em202_01_BSpider,80785070,6,80273d3c
Em202_01_BSpider,80785070,7,80273d54
Em202_01_BSpider,80785070,8,80273d6c
Em202_01_BSpider,80785070,9,80273d84
Em202_01_BSpider,80785070,10,80273d9c
Em202_01_BSpider,80785070,11,80273dcc
Em202_01_BSpider,80785070,12,80273de4
Em202_01_BSpider,80785070,13,80273dfc
Em202_01_BSpider,80785070,14,80273db4
Em202_01_BSpider,80785070,15,80273e2c
Em202_01_BSpider,80785070,16,80273e44
Em203GreaterDaemon,80785908,0,80294e28
Em203GreaterDaemon,80785908,1,80294e28
Em203GreaterDaemon,80785908,2,80294e04
Em203GreaterDaemon,80785908,3,80294e28
Em203GreaterDaemon,80785908,4,80294e28
Em203GreaterDaemon,80785908,5,80294e28
Em203GreaterDaemon,80785908,6,80294a54
Em203GreaterDaemon,80785908,7,80294a54
Em203GreaterDaemon,80785908,8,80294af8
Em203GreaterDaemon,80785908,9,80294aec
Em203GreaterDaemon,80785908,10,80294b0c
Em203GreaterDaemon,80785908,11,80294b18
Em203GreaterDaemon,80785908,12,80294b6c
Em203GreaterDaemon,80785908,13,80294dc8
Em203GreaterDaemon,80785908,14,80294b24
Em203GreaterDaemon,80785908,15,80294b3c
Em203GreaterDaemon,80785908,16,80294b54
Em203GreaterDaemon,80785908,17,80294dd4
Em203GreaterDaemon,80785908,18,80294e28
Em203GreaterDaemon,80785908,19,80294de0
Em203GreaterDaemon,80785908,20,80294dec
Em203GreaterDaemon,80785908,21,80294df8
Em203GreaterDaemon,80785908,22,80294ec8
Em203GreaterDaemon,80785908,23,80294e1c
Em204Mulue,80785e50,0,802af1e4
Em204Mulue,80785e50,1,802af248
Em204Mulue,80785e50,2,802af248
Em204Mulue,80785e50,3,802af248
Em204Mulue,80785e50,4,802aebd8
Em204Mulue,80785e50,5,802aec14
Em204Mulue,80785e50,6,802aec7c
Em204Mulue,80785e50,7,802aecfc
Em204Mulue,80785e50,8,802aee00
Em204Mulue,80785e50,9,802aee80
Em204Mulue,80785e50,10,802aef28
Em204Mulue,80785e50,11,802aefd0
Em204Mulue,80785e50,12,802af050
Em204Mulue,80785e50,13,802af7a8
Em204Mulue,80785e50,14,802af7a8
Em204Mulue,80785e50,15,802af764
Em204Mulue,80785e50,16,802af7a8
Em204Mulue,80785e50,17,802af7a8
Em204Mulue,80785e50,18,802af7a8
Em204Mulue,80785e50,19,802af32c
Em204Mulue,80785e50,20,802af378
Em204Mulue,80785e50,21,802af48c
Em204Mulue,80785e50,22,802af604
Em204Mulue,80785e50,23,802af604
Em204Mulue,80785e50,24,802af66c
Em204Mulue,80785e50,25,802af6a8
Em204Mulue,80785e50,26,802af6ec
Em204Mulue,80785e50,27,802af728
Em204Mulue,80785e50,28,802b03ac
Em204Mulue,80785e50,29,802b03ac
Em204Mulue,80785e50,30,802b032c
Em204Mulue,80785e50,31,802b03ac
Em204Mulue,80785e50,32,802b03ac
Em204Mulue,80785e50,33,802b03ac
Em204Mulue,80785e50,34,802b03ac
Em204Mulue,80785e50,35,802af850
Em204Mulue,80785e50,36,802af878
Em204Mulue,80785e50,37,802af8f4
Em204Mulue,80785e50,38,802afa0c
Em204Mulue,80785e50,39,802afa30
Em204Mulue,80785e50,40,802afb90
Em204Mulue,80785e50,41,802afedc
Em204Mulue,80785e50,42,802b00a0
Em204MulueMp,80786358,0,802b98a8
Em204MulueMp,80786358,1,802b8a70
Em204MulueMp,80786358,2,802b8a70
Em204MulueMp,80786358,3,802b8a4c
Em204MulueMp,80786358,4,802b8a58
Em204MulueMp,80786358,5,802b8a58
Em204MulueMp,80786358,6,802b8a70
Em204MulueMp,80786358,7,802b8744
Em204MulueMp,80786358,8,802b87c0
Em204MulueMp,80786358,9,802b8870
Em204MulueMp,80786358,10,802b89d4
Em204MulueMp,80786358,11,802b89d4
Em204MulueMp,80786358,12,802b8a10
Em205Ogre,80786508,0,802bba74
Em205Ogre,80786508,1,802bba8c
Em205Ogre,80786508,2,802bba8c
Em205Ogre,80786508,3,802bba8c
Em205Ogre,80786508,4,802bb9e4
Em205Ogre,80786508,5,802bba8c
Em205Ogre,80786508,6,802bb9f0
Em205Ogre,80786508,7,802bb9fc
Em205Ogre,80786508,8,802bba08
Em205Ogre,80786508,9,802bba14
Em205Ogre,80786508,10,802bba20
Em205Ogre,80786508,11,802bba2c
Em205Ogre,80786508,12,802bba38
Em205Ogre,80786508,13,802bba44
Em205Ogre,80786508,14,802bba50
Em205Ogre,80786508,15,802bba5c
Em205Ogre,80786508,16,802bba68
Em206CocoonMp,807866b8,0,802c1358
Em206CocoonMp,807866b8,1,802c1368
Em206CocoonMp,807866b8,2,802c1964
Em206CocoonMp,807866b8,3,802c1974
Em206CocoonMp,807866b8,4,802c1a98
Em206CocoonMp,807866b8,5,802c1af0
Em206CocoonMp,807866b8,6,802c1b48
Em206CocoonMp,807866b8,7,802c1ba0
Em206CocoonMp,807866b8,8,802c1bb8
Em206CocoonMp,807866b8,9,802c1bc8
Em206EggMonster,80786818,0,802c82f4
Em206EggMonster,80786818,1,802c830c
Em206EggMonster,80786818,2,802c830c
Em206EggMonster,80786818,3,802c830c
Em206EggMonster,80786818,4,802c830c
Em206EggMonster,80786818,5,802c7fac
Em206EggMonster,80786818,6,802c7fb8
Em206EggMonster,80786818,7,802c811c
Em206EggMonster,80786818,8,802c8128
Em206EggMonster,80786818,9,802c82b8
Em206EggMonster,80786818,10,802c82c4
Em206EggMonster,80786818,11,802c82d0
Em206EggMonster,80786818,12,802c82dc
Em206EggMonster,80786818,13,802c82e8
Em208Queen,80786988,0,802ccb7c
Em208Queen,80786988,1,802cd3bc
Em208Queen,80786988,2,802cd73c
Em208Queen,80786988,3,802ce42c
Em208Queen,80786988,4,80013cac
Em208Queen,80786988,5,802cfe78
Em208Queen,80786988,6,802ccd48
Em208Queen,80786988,7,801437d0
Em208Queen,80786988,8,800ef3dc
Em208Queen,80786988,9,800ebf1c
Em208Queen,80786988,10,8014bdb0
Em208Queen,80786988,11,8013c564
Em208Queen,80786988,12,800ef3d8
Em208Queen,80786988,13,802ccbd4
Em208Queen,80786988,14,802ccc24
Em208Queen,80786988,15,800e8630
Em208Queen,80786988,16,80153004
Em208Queen,80786988,17,80152a24
Em208Queen,80786988,18,802ce8ec
Em208Queen,80786988,19,802ced80
Em208Queen,80786988,20,800ef394
Em208Queen,80786988,21,801501f0
Em208Queen,80786988,22,800ef38c
Em208Queen,80786988,23,80138d70
Em208Queen,80786988,24,8035b8b0
Em208Queen,80786988,25,8035bbcc
Em208Queen,80786988,26,800e8fa4
Em208Queen,80786988,27,80155494
Em208Queen,80786988,28,80158d60
Em208Queen,80786988,29,8015dbc8
Em208Queen,80786988,30,802cedfc
Em208Queen,80786988,31,802cef0c
Em208Queen,80786988,32,80168fcc
Em208Queen,80786988,33,80169c0c
Em208Queen,80786988,34,802ccfd0
Em208Queen,80786988,35,800ef370
Em208Queen,80786988,36,802ce638
Em208Queen,80786988,37,802ce808
Em208Queen,80786988,38,800ef368
Em208Queen,80786988,39,800ee494
Em208Queen,80786988,40,80041a20
Em208Queen,80786988,41,800ef324
Em208Queen,80786988,42,800ef31c
Em208Queen,80786988,43,800ef310
Em208Queen,80786988,44,8017b0f8
Em208Queen,80786988,45,800ef308
Em208Queen,80786988,46,800ef304
Em208Queen,80786988,47,8017bc58
Em208Queen,80786988,48,800ef2f0
Em208Queen,80786988,49,8017bddc
Em208Queen,80786988,50,8017c4c4
Em208Queen,80786988,51,800ef2b4
Em208Queen,80786988,52,8017c52c
Em208Queen,80786988,53,800ef270
Em208Queen,80786988,54,800ef080
Em208Queen,80786988,55,800ee4d8
Em208Queen,80786988,56,800eafd4
Em208Queen,80786988,57,802cce94
Em208Queen,80786988,58,800eacec
Em208Queen,80786988,59,80180594
Em303KrakenFoot,80787288,0,802e84c8
Em303KrakenFoot,80787288,1,802e5b38
Em303KrakenFoot,80787288,2,802e5e94
Em303KrakenFoot,80787288,3,802e61bc
Em303KrakenFoot,80787288,4,80013cac
Em303KrakenFoot,80787288,5,800ef3e0
Em303KrakenFoot,80787288,6,80147b04
Em303KrakenFoot,80787288,7,802e82f0
Em303KrakenFoot,80787288,8,800ef3dc
Em303KrakenFoot,80787288,9,800ebf1c
Em303KrakenFoot,80787288,10,8014bdb0
Em303KrakenFoot,80787288,11,8013c564
Em303KrakenFoot,80787288,12,800ef3d8
Em303KrakenFoot,80787288,13,802e7120
Em303KrakenFoot,80787288,14,802e71b0
Em303KrakenFoot,80787288,15,800e8630
Em303KrakenFoot,80787288,16,80153004
Em303KrakenFoot,80787288,17,80152a24
Em303KrakenFoot,80787288,18,80148340
Em303KrakenFoot,80787288,19,802e7298
Em303KrakenFoot,80787288,20,800ef394
Em303KrakenFoot,80787288,21,801501f0
Em303KrakenFoot,80787288,22,800ef38c
Em303KrakenFoot,80787288,23,80138d70
Em303KrakenFoot,80787288,24,8035b8b0
Em303KrakenFoot,80787288,25,8035bbcc
Em303KrakenFoot,80787288,26,800e8fa4
Em303KrakenFoot,80787288,27,80155494
Em303KrakenFoot,80787288,28,80158d60
Em303KrakenFoot,80787288,29,8015dbc8
Em303KrakenFoot,80787288,30,802e8354
Em303KrakenFoot,80787288,31,80160f54
Em303KrakenFoot,80787288,32,80168fcc
Em303KrakenFoot,80787288,33,80169c0c
Em303KrakenFoot,80787288,34,800ef2ac
Em303KrakenFoot,80787288,35,800ef370
Em303KrakenFoot,80787288,36,80176b68
Em303KrakenFoot,80787288,37,80176d2c
Em303KrakenFoot,80787288,38,800ef368
Em303KrakenFoot,80787288,39,800ee494
Em303KrakenFoot,80787288,40,80041a20
Em303KrakenFoot,80787288,41,800ef324
Em303KrakenFoot,80787288,42,800ef31c
Em303KrakenFoot,80787288,43,800ef310
Em303KrakenFoot,80787288,44,8017b0f8
Em303KrakenFoot,80787288,45,800ef308
Em303KrakenFoot,80787288,46,800ef304
Em303KrakenFoot,80787288,47,8017bc58
Em303KrakenFoot,80787288,48,800ef2f0
Em303KrakenFoot,80787288,49,8017bddc
Em303KrakenFoot,80787288,50,8017c4c4
Em303KrakenFoot,80787288,51,800ef2b4
Em303KrakenFoot,80787288,52,8017c52c
Em303KrakenFoot,80787288,53,800ef270
Em303KrakenFoot,80787288,54,800ef080
Em303KrakenFoot,80787288,55,800ee4d8
Em303KrakenFoot,80787288,56,800eafd4
Em303KrakenFoot,80787288,57,802e8250
Em303KrakenFoot,80787288,58,800eacec
Em303KrakenFoot,80787288,59,80180594
Em303KrakenFoot,80787288,60,805a3f5c
Em303KrakenFoot,80787288,61,802e61d0
Em303KrakenFoot,80787288,62,802e6228
Em303KrakenFoot,80787288,63,802e683c
Em303KrakenFoot,80787288,64,802e711c
Em303KrakenFoot,80787288,65,805a3fcc
Em303KrakenFoot,80787288,66,802e8438
Em303KrakenFoot,80787288,67,802e8454
Em303KrakenFoot,80787288,68,805a4f84
Em303KrakenFootMp,807873e0,0,802e89b0
Em303KrakenFootMp,807873e0,1,802e8b88
Em303KrakenFootMp,807873e0,2,802e9590
Em303KrakenFootMp,807873e0,3,802e9d38
Em303KrakenFootMp,807873e0,4,80013cac
Em303KrakenFootMp,807873e0,5,800ef3e0
Em303KrakenFootMp,807873e0,6,802ea27c
Em303KrakenFootMp,807873e0,7,8025589c
Em303KrakenFootMp,807873e0,8,800ef3dc
Em303KrakenFootMp,807873e0,9,800ebf1c
Em303KrakenFootMp,807873e0,10,8014bdb0
Em303KrakenFootMp,807873e0,11,8013c564
Em303KrakenFootMp,807873e0,12,800ef3d8
Em303KrakenFootMp,807873e0,13,802e9dec
Em303KrakenFootMp,807873e0,14,802e9fc8
Em303KrakenFootMp,807873e0,15,800e8630
Em303KrakenFootMp,807873e0,16,80153004
Em303KrakenFootMp,807873e0,17,80152a24
Em303KrakenFootMp,807873e0,18,80148340
Em303KrakenFootMp,807873e0,19,801489cc
Em303KrakenFootMp,807873e0,20,800ef394
Em303KrakenFootMp,807873e0,21,801501f0
Em303KrakenFootMp,807873e0,22,800ef38c
Em303KrakenFootMp,807873e0,23,80138d70
Em303KrakenFootMp,807873e0,24,8035b8b0
Em303KrakenFootMp,807873e0,25,8035bbcc
Em303KrakenFootMp,807873e0,26,800e8fa4
Em303KrakenFootMp,807873e0,27,80155494
Em303KrakenFootMp,807873e0,28,80158d60
Em303KrakenFootMp,807873e0,29,8015dbc8
Em303KrakenFootMp,807873e0,30,801606dc
Em303KrakenFootMp,807873e0,31,80160f54
Em303KrakenFootMp,807873e0,32,80168fcc
Em303KrakenFootMp,807873e0,33,80169c0c
Em303KrakenFootMp,807873e0,34,800ef2ac
Em303KrakenFootMp,807873e0,35,800ef370
Em303KrakenFootMp,807873e0,36,80176b68
Em303KrakenFootMp,807873e0,37,80176d2c
Em303KrakenFootMp,807873e0,38,800ef368
Em303KrakenFootMp,807873e0,39,800ee494
Em303KrakenFootMp,807873e0,40,80041a20
Em303KrakenFootMp,807873e0,41,800ef324
Em303KrakenFootMp,807873e0,42,800ef31c
Em303KrakenFootMp,807873e0,43,800ef310
Em303KrakenFootMp,807873e0,44,8017b0f8
Em303KrakenFootMp,807873e0,45,800ef308
Em303KrakenFootMp,807873e0,46,800ef304
Em303KrakenFootMp,807873e0,47,8017bc58
Em303KrakenFootMp,807873e0,48,800ef2f0
Em303KrakenFootMp,807873e0,49,8017bddc
Em303KrakenFootMp,807873e0,50,8017c4c4
Em303KrakenFootMp,807873e0,51,800ef2b4
Em303KrakenFootMp,807873e0,52,8017c52c
Em303KrakenFootMp,807873e0,53,800ef270
Em303KrakenFootMp,807873e0,54,800ef080
Em303KrakenFootMp,807873e0,55,800ee4d8
Em303KrakenFootMp,807873e0,56,800eafd4
Em303KrakenFootMp,807873e0,57,802eb9f8
Em303KrakenFootMp,807873e0,58,800eacec
Em303KrakenFootMp,807873e0,59,80180594
Em303KrakenFootMp,807873e0,60,805a3f5c
Em303KrakenFootMp,807873e0,61,802ec66c
Em303KrakenFootMp,807873e0,62,802ec668
Em303KrakenFootMp,807873e0,63,802ec664
Em303KrakenFootMp,807873e0,64,802ec660
Em303KrakenFootMp,807873e0,65,805a3fcc
Em303KrakenFootMp,807873e0,66,805a4f5c
Em303KrakenFootMp,807873e0,67,805a4f70
Em303KrakenFootMp,807873e0,68,805a4f84
Em303KrakenFootMp,807873e0,69,802ea994
Em305VampireMp,807876c8,0,802ef468
Em305VampireMp,807876c8,1,802ef5d4
Em305VampireMp,807876c8,2,802ef5d4
Em305VampireMp,807876c8,3,802ef5d4
Em305VampireMp,807876c8,4,802ef1f0
Em305VampireMp,807876c8,5,802ef1fc
Em305VampireMp,807876c8,6,802ef208
Em305VampireMp,807876c8,7,802ef208
Em305VampireMp,807876c8,8,802ef230
Em305VampireMp,807876c8,9,802ef230
Em305VampireMp,807876c8,10,802ef418
Em305VampireMp,807876c8,11,802ef440
Em305VampireMp,807876c8,12,802ef510
Em305VampireMp,807876c8,13,802ef540
Em305VampireMp,807876c8,14,802ef554
Em305VampireMp,807876c8,15,802ef5b0
Em305VampireMp,807876c8,16,802f02d0
Em305VampireMp,807876c8,17,802f02d0
Em305VampireMp,807876c8,18,802efa78
Em305VampireMp,807876c8,19,802f02d0
Em305VampireMp,807876c8,20,802f02d0
Em305VampireMp,807876c8,21,802f02d0
Em305VampireMp,807876c8,22,802ef748
Em305VampireMp,807876c8,23,802ef794
Em305VampireMp,807876c8,24,802ef91c
Em305VampireMp,807876c8,25,802ef91c
Em305VampireMp,807876c8,26,802ef964
Em305VampireMp,807876c8,27,802ef964
Em305VampireMp,807876c8,28,802ef9a0
Em305VampireMp,807876c8,29,802ef9a0
Em305VampireMp,807876c8,30,802efa9c
Em305VampireMp,807876c8,31,802efbfc
Em305VampireMp,807876c8,32,802efc30
Em305VampireMp,807876c8,33,802f0004
Em305VampireMp,807876c8,34,802f03a0
Em305VampireMp,807876c8,35,802f03b0
Em305VampireMp,807876c8,36,802f03d0
Em305VampireMp,807876c8,37,802f03d0
Em305VampireMp,807876c8,38,802f049c
Em305VampireMp,807876c8,39,802f049c
Em305VampireMp,807876c8,40,802f076c
Em305VampireMp,807876c8,41,802f0874
Em305VampireMp,807876c8,42,802f08f8
Em305VampireMp,807876c8,43,802f0918
Em305VampireMp,807876c8,44,802f0908
Em306GurgBeast,807878e0,0,802f2414
Em306GurgBeast,807878e0,1,802f27c4
Em306GurgBeast,807878e0,2,802f27c4
Em306GurgBeast,807878e0,3,802f27c4
Em306GurgBeast,807878e0,4,802f27c4
Em306GurgBeast,807878e0,5,802f235c
Em306GurgBeast,807878e0,6,802f2408
Em306GurgBeast,807878e0,7,802f242c
Em306GurgBeast,807878e0,8,802f2438
Em306GurgBeast,807878e0,9,802f2444
Em306GurgBeast,807878e0,10,802f2450
Em306GurgBeast,807878e0,11,802f245c
Em306GurgBeast,807878e0,12,802f255c
Em306GurgBeast,807878e0,13,802f26d4
Em306GurgBeast,807878e0,14,802f26e0
Em306GurgBeast,807878e0,15,802f2798
Em306GurgBeast,807878e0,16,802f27b8
Em308InvertCrab,80787a60,0,802f7fd0
Em308InvertCrab,80787a60,1,802f81ac
Em308InvertCrab,80787a60,2,802f81ac
Em308InvertCrab,80787a60,3,802f81ac
Em308InvertCrab,80787a60,4,802f81ac
Em308InvertCrab,80787a60,5,802f7ef8
Em308InvertCrab,80787a60,6,802f7fc4
Em308InvertCrab,80787a60,7,802f7fe8
Em308InvertCrab,80787a60,8,802f7ff4
Em308InvertCrab,80787a60,9,802f8000
Em308InvertCrab,80787a60,10,802f800c
Em308InvertCrab,80787a60,11,802f8018
Em308InvertCrab,80787a60,12,802f8138
Em308ParmCrab,80787bd0,0,802fd5ac
Em308ParmCrab,80787bd0,1,802fd664
Em308ParmCrab,80787bd0,2,802fd664
Em308ParmCrab,80787bd0,3,802fd664
Em308ParmCrab,80787bd0,4,802fd5c4
Em308ParmCrab,80787bd0,5,802fd4bc
Em308ParmCrab,80787bd0,6,802fd5d0
Em308ParmCrab,80787bd0,7,802fd5dc
Em308ParmCrab,80787bd0,8,802fd5e8
Em308ParmCrab,80787bd0,9,802fd5f4
Em308ParmCrab,80787bd0,10,802fd600
Em308ParmCrab,80787bd0,11,802fd60c
Em309Ghoul,80787d38,0,80306e58
Em309Ghoul,80787d38,1,80306e9c
Em309Ghoul,80787d38,2,80306e9c
Em309Ghoul,80787d38,3,80306e9c
Em309Ghoul,80787d38,4,80306bb0
Em309Ghoul,80787d38,5,80306bbc
Em309Ghoul,80787d38,6,80306bc8
Em309Ghoul,80787d38,7,80306c08
Em309Ghoul,80787d38,8,80306c08
Em309Ghoul,80787d38,9,80306c08
Em309Ghoul,80787d38,10,80306d50
Em309Ghoul,80787d38,11,80306e08
Em309Ghoul,80787d38,12,80306e30
Em309Ghoul,80787d38,13,80307390
Em309Ghoul,80787d38,14,80307390
Em309Ghoul,80787d38,15,80307384
Em309Ghoul,80787d38,16,80307390
Em309Ghoul,80787d38,17,80307390
Em309Ghoul,80787d38,18,80307390
Em309Ghoul,80787d38,19,80307038
Em309Ghoul,80787d38,20,80307084
Em309Ghoul,80787d38,21,80307118
Em309Ghoul,80787d38,22,803072d0
Em309Ghoul,80787d38,23,803072d0
Em309Ghoul,80787d38,24,803072d0
Em309Ghoul,80787d38,25,8030730c
Em309Ghoul,80787d38,26,803072d0
Em309Ghoul,80787d38,27,80307348
Em309Ghoul,80787d38,28,8030756c
Em309Ghoul,80787d38,29,80307608
Em309Ghoul,80787d38,30,8030784c
Em309Ghoul,80787d38,31,8030784c
Em309Ghoul,80787d38,32,80307b00
Em309Ghoul,80787d38,33,8030821c
Em309Ghoul,80787d38,34,80308980
Em309Ghoul,80787d38,35,80308a20
Em310Gargoyle,807881f8,0,8030f8bc
Em310Gargoyle,807881f8,1,8030f934
Em310Gargoyle,807881f8,2,8030f934
Em310Gargoyle,807881f8,3,8030faa8
Em310Gargoyle,807881f8,4,8030f934
Em310Gargoyle,807881f8,5,8030fd28
Em312DarkServant,80788370,0,80311434
Em312DarkServant,80788370,1,80311988
Em312DarkServant,80788370,2,80311a24
Em312DarkServant,80788370,3,80311ab0
Em312DarkServant,80788370,4,80311ad8
Em312DarkServant,80788370,5,80311b74
Em312DarkServant,80788370,6,803123a0
Em312DarkServant,80788370,7,803123a0
Em312DarkServant,80788370,8,80312394
Em312DarkServant,80788370,9,803123a0
Em312DarkServant,80788370,10,803123a0
Em312DarkServant,80788370,11,803123a0
Em312DarkServant,80788370,12,80311d54
Em312DarkServant,80788370,13,80311d6c
Em312DarkServant,80788370,14,803121c8
Em312DarkServant,80788370,15,8031220c
Em312DarkServant,80788370,16,80312248
Em312DarkServant,80788370,17,8031228c
Em312DarkServant,80788370,18,803122dc
Em312DarkServant,80788370,19,80312320
Em314Ivy,80788520,0,803142fc
Em314Ivy,80788520,1,8031434c
Em314Ivy,80788520,2,8031434c
Em314Ivy,80788520,3,8031434c
Em314Ivy,80788520,4,803141a8
Em314Ivy,80788520,5,803141b4
Em314Ivy,80788520,6,803141ec
Em314Ivy,80788520,7,80314200
Em314Ivy,80788520,8,80314270
Em314Ivy,80788520,9,803142a0
Em314Ivy,80788520,10,803142ac
Em314Ivy,80788520,11,803142d4
Em314Ivy,80788520,12,80314bac
Em314Ivy,80788520,13,80314bac
Em314Ivy,80788520,14,80314b80
Em314Ivy,80788520,15,80314bac
Em314Ivy,80788520,16,80314bac
Em314Ivy,80788520,17,80314bac
Em314Ivy,80788520,18,803147b0
Em314Ivy,80788520,19,80314804
Em314Ivy,80788520,20,803148b8
Em314Ivy,80788520,21,80314a9c
Em314Ivy,80788520,22,80314ad8
Em314Ivy,80788520,23,80314b14
Em314Ivy,80788520,24,80314b2c
Em314Ivy,80788520,25,80314b44
Em314Ivy,80788520,26,803155c0
Em314Ivy,80788520,27,803155c0
Em314Ivy,80788520,28,803154fc
Em314Ivy,80788520,29,803155c0
Em314Ivy,80788520,30,803155c0
Em314Ivy,80788520,31,803155c0
Em314Ivy,80788520,32,80314c54
Em314Ivy,80788520,33,80314c64
Em314Ivy,80788520,34,80314cdc
Em314Ivy,80788520,35,80314f4c
Em314Ivy,80788520,36,803152a0
Em314Ivy,80788520,37,80315448
Em314Ivy,80788520,38,803154c0
Em314Ivy,80788520,39,803154c4
Em315Coffin,80788720,0,80316b7c
Em315Coffin,80788720,1,80316bd0
Em315Coffin,80788720,2,80316bd0
Em315Coffin,80788720,3,80316bd0
Em315Coffin,80788720,4,80316b94
Em315Coffin,80788720,5,80316b70
Em315Coffin,80788720,6,80316bac
Em315Coffin,80788720,7,80316bb8
Em315Coffin,80788720,8,80316ba0
Em315Coffin,80788720,9,80316bc4
Em315Coffin,80788720,10,80316b70
Em316LaserSphere,80788888,0,8031b3cc
Em316LaserSphere,80788888,1,8031b6e0
Em316LaserSphere,80788888,2,8031b9b4
Em316LaserSphere,80788888,3,8031c530
Em316LaserSphere,80788888,4,80013cac
Em316LaserSphere,80788888,5,800ef3e0
Em316LaserSphere,80788888,6,80147b04
Em316LaserSphere,80788888,7,801437d0
Em316LaserSphere,80788888,8,800ef3dc
Em316LaserSphere,80788888,9,800ebf1c
Em316LaserSphere,80788888,10,8014bdb0
Em316LaserSphere,80788888,11,8013c564
Em316LaserSphere,80788888,12,800ef3d8
Em316LaserSphere,80788888,13,8031c534
Em316LaserSphere,80788888,14,8031c584
Em316LaserSphere,80788888,15,800e8630
Em316LaserSphere,80788888,16,80153004
Em316LaserSphere,80788888,17,80152a24
Em316LaserSphere,80788888,18,80148340
Em316LaserSphere,80788888,19,801489cc
Em316LaserSphere,80788888,20,800ef394
Em316LaserSphere,80788888,21,801501f0
Em316LaserSphere,80788888,22,800ef38c
Em316LaserSphere,80788888,23,80138d70
Em316LaserSphere,80788888,24,8035b8b0
Em316LaserSphere,80788888,25,8035bbcc
Em316LaserSphere,80788888,26,800e8fa4
Em316LaserSphere,80788888,27,80155494
Em316LaserSphere,80788888,28,80158d60
Em316LaserSphere,80788888,29,8015dbc8
Em316LaserSphere,80788888,30,8031c754
Em316LaserSphere,80788888,31,80160f54
Em316LaserSphere,80788888,32,80168fcc
Em316LaserSphere,80788888,33,80169c0c
Em316LaserSphere,80788888,34,800ef2ac
Em316LaserSphere,80788888,35,800ef370
Em316LaserSphere,80788888,36,80176b68
Em316LaserSphere,80788888,37,80176d2c
Em316LaserSphere,80788888,38,800ef368
Em316LaserSphere,80788888,39,800ee494
Em316LaserSphere,80788888,40,80041a20
Em316LaserSphere,80788888,41,800ef324
Em316LaserSphere,80788888,42,800ef31c
Em316LaserSphere,80788888,43,800ef310
Em316LaserSphere,80788888,44,8017b0f8
Em316LaserSphere,80788888,45,800ef308
Em316LaserSphere,80788888,46,800ef304
Em316LaserSphere,80788888,47,8017bc58
Em316LaserSphere,80788888,48,800ef2f0
Em316LaserSphere,80788888,49,8017bddc
Em316LaserSphere,80788888,50,8017c4c4
Em316LaserSphere,80788888,51,800ef2b4
Em316LaserSphere,80788888,52,8017c52c
Em316LaserSphere,80788888,53,800ef270
Em316LaserSphere,80788888,54,800ef080
Em316LaserSphere,80788888,55,800ee4d8
Em316LaserSphere,80788888,56,800eafd4
Em316LaserSphere,80788888,57,8031c894
Em316LaserSphere,80788888,58,800eacec
Em316LaserSphere,80788888,59,80180594
EnemyFieldMagician,80788e48,0,8032ebac
EnemyFieldMagician,80788e48,1,8032ec0c
EnemyFieldMagician,80788e48,2,8032ebb8
EnemyFieldMagician,80788e48,3,8032ebc4
EnemyFieldMagician,80788e48,4,8032ec0c
EnemyFieldMagician,80788e48,5,8032ebd0
EnemyFieldMagician,80788e48,6,8032ebdc
EnemyFieldMagician,80788e48,7,8032ebe8
EnemyFieldMagician,80788e48,8,8032ebf4
EnemyFieldMagician,80788e48,9,8032ec00
EnemyJill,80788fb8,0,80334acc
EnemyJill,80788fb8,1,8033385c
EnemyJill,80788fb8,2,80333a6c
EnemyJill,80788fb8,3,800e41fc
EnemyJill,80788fb8,4,80013cac
EnemyJill,80788fb8,5,800ef3e0
EnemyJill,80788fb8,6,80147b04
EnemyJill,80788fb8,7,803349d8
EnemyJill,80788fb8,8,800ef3dc
EnemyJill,80788fb8,9,800ebf1c
EnemyJill,80788fb8,10,8014bdb0
EnemyJill,80788fb8,11,8013c564
EnemyJill,80788fb8,12,800ef3d8
EnemyJill,80788fb8,13,803349ec
EnemyJill,80788fb8,14,80334a64
EnemyJill,80788fb8,15,800e8630
EnemyJill,80788fb8,16,80153004
EnemyJill,80788fb8,17,80152a24
EnemyJill,80788fb8,18,80148340
EnemyJill,80788fb8,19,801489cc
EnemyJill,80788fb8,20,800ef394
EnemyJill,80788fb8,21,801501f0
EnemyJill,80788fb8,22,800ef38c
EnemyJill,80788fb8,23,80138d70
EnemyJill,80788fb8,24,8035b8b0
EnemyJill,80788fb8,25,8035bbcc
EnemyJill,80788fb8,26,800e8fa4
EnemyJill,80788fb8,27,80155494
EnemyJill,80788fb8,28,80158d60
EnemyJill,80788fb8,29,8015dbc8
EnemyJill,80788fb8,30,801606dc
EnemyJill,80788fb8,31,80160f54
EnemyJill,80788fb8,32,80168fcc
EnemyJill,80788fb8,33,80169c0c
EnemyJill,80788fb8,34,800ef2ac
EnemyJill,80788fb8,35,800ef370
EnemyJill,80788fb8,36,80176b68
EnemyJill,80788fb8,37,80176d2c
EnemyJill,80788fb8,38,800ef368
EnemyJill,80788fb8,39,800ee494
EnemyJill,80788fb8,40,80041a20
EnemyJill,80788fb8,41,800ef324
EnemyJill,80788fb8,42,800ef31c
EnemyJill,80788fb8,43,800ef310
EnemyJill,80788fb8,44,8017b0f8
EnemyJill,80788fb8,45,800ef308
EnemyJill,80788fb8,46,800ef304
EnemyJill,80788fb8,47,80334ab0
EnemyJill,80788fb8,48,800ef2f0
EnemyJill,80788fb8,49,8017bddc
EnemyJill,80788fb8,50,8017c4c4
EnemyJill,80788fb8,51,800ef2b4
EnemyJill,80788fb8,52,8017c52c
EnemyJill,80788fb8,53,800ef270
EnemyJill,80788fb8,54,800ef080
EnemyJill,80788fb8,55,800ee4d8
EnemyJill,80788fb8,56,800eafd4
EnemyJill,80788fb8,57,800ea9d4
EnemyJill,80788fb8,58,800eacec
EnemyJill,80788fb8,59,80180594
EnemyLizerdBlade,807890e8,0,80334bcc
EnemyLizerdBlade,807890e8,1,80334c5c
EnemyLizerdBlade,807890e8,2,8011fa18
EnemyLizerdBlade,807890e8,3,8011fa98
EnemyLizerdBlade,807890e8,4,80013cac
EnemyLizerdBlade,807890e8,5,8011fb48
EnemyManager,80789130,0,80336468
EnemyManager,80789130,1,803364e0
EnemyManager,80789130,2,803364e0
EnemyManager,80789130,3,803364e0
EnemyManager,80789130,4,80335a1c
EnemyManager,80789130,5,80335a70
EnemyManager,80789130,6,80335bd0
EnemyManager,80789130,7,80335ef8
EnemyManager,80789130,8,80336070
EnemyManager,80789130,9,80336124
EnemyManager,80789130,10,80336658
EnemyManager,80789130,11,80336a7c
EnemyManager,80789130,12,80336bd8
EnemyManager,80789130,13,80336c14
EnemyManager,80789130,14,80336c14
EnemyManager,80789130,15,80336c14
EnemyManager,80789130,16,80336720
EnemyManager,80789130,17,80336784
EnemyManager,80789130,18,80336a7c
EnemyManager,80789130,19,80336ae0
EnemyManager,80789130,20,80336b44
EnemyManager,80789130,21,80336b9c
EnemyQuarkFirst,80789328,0,80339cc8
EnemyQuarkFirst,80789328,1,80339cd4
EnemyQuarkFirst,80789328,2,80339ce0
EnemyQuarkFirst,80789328,3,80339d40
EnemyQuarkFirst,80789328,4,80339cf0
EnemyQuarkFirst,80789328,5,80339cfc
EnemyQuarkFirst,80789328,6,80339d14
EnemyQuarkFirst,80789328,7,80339d20
EnemyQuarkFirst,80789328,8,80339d30
EnemyQuarkFirst,80789328,9,80339d08
EnemyQuarkFirst,80789328,10,8033ab68
EnemyQuarkFirst,80789328,11,8033ab00
EnemyQuarkFirst,80789328,12,8033ab0c
EnemyQuarkFirst,80789328,13,8033ab48
EnemyQuarkFirst,80789328,14,8033ab24
EnemyQuarkFirst,80789328,15,8033ab30
EnemyQuarkFirst,80789328,16,8033ab18
EnemyQuarkFirst,80789328,17,8033ab3c
EnemyQuarkFirst,80789328,18,8033ab54
EnemyQuarkFirst,80789328,19,8033ab60
EnemyQuarkSecond,807894b0,0,803466f4
EnemyQuarkSecond,807894b0,1,80346700
EnemyQuarkSecond,807894b0,2,8034670c
EnemyQuarkSecond,807894b0,3,80346718
EnemyQuarkSecond,807894b0,4,80346728
EnemyQuarkSecond,807894b0,5,80346738
EnemyQuarkSecond,807894b0,6,80346744
EnemyQuarkSecond,807894b0,7,80346750
EnemyQuarkSecond,807894b0,8,8034675c
EnemyQuarkSecond,807894b0,9,80346798
EnemyQuarkSecond,807894b0,10,80346768
EnemyQuarkSecond,807894b0,11,80346778
EnemyQuarkSecond,807894b0,12,80346788
EnemyQuarkSecond,807894b0,13,803470c8
EnemyQuarkSecond,807894b0,14,80347050
EnemyQuarkSecond,807894b0,15,80347058
EnemyQuarkSecond,807894b0,16,80347060
EnemyQuarkSecond,807894b0,17,8034708c
EnemyQuarkSecond,807894b0,18,80347070
EnemyQuarkSecond,807894b0,19,80347078
EnemyQuarkSecond,807894b0,20,80347094
EnemyQuarkSecond,807894b0,21,803470ac
EnemyQuarkSecond,807894b0,22,803470c4
EnemyQuarkSecond,807894b0,23,80347068
EnemyQuarkSecond,807894b0,24,803470c8
EnemyQuarkSecond,807894b0,25,80347080
EnemySeaLizerd,807897e0,0,80357eac
EnemySeaLizerd,807897e0,1,80357ec0
EnemySeaLizerd,807897e0,2,80357ec0
EnemySeaLizerd,807897e0,3,80357ec0
EnemySeaLizerd,807897e0,4,80357a54
EnemySeaLizerd,807897e0,5,80357a64
EnemySeaLizerd,807897e0,6,80357a88
EnemySeaLizerd,807897e0,7,80357ad0
EnemySeaLizerd,807897e0,8,80357b04
EnemySeaLizerd,807897e0,9,80357b38
EnemySeaLizerd,807897e0,10,80357b6c
EnemySeaLizerd,807897e0,11,80357d48
EnemySeaLizerd,807897e0,12,80357ba8
EnemySeaLizerd,807897e0,13,80357cfc
EnemySeaLizerd,807897e0,14,80357d84
EnemySeaLizerd,807897e0,15,80357e04
EnemySeaLizerd,807897e0,16,80357e68
EnemySeaLizerd,807897e0,17,80358a10
EnemySeaLizerd,807897e0,18,80358a10
EnemySeaLizerd,807897e0,19,803589d4
EnemySeaLizerd,807897e0,20,80358a10
EnemySeaLizerd,807897e0,21,80358a10
EnemySeaLizerd,807897e0,22,80358a10
EnemySeaLizerd,807897e0,23,803580cc
EnemySeaLizerd,807897e0,24,80358124
EnemySeaLizerd,807897e0,25,80358160
EnemySeaLizerd,807897e0,26,8035839c
EnemySeaLizerd,807897e0,27,8035839c
EnemySeaLizerd,807897e0,28,8035839c
EnemySeaLizerd,807897e0,29,80358438
EnemySeaLizerd,807897e0,30,8035839c
EnemySeaLizerd,807897e0,31,8035849c
EnemySeaLizerd,807897e0,32,803587dc
EnemySeaLizerd,807897e0,33,80358818
EnemySeaLizerd,807897e0,34,803588c4
EnemySeaLizerd,807897e0,35,80358998
EnemySeaLizerd,807897e0,36,80358b40
EnemySeaLizerd,807897e0,37,80358ea8
EnemySeaLizerd,807897e0,38,803590fc
EnemySeaLizerd,807897e0,39,803591b4
EnemySeaLizerd,807897e0,40,803592bc
EnemySeaLizerd,807897e0,41,80359838
EnemySeaLizerd,807897e0,42,80359ac0
EnemySeaLizerd,807897e0,43,80359e90
EnemySeaLizerd,807897e0,44,80359f7c
EnemySeaLizerd,807897e0,45,8035a018
EnemySeaLizerd,807897e0,46,8035a224
EnemySeaLizerd,807897e0,47,8035a77c
EnemyTasha,80789a00,0,8035b78c
EnemyTasha,80789a00,1,800e2dd4
EnemyTasha,80789a00,2,800ef3e8
EnemyTasha,80789a00,3,800e41fc
EnemyTasha,80789a00,4,80013cac
EnemyTasha,80789a00,5,800ef3e0
EnemyTasha,80789a00,6,80147b04
EnemyTasha,80789a00,7,801437d0
EnemyTasha,80789a00,8,800ef3dc
EnemyTasha,80789a00,9,800ebf1c
EnemyTasha,80789a00,10,8014bdb0
EnemyTasha,80789a00,11,8013c564
EnemyTasha,80789a00,12,800ef3d8
EnemyTasha,80789a00,13,801513d0
EnemyTasha,80789a00,14,800e854c
EnemyTasha,80789a00,15,800e8630
EnemyTasha,80789a00,16,80153004
EnemyTasha,80789a00,17,80152a24
EnemyTasha,80789a00,18,80148340
EnemyTasha,80789a00,19,801489cc
EnemyTasha,80789a00,20,800ef394
EnemyTasha,80789a00,21,801501f0
EnemyTasha,80789a00,22,800ef38c
EnemyTasha,80789a00,23,80138d70
EnemyTasha,80789a00,24,8035b8b0
EnemyTasha,80789a00,25,8035bbcc
EnemyTasha,80789a00,26,800e8fa4
EnemyTasha,80789a00,27,80155494
EnemyTasha,80789a00,28,80158d60
EnemyTasha,80789a00,29,8015dbc8
EnemyTasha,80789a00,30,801606dc
EnemyTasha,80789a00,31,80160f54
EnemyTasha,80789a00,32,80168fcc
EnemyTasha,80789a00,33,80169c0c
EnemyTasha,80789a00,34,800ef2ac
EnemyTasha,80789a00,35,800ef370
EnemyTasha,80789a00,36,80176b68
EnemyTasha,80789a00,37,80176d2c
EnemyTasha,80789a00,38,800ef368
EnemyTasha,80789a00,39,800ee494
EnemyTasha,80789a00,40,80041a20
EnemyTasha,80789a00,41,800ef324
EnemyTasha,80789a00,42,800ef31c
EnemyTasha,80789a00,43,800ef310
EnemyTasha,80789a00,44,8017b0f8
EnemyTasha,80789a00,45,800ef308
EnemyTasha,80789a00,46,800ef304
EnemyTasha,80789a00,47,8017bc58
EnemyTasha,80789a00,48,800ef2f0
EnemyTasha,80789a00,49,8017bddc
EnemyTasha,80789a00,50,8017c4c4
EnemyTasha,80789a00,51,800ef2b4
EnemyTasha,80789a00,52,8017c52c
EnemyTasha,80789a00,53,800ef270
EnemyTasha,80789a00,54,800ef080
EnemyTasha,80789a00,55,800ee4d8
EnemyTasha,80789a00,56,800eafd4
EnemyTasha,80789a00,57,800ea9d4
EnemyTasha,80789a00,58,800eacec
EnemyTasha,80789a00,59,80180594
EnemyTrista,80789cb0,0,8035e314
EnemyTrista,80789cb0,1,8035e524
EnemyTrista,80789cb0,2,8035e550
EnemyTrista,80789cb0,3,8035e5b8
EnemyTrista,80789cb0,4,80013cac
English,80793948,0,80533cc0
English,80793948,1,80533d80
English,80793948,2,80533e40
English,80793948,3,80534054
English,80793948,4,80534054
English,80793948,5,80534054
English,80793948,6,80534054
English,80793948,7,80533e58
English,80793948,8,80533ef4
English,80793948,9,80533f40
English,80793948,10,80533f88
English,80793948,11,80533fa8
English,80793948,12,80533fa8
English,80793948,13,80533fb4
English,80793948,14,80534054
English,80793948,15,80534054
English,80793948,16,80534054
English,80793948,17,80534054
English,80793948,18,80534054
English,80793948,19,80534054
English,80793948,20,80534054
English,80793948,21,80534054
English,80793948,22,80534054
English,80793948,23,80533fd0
English,80793948,24,80535d34
English,80793948,25,80534264
English,80793948,26,805343e0
English,80793948,27,80534a8c
English,80793948,28,80534aec
English,80793948,29,80534c28
English,80793948,30,80534d48
English,80793948,31,80534e9c
English,80793948,32,80534f20
English,80793948,33,80534fcc
English,80793948,34,805350e0
English,80793948,35,805351f0
English,80793948,36,8053538c
English,80793948,37,80535d34
English,80793948,38,80535494
English,80793948,39,80535564
English,80793948,40,805355c4
English,80793948,41,80535620
English,80793948,42,80535688
English,80793948,43,805356f0
English,80793948,44,805357bc
English,80793948,45,805358b8
English,80793948,46,805358f4
English,80793948,47,80535990
English,80793948,48,80535a30
English,80793948,49,80535b14
EnvSeBase,80789e90,0,803639a0
EnvSeBase,80789e90,1,80363c10
EnvSeBox,80789d78,0,80362344
EnvSeBox,80789d78,1,8036243c
EnvSeBox,80789d78,2,80362440
EnvSeBox,80789d78,3,80362598
EnvSeBox,80789d78,4,80013cac
EnvSeBox,80789d78,5,803623c8
EnvSeBox,80789d78,6,8036103c
EnvSeGlobal,80789d30,0,80362774
EnvSeGlobal,80789d30,1,80362924
EnvSeGlobal,80789d30,2,80362928
EnvSeGlobal,80789d30,3,80362b94
EnvSeGlobal,80789d30,4,80013cac
EnvSeGlobal,80789d30,5,803627f8
EnvSeGlobal,80789d30,6,8036103c
EnvSeLine,80789e08,0,803611e8
EnvSeLine,80789e08,1,803612dc
EnvSeLine,80789e08,2,803612e0
EnvSeLine,80789e08,3,803612f4
EnvSeLine,80789e08,4,80013cac
EnvSeLine,80789e08,5,8036126c
EnvSeLine,80789e08,6,8036103c
EnvSeManager,80789ce8,0,80362d90
EnvSeManager,80789ce8,1,80362e84
EnvSeManager,80789ce8,2,80362e88
EnvSeManager,80789ce8,3,80362e8c
EnvSeManager,80789ce8,4,80013cac
EnvSeManager,80789ce8,5,80362e14
EnvSeManager,80789ce8,6,8036327c
EnvSePoint,80789e50,0,80360c5c
EnvSePoint,80789e50,1,800d2860
EnvSePoint,80789e50,2,8004312c
EnvSePoint,80789e50,3,80043128
EnvSePoint,80789e50,4,80013cac
EnvSePoint,80789e50,5,80360ea0
EnvSePoint,80789e50,6,8036103c
EnvSeSphere,80789dc0,0,80361ca4
EnvSeSphere,80789dc0,1,80361d50
EnvSeSphere,80789dc0,2,80361d54
EnvSeSphere,80789dc0,3,8036205c
EnvSeSphere,80789dc0,4,80013cac
EnvSeSphere,80789dc0,5,803614e8
EnvSeSphere,80789dc0,6,8036103c
Event::ActionActorBehavior,80794b08,0,805589c4
Event::ActionActorBehavior,80794b08,1,805589ec
Event::ActionActorBehavior,80794b08,2,80558a14
Event::ActionActorBehavior,80794b08,3,80558a58
Event::ActionActorBehavior,80794b08,4,80558bbc
Event::ActionActorBehavior,80794b08,5,80558c00
Event::ActionActorBehavior,80794b08,6,80558c28
Event::ActionActorBehavior,80794b08,7,80558c94
Event::ActionActorBehavior,80794b08,8,80558cbc
Event::ActionActorBehavior,80794b08,9,80558d14
Event::ActionActorBehavior,80794b08,10,80558d74
Event::ActionProcessor,80779e28,0,8010dd34
Event::ActionProcessor,80779e28,1,8010db94
Event::AnimationData,80782f80,0,80203930
Event::AnimationData,80782f80,1,802039a0
Event::AnimationData,80782f80,2,80203a18
Event::CameraData,80782f08,0,80203d7c
Event::CameraData,80782f08,1,80203e78
Event::CameraData,80782f08,2,80203f1c
Event::DialogHead,807839d8,0,80229d20
Event::DialogHead,807839d8,1,802296bc
Event::DialogHead,807839d8,2,80229dec
Event::DialogHead,807839d8,3,80229ac0
Event::DialogHead,807839d8,4,80013cac
Event::EffectData,80782f30,0,80203c7c
Event::EffectData,80782f30,1,80203cf8
Event::EffectData,80782f30,2,80203d50
Event::Manager,807900f0,0,8048ff60
Event::Manager,807900f0,1,8048ffc4
Event::Manager,807900f0,2,80487c3c
Event::Manager,807900f0,3,8048ffc0
Event::Manager,807900f0,4,80013cac
Event::ModelData,80782f58,0,80203a44
Event::ModelData,80782f58,1,80203ba4
Event::ModelData,80782f58,2,80203c10
Event::MovieData,80782e80,0,80204544
Event::MovieData,80782e80,1,802045d4
Event::MovieData,80782e80,2,80204954
Event::MovieData,80782e80,3,802045f0
Event::MovieData,80782e80,4,80013cac
Event::MovieTask,80782eb8,0,802040b8
Event::MovieTask,80782eb8,1,80204150
Event::MovieTask,80782eb8,2,802041f0
Event::PoseData,80782ee0,0,80203f90
Event::PoseData,80782ee0,1,80204028
Event::PoseData,80782ee0,2,8020408c
Event::PostSequence,80790128,0,8048ffcc
Event::PostSequence,80790128,1,80490034
Event::PostSequence,80790128,2,80490030
Event::PostSequence,80790128,3,8049002c
Event::PostSequence,80790128,4,80013cac
Event::Puppeteer<CharaTask>,80775a18,0,8000e820
Event::Puppeteer<CharaTask>,80775a18,1,8000ecc8
Event::Puppeteer<CharaTask>,80775a18,2,8000eda8
Event::Puppeteer<atn::Model>,807759e0,0,80013d08
Event::Puppeteer<atn::Model>,807759e0,1,8000cbd0
Event::Puppeteer<atn::Model>,807759e0,2,8000cbd8
Event::Puppeteer<atn::Model>,807759e0,3,8000d138
Event::Puppeteer<atn::Model>,807759e0,4,80013cac
Event::Sequence,80794428,0,805430f8
Event::Sequence,80794428,1,805430f4
Event::Sequence,80794428,2,805430ec
Event::StringData,80794450,0,80543108
Event::StringData,80794450,1,80543104
Event::StringData,80794450,2,805430fc
FriendManager,8078a068,0,80365598
FriendManager,8078a068,1,80365624
FriendManager,8078a068,2,80365624
FriendManager,8078a068,3,80365624
FriendManager,8078a068,4,80365624
FriendManager,8078a068,5,80365624
FriendManager,8078a068,6,80365624
FriendManager,8078a068,7,80365624
FriendManager,8078a068,8,80365624
FriendManager,8078a068,9,80365624
FriendManager,8078a068,10,80365624
FriendManager,8078a068,11,803655ac
FriendManager,8078a068,12,80365624
FriendManager,8078a068,13,80365624
FriendManager,8078a068,14,80365624
FriendManager,8078a068,15,803655d8
FriendManager,8078a068,16,80365624
FriendManager,8078a068,17,803655d8
FriendManager,8078a068,18,803655d8
FriendManager,8078a068,19,80365624
FriendManager,8078a068,20,80365624
FriendManager,8078a068,21,80365624
FriendManager,8078a068,22,80365624
FriendManager,8078a068,23,80365624
FriendManager,8078a068,24,80365624
FriendManager,8078a068,25,803655d8
FriendManager,8078a068,26,80365624
FriendManager,8078a068,27,80365604
FriendManager,8078a068,28,80365624
FriendManager,8078a068,29,80365624
FriendManager,8078a068,30,80365624
FriendManager,8078a068,31,80365624
FriendManager,8078a068,32,80365614
FriendManager,8078a068,33,80365624
FriendManager,8078a068,34,80365624
FriendManager,8078a068,35,803655d8
FriendManager,8078a068,36,80365624
FriendManager,8078a068,37,80365614
FriendManager,8078a068,38,80365614
FriendManager,8078a068,39,803655c8
FriendManager,8078a068,40,80365624
FriendManager,8078a068,41,80365624
FriendManager,8078a068,42,80365624
FriendManager,8078a068,43,80365624
FriendManager,8078a068,44,80365624
FriendManager,8078a068,45,80365624
FriendManager,8078a068,46,80365624
FriendManager,8078a068,47,80365624
FriendManager,8078a068,48,80365624
FriendManager,8078a068,49,80365624
FriendManager,8078a068,50,80365624
FriendManager,8078a068,51,80365624
FriendManager,8078a068,52,803655f4
FriendManager,8078a068,53,80365614
FriendManager,8078a068,54,80365698
FriendManager,8078a068,55,80365668
FriendManager,8078a068,56,803656c0
FriendManager,8078a068,57,803656c0
FriendManager,8078a068,58,803656c0
FriendManager,8078a068,59,803656c0
FriendManager,8078a068,60,803656c0
FriendManager,8078a068,61,803656c0
FriendManager,8078a068,62,803656c0
FriendManager,8078a068,63,803656c0
FriendManager,8078a068,64,803656c0
FriendManager,8078a068,65,803656c0
FriendManager,8078a068,66,803656c0
FriendManager,8078a068,67,803656c0
FriendManager,8078a068,68,803656c0
FriendManager,8078a068,69,803656c0
FriendManager,8078a068,70,803656c0
FriendManager,8078a068,71,80365698
FriendManager,8078a068,72,803656c0
FriendManager,8078a068,73,80365698
FriendManager,8078a068,74,80365698
FriendManager,8078a068,75,803656c0
FriendManager,8078a068,76,803656c0
FriendManager,8078a068,77,803656c0
FriendManager,8078a068,78,803656c0
FriendManager,8078a068,79,803656c0
FriendManager,8078a068,80,803656c0
FriendManager,8078a068,81,80365698
FriendManager,8078a068,82,803656c0
FriendManager,8078a068,83,803656c0
FriendManager,8078a068,84,803656c0
FriendManager,8078a068,85,803656c0
FriendManager,8078a068,86,803656c0
FriendManager,8078a068,87,803656c0
FriendManager,8078a068,88,80365688
FriendManager,8078a068,89,803656c0
FriendManager,8078a068,90,803656c0
FriendManager,8078a068,91,80365698
FriendManager,8078a068,92,803656c0
FriendManager,8078a068,93,803656c0
FriendManager,8078a068,94,803656c0
FriendManager,8078a068,95,80365668
FriendManager,8078a068,96,803656c0
FriendManager,8078a068,97,803656c0
FriendManager,8078a068,98,803656c0
FriendManager,8078a068,99,803656c0
FriendManager,8078a068,100,803656c0
FriendManager,8078a068,101,803656c0
FriendManager,8078a068,102,803656c0
FriendManager,8078a068,103,803656c0
FriendManager,8078a068,104,803656c0
FriendManager,8078a068,105,803656c0
FriendManager,8078a068,106,803656c0
FriendManager,8078a068,107,803656c0
FriendManager,8078a068,108,80365678
FriendManager,8078a068,109,8036a554
FriendManager,8078a068,110,8036a468
FriendManager,8078a068,111,8036b198
FriendManager,8078a068,112,8036b198
FriendManager,8078a068,113,8036b198
FriendManager,8078a068,114,8036a484
FriendManager,8078a068,115,8036a8e8
FriendManager,8078a068,116,8036a940
FriendManager,8078a068,117,8036aab8
FriendManager,8078a068,118,8036b01c
FriendManager,8078a068,119,8036b058
FriendManager,8078a068,120,8036b058
FriendManager,8078a068,121,8036b110
FriendManager,8078a068,122,8036b134
FriendManager,8078a068,123,8036aa44
FriendManager,8078a068,124,8036a10c
FriendManager,8078a068,125,8036832c
FriendManager,8078a068,126,8036881c
FriendManager,8078a068,127,80368864
FriendManager,8078a068,128,80368b94
FriendManager,8078a068,129,80368db8
FriendManager,8078a068,130,803690ec
FriendManager,8078a068,131,8036919c
FriendManager,8078a068,132,803691ec
FriendManager,8078a068,133,80369454
FriendManager,8078a068,134,8036c058
FriendManager,8078a068,135,8036c030
FriendManager,8078a068,136,8036ca00
FriendManager,8078a068,137,8036c044
FriendManager,8078a068,138,8036ca00
FriendManager,8078a068,139,8036ca00
FriendManager,8078a068,140,8036ca00
FriendManager,8078a068,141,8036c478
FriendManager,8078a068,142,8036c668
FriendManager,8078a068,143,8036c720
FriendManager,8078a068,144,8036c720
FriendManager,8078a068,145,8036c720
FriendManager,8078a068,146,8036c7d0
FriendManager,8078a068,147,8036ca00
FriendManager,8078a068,148,8036c570
FriendManager,8078a068,149,80374f70
FriendManager,8078a068,150,80374f70
FriendManager,8078a068,151,80374e48
FriendManager,8078a068,152,80374f70
FriendManager,8078a068,153,80374f70
FriendManager,8078a068,154,80374f70
FriendManager,8078a068,155,80374f70
FriendManager,8078a068,156,80374eb4
FriendManager,8078a068,157,80374f70
FriendManager,8078a068,158,80374e00
FriendManager,8078a068,159,80374f70
FriendManager,8078a068,160,80374f70
FriendManager,8078a068,161,80374f70
FriendManager,8078a068,162,80374f70
FriendManager,8078a068,163,80374e90
FriendManager,8078a068,164,80374e24
FriendManager,8078a068,165,80374e6c
FriendManager,8078a068,166,80374f70
FriendManager,8078a068,167,80374f70
FriendManager,8078a068,168,80374f20
FriendManager,8078a068,169,80374f70
FriendManager,8078a068,170,80374f70
FriendManager,8078a068,171,80374f70
FriendManager,8078a068,172,80374f70
FriendManager,8078a068,173,80374f70
FriendManager,8078a068,174,80374f70
FriendManager,8078a068,175,80374f44
FriendManager,8078a068,176,80374f70
FriendManager,8078a068,177,80374f70
FriendManager,8078a068,178,80374f70
FriendManager,8078a068,179,80374f70
FriendManager,8078a068,180,80374f70
FriendManager,8078a068,181,80374f70
FriendManager,8078a068,182,80374f70
FriendManager,8078a068,183,80374efc
FriendManager,8078a068,184,80374f70
FriendManager,8078a068,185,80374f70
FriendManager,8078a068,186,80374f70
FriendManager,8078a068,187,80374f70
FriendManager,8078a068,188,80374f70
FriendManager,8078a068,189,80374f70
FriendManager,8078a068,190,80374f70
FriendManager,8078a068,191,80374f70
FriendManager,8078a068,192,80374f70
FriendManager,8078a068,193,80374f70
FriendManager,8078a068,194,80374f70
FriendManager,8078a068,195,80374ed8
GameBgm,8078a520,0,8038f030
GameBgm,8078a520,1,8038f0ac
GameBgm,8078a520,2,8038f128
GameBgm,8078a520,3,8038f220
GameBgm,8078a520,4,8038f394
GameBgm,8078a520,5,8038f528
GameBgm,8078a520,6,8038f29c
GameBgm,8078a520,7,8038f318
GameBgm,8078a520,8,8038f410
GameBgm,8078a520,9,8038f498
GameBgm,8078a520,10,8038f80c
GameBgm,8078a520,11,80390230
GameBgm,8078a520,12,80390230
GameBgm,8078a520,13,80390230
GameBgm,8078a520,14,8038f760
GameBgm,8078a520,15,8038f8ac
GameBgm,8078a520,16,8038f8ac
GameBgm,8078a520,17,8038f750
GameBgm,8078a520,18,80390230
GameBgm,8078a520,19,8038f618
GameBgm,8078a520,20,8038f628
GameBgm,8078a520,21,8038f750
GameBgm,8078a520,22,8038f750
GameBgm,8078a520,23,80390230
GameBgm,8078a520,24,80390230
GameBgm,8078a520,25,80390230
GameBgm,8078a520,26,80390230
GameBgm,8078a520,27,80390230
GameBgm,8078a520,28,80390230
GameBgm,8078a520,29,8038f780
GameBgm,8078a520,30,8038f760
GameBgm,8078a520,31,8038f760
GameBgm,8078a520,32,8038f760
GameBgm,8078a520,33,8038f760
GameBgm,8078a520,34,80390230
GameBgm,8078a520,35,8038f6d0
GameBgm,8078a520,36,8038f720
GameBgm,8078a520,37,8038f720
GameBgm,8078a520,38,80390230
GameBgm,8078a520,39,8038f618
GameBgm,8078a520,40,8038f618
GameBgm,8078a520,41,80390230
GameBgm,8078a520,42,80390230
GameBgm,8078a520,43,80390230
GameBgm,8078a520,44,80390230
GameBgm,8078a520,45,80390230
GameBgm,8078a520,46,8038f7c0
GameBgm,8078a520,47,8038f760
GameBgm,8078a520,48,80390230
GameBgm,8078a520,49,80390230
GameBgm,8078a520,50,80390230
GameBgm,8078a520,51,80390230
GameBgm,8078a520,52,80390230
GameBgm,8078a520,53,80390230
GameBgm,8078a520,54,8038f80c
GameBgm,8078a520,55,80390230
GameBgm,8078a520,56,8038f80c
GameBgm,8078a520,57,80390230
GameBgm,8078a520,58,80390230
GameBgm,8078a520,59,80390230
GameBgm,8078a520,60,80390230
GameBgm,8078a520,61,80390230
GameBgm,8078a520,62,80390230
GameBgm,8078a520,63,80390230
GameBgm,8078a520,64,8038f760
GameBgm,8078a520,65,80390230
GameBgm,8078a520,66,80390230
GameBgm,8078a520,67,80390230
GameBgm,8078a520,68,80390230
GameBgm,8078a520,69,80390230
GameBgm,8078a520,70,80390230
GameBgm,8078a520,71,80390230
GameBgm,8078a520,72,80390230
GameBgm,8078a520,73,80390230
GameBgm,8078a520,74,80390230
GameBgm,8078a520,75,80390230
GameBgm,8078a520,76,80390230
GameBgm,8078a520,77,80390230
GameBgm,8078a520,78,80390230
GameBgm,8078a520,79,80390230
GameBgm,8078a520,80,80390230
GameBgm,8078a520,81,80390230
GameBgm,8078a520,82,8038f848
GameBgm,8078a520,83,8038f858
GameBgm,8078a520,84,80390230
GameBgm,8078a520,85,80390230
GameBgm,8078a520,86,80390230
GameBgm,8078a520,87,8038f868
GameBgm,8078a520,88,80390230
GameBgm,8078a520,89,80390230
GameBgm,8078a520,90,8038f760
GameBgm,8078a520,91,80390230
GameBgm,8078a520,92,80390230
GameBgm,8078a520,93,80390230
GameBgm,8078a520,94,80390230
GameBgm,8078a520,95,80390230
GameBgm,8078a520,96,80390230
GameBgm,8078a520,97,80390230
GameBgm,8078a520,98,80390230
GameBgm,8078a520,99,80390230
GameBgm,8078a520,100,80390230
GameBgm,8078a520,101,8038f8ac
GameBgm,8078a520,102,80390230
GameBgm,8078a520,103,80390230
GameBgm,8078a520,104,80390230
GameBgm,8078a520,105,80390230
GameBgm,8078a520,106,80390230
GameBgm,8078a520,107,80390230
GameBgm,8078a520,108,80390230
GameBgm,8078a520,109,80390230
GameBgm,8078a520,110,80390230
GameBgm,8078a520,111,80390230
GameBgm,8078a520,112,80390230
GameBgm,8078a520,113,80390230
GameBgm,8078a520,114,80390230
GameBgm,8078a520,115,80390230
GameBgm,8078a520,116,8038f88c
GameBgm,8078a520,117,8038f88c
GameBgm,8078a520,118,8038f88c
GameBgm,8078a520,119,8038f838
GameBgm,8078a520,120,80390230
GameBgm,8078a520,121,8038f838
GameBgm,8078a520,122,80390230
GameBgm,8078a520,123,80390230
GameBgm,8078a520,124,80390230
GameBgm,8078a520,125,80390230
GameBgm,8078a520,126,80390230
GameBgm,8078a520,127,8038fefc
GameBgm,8078a520,128,80390230
GameBgm,8078a520,129,80390230
GameBgm,8078a520,130,80390230
GameBgm,8078a520,131,80390230
GameBgm,8078a520,132,80390230
GameBgm,8078a520,133,80390230
GameBgm,8078a520,134,80390230
GameBgm,8078a520,135,80390324
GameBgm,8078a520,136,80390230
GameBgm,8078a520,137,80390230
GameBgm,8078a520,138,8038ff9c
GameBgm,8078a520,139,80390230
GameBgm,8078a520,140,80390230
GameBgm,8078a520,141,80390230
GameBgm,8078a520,142,80390230
GameBgm,8078a520,143,80390230
GameBgm,8078a520,144,8038ff4c
GameBgm,8078a520,145,80390108
GameBgm,8078a520,146,80390230
GameBgm,8078a520,147,8038f900
GameChoiceWindow,8078b500,0,803b7a08
GameChoiceWindow,8078b500,1,803b7a60
GameChoiceWindow,8078b500,2,803b7ad0
GameChoiceWindow,8078b500,3,803b7e20
GameChoiceWindow,8078b500,4,80013cac
GameEventScript,8078b158,0,803940a8
GameEventScript,8078b158,1,803ad130
GameMessageWindow,8078b4c8,0,803b443c
GameMessageWindow,8078b4c8,1,803b4494
GameMessageWindow,8078b4c8,2,803b4564
GameMessageWindow,8078b4c8,3,80043128
GameMessageWindow,8078b4c8,4,80013cac
GameOverTask,8078a4e8,0,8037ca24
GameOverTask,8078a4e8,1,8037caf0
GameOverTask,8078a4e8,2,8037cb38
GameOverTask,8078a4e8,3,80043128
GameOverTask,8078a4e8,4,80013cac
GamePauseTask,8078a3c8,0,80366454
GamePauseTask,8078a3c8,1,80366e54
GamePauseTask,8078a3c8,2,80368280
GamePauseTask,8078a3c8,3,8036b7f4
GamePauseTask,8078a3c8,4,80013cac
GameSaveLoadBackgroundCommon,8078b458,0,803b6260
GameSaveLoadBackgroundCommon,8078b458,1,803b62c8
GameSaveLoadBackgroundCommon,8078b458,2,803b6324
GameSaveLoadBackgroundCommon,8078b458,3,80043128
GameSaveLoadBackgroundCommon,8078b458,4,80013cac
GameSaveLoadCommon,8078b3f8,0,803b35a0
GameSaveLoadCommon,8078b3f8,1,800d2860
GameSaveLoadCommon,8078b3f8,2,803b34d8
GameSaveLoadCommon,8078b3f8,3,80043128
GameSaveLoadCommon,8078b3f8,4,80013cac
GameSaveTask,8078b540,0,803b3480
GameSaveTask,8078b540,1,800d2860
GameSaveTask,8078b540,2,8004312c
GameSaveTask,8078b540,3,80043128
GameSaveTask,8078b540,4,80013cac
GameSoundControl,8078be00,0,803ce550
GameSoundControl,8078be00,1,803ce5b0
GameSoundControl,8078be00,2,803ce5dc
GameSoundControl,8078be00,3,803ce684
GameSoundControl,8078be00,4,80013cac
GameTextMessageWindow,8078b490,0,803b5564
GameTextMessageWindow,8078b490,1,803b55bc
GameTextMessageWindow,8078b490,2,803b5618
GameTextMessageWindow,8078b490,3,80043128
GameTextMessageWindow,8078b490,4,80013cac
GameTimer,8078be38,0,803ddf34
GameTimer,8078be38,1,803ddff8
GameTimer,8078be38,2,803de0bc
GameTimer,8078be38,3,803de180
GameTimer,8078be38,4,803de23c
GameTimer,8078be38,5,803de300
GameTimer,8078be38,6,803de3cc
GameTimer,8078be38,7,803de498
GameVoice,8078c6c0,0,803ec1cc
GameVoice,8078c6c0,1,803ec360
GameVoice,8078c6c0,2,803ec1d8
GameVoice,8078c6c0,3,803ec1e4
GameVoice,8078c6c0,4,803ec360
GameVoice,8078c6c0,5,803ec360
GameVoice,8078c6c0,6,803ec360
GameVoice,8078c6c0,7,803ec360
GameVoice,8078c6c0,8,803ec1f0
GameVoice,8078c6c0,9,803ec1fc
GameVoice,8078c6c0,10,803ec360
GameVoice,8078c6c0,11,803ec360
GameVoice,8078c6c0,12,803ec360
GameVoice,8078c6c0,13,803ec360
GameVoice,8078c6c0,14,803ec208
GameVoice,8078c6c0,15,803ec214
GameVoice,8078c6c0,16,803ec220
GameVoice,8078c6c0,17,803ec22c
GameVoice,8078c6c0,18,803ec360
GameVoice,8078c6c0,19,803ec238
GameVoice,8078c6c0,20,803ec244
GameVoice,8078c6c0,21,803ec360
GameVoice,8078c6c0,22,803ec250
GameVoice,8078c6c0,23,803ec360
GameVoice,8078c6c0,24,803ec360
GameVoice,8078c6c0,25,803ec360
GameVoice,8078c6c0,26,803ec25c
GameVoice,8078c6c0,27,803ec360
GameVoice,8078c6c0,28,803ec360
GameVoice,8078c6c0,29,803ec360
GameVoice,8078c6c0,30,803ec360
GameVoice,8078c6c0,31,803ec268
GameVoice,8078c6c0,32,803ec274
GameVoice,8078c6c0,33,803ec360
GameVoice,8078c6c0,34,803ec280
GameVoice,8078c6c0,35,803ec28c
GameVoice,8078c6c0,36,803ec298
GameVoice,8078c6c0,37,803ec360
GameVoice,8078c6c0,38,803ec2a4
GameVoice,8078c6c0,39,803ec360
GameVoice,8078c6c0,40,803ec360
GameVoice,8078c6c0,41,803ec360
GameVoice,8078c6c0,42,803ec360
GameVoice,8078c6c0,43,803ec2b0
GameVoice,8078c6c0,44,803ec2bc
GameVoice,8078c6c0,45,803ec360
GameVoice,8078c6c0,46,803ec2c8
GameVoice,8078c6c0,47,803ec360
GameVoice,8078c6c0,48,803ec360
GameVoice,8078c6c0,49,803ec360
GameVoice,8078c6c0,50,803ec2d4
GameVoice,8078c6c0,51,803ec2e0
GameVoice,8078c6c0,52,803ec2ec
GameVoice,8078c6c0,53,803ec2f8
GameVoice,8078c6c0,54,803ec304
GameVoice,8078c6c0,55,803ec310
GameVoice,8078c6c0,56,803ec360
GameVoice,8078c6c0,57,803ec360
GameVoice,8078c6c0,58,803ec31c
GameVoice,8078c6c0,59,803ec328
GameVoice,8078c6c0,60,803ec360
GameVoice,8078c6c0,61,803ec334
GameVoice,8078c6c0,62,803ec340
GameVoice,8078c6c0,63,803ec34c
GameVoice,8078c6c0,64,803ec360
GameVoice,8078c6c0,65,803ec358
GameVoice,8078c6c0,66,803ec3cc
GameVoice,8078c6c0,67,803ec3d8
GameVoice,8078c6c0,68,803ec3e4
GameVoice,8078c6c0,69,803ec3f0
GameVoice,8078c6c0,70,803ec3fc
GameVoice,8078c6c0,71,803ec408
GameVoice,8078c6c0,72,803ec554
GameVoice,8078c6c0,73,803ec554
GameVoice,8078c6c0,74,803ec414
GameVoice,8078c6c0,75,803ec420
GameVoice,8078c6c0,76,803ec42c
GameVoice,8078c6c0,77,803ec438
GameVoice,8078c6c0,78,803ec554
GameVoice,8078c6c0,79,803ec554
GameVoice,8078c6c0,80,803ec554
GameVoice,8078c6c0,81,803ec444
GameVoice,8078c6c0,82,803ec554
GameVoice,8078c6c0,83,803ec450
GameVoice,8078c6c0,84,803ec554
GameVoice,8078c6c0,85,803ec554
GameVoice,8078c6c0,86,803ec554
GameVoice,8078c6c0,87,803ec45c
GameVoice,8078c6c0,88,803ec468
GameVoice,8078c6c0,89,803ec554
GameVoice,8078c6c0,90,803ec474
GameVoice,8078c6c0,91,803ec480
GameVoice,8078c6c0,92,803ec48c
GameVoice,8078c6c0,93,803ec498
GameVoice,8078c6c0,94,803ec554
GameVoice,8078c6c0,95,803ec4a4
GameVoice,8078c6c0,96,803ec4b0
GameVoice,8078c6c0,97,803ec554
GameVoice,8078c6c0,98,803ec554
GameVoice,8078c6c0,99,803ec554
GameVoice,8078c6c0,100,803ec4bc
GameVoice,8078c6c0,101,803ec554
GameVoice,8078c6c0,102,803ec4c8
GameVoice,8078c6c0,103,803ec4d4
GameVoice,8078c6c0,104,803ec4e0
GameVoice,8078c6c0,105,803ec4ec
GameVoice,8078c6c0,106,803ec554
GameVoice,8078c6c0,107,803ec554
GameVoice,8078c6c0,108,803ec554
GameVoice,8078c6c0,109,803ec554
GameVoice,8078c6c0,110,803ec4f8
GameVoice,8078c6c0,111,803ec504
GameVoice,8078c6c0,112,803ec510
GameVoice,8078c6c0,113,803ec554
GameVoice,8078c6c0,114,803ec554
GameVoice,8078c6c0,115,803ec554
GameVoice,8078c6c0,116,803ec554
GameVoice,8078c6c0,117,803ec554
GameVoice,8078c6c0,118,803ec554
GameVoice,8078c6c0,119,803ec51c
GameVoice,8078c6c0,120,803ec528
GameVoice,8078c6c0,121,803ec554
GameVoice,8078c6c0,122,803ec554
GameVoice,8078c6c0,123,803ec554
GameVoice,8078c6c0,124,803ec534
GameVoice,8078c6c0,125,803ec554
GameVoice,8078c6c0,126,803ec540
GameVoice,8078c6c0,127,803ec54c
GameVoice,8078c6c0,128,803eca60
GameVoice,8078c6c0,129,803eca54
GameVoice,8078c6c0,130,803eca54
GameVoice,8078c6c0,131,803eca60
GameVoice,8078c6c0,132,803eca54
GameVoice,8078c6c0,133,803eca54
GameVoice,8078c6c0,134,803eca60
GameVoice,8078c6c0,135,803eca60
GameVoice,8078c6c0,136,803eca60
GameVoice,8078c6c0,137,803eca60
GameVoice,8078c6c0,138,803eca60
GameVoice,8078c6c0,139,803eca60
GameVoice,8078c6c0,140,803eca60
GameVoice,8078c6c0,141,803eca60
GameVoice,8078c6c0,142,803eca60
GameVoice,8078c6c0,143,803eca60
GameVoice,8078c6c0,144,803eca54
GameVoice,8078c6c0,145,803eca54
GameVoice,8078c6c0,146,803eca60
GameVoice,8078c6c0,147,803eca60
GameVoice,8078c6c0,148,803eca60
GameVoice,8078c6c0,149,803eca54
GameVoice,8078c6c0,150,803eca60
GameVoice,8078c6c0,151,803eca60
GameVoice,8078c6c0,152,803eca54
GameVoice,8078c6c0,153,803eca60
GameVoice,8078c6c0,154,803eca60
GameVoice,8078c6c0,155,803eca54
GameVoice,8078c6c0,156,803eca54
GameVoice,8078c6c0,157,803eca60
GameVoice,8078c6c0,158,803eca60
GameVoice,8078c6c0,159,803eca60
GameVoice,8078c6c0,160,803eca60
GameVoice,8078c6c0,161,803eca60
GameVoice,8078c6c0,162,803eca54
GameVoice,8078c6c0,163,803eca60
GameVoice,8078c6c0,164,803eca54
GameVoice,8078c6c0,165,803eca60
GameVoice,8078c6c0,166,803eca54
GameVoice,8078c6c0,167,803eca60
GameVoice,8078c6c0,168,803eca60
GameVoice,8078c6c0,169,803eca60
GameVoice,8078c6c0,170,803eca60
GameVoice,8078c6c0,171,803eca60
GameVoice,8078c6c0,172,803eca60
GameVoice,8078c6c0,173,803eca54
GameVoice,8078c6c0,174,803eca54
GameVoice,8078c6c0,175,803eca60
GameVoice,8078c6c0,176,803eca54
GameVoice,8078c6c0,177,803eca60
GameVoice,8078c6c0,178,803eca60
GameVoice,8078c6c0,179,803eca54
GameVoice,8078c6c0,180,803eca60
GameVoice,8078c6c0,181,803eca60
GameVoice,8078c6c0,182,803eca60
GameVoice,8078c6c0,183,803eca60
GameVoice,8078c6c0,184,803eca60
GameVoice,8078c6c0,185,803eca60
GameVoice,8078c6c0,186,803eca60
GameVoice,8078c6c0,187,803eca60
GameVoice,8078c6c0,188,803eca60
GameVoice,8078c6c0,189,803eca60
GameVoice,8078c6c0,190,803eca60
GameVoice,8078c6c0,191,803eca54
Gun,8078f250,0,804406c4
Gun,8078f250,1,80046218
Gun,8078f250,2,80440990
Gun,8078f250,3,80046200
Gun,8078f250,4,80046214
Gun,8078f250,5,800461fc
HomeButtonMenu,8078f288,0,80440bb0
HomeButtonMenu,8078f288,1,80440bc8
HomeButtonMenu,8078f288,2,80440be0
HomeButtonMenu,8078f288,3,80440bf8
HomeButtonMenu,8078f288,4,80440c10
HomeButtonMenu,8078f288,5,80440c28
HomeButtonMenu,8078f288,6,80440c58
HomeButtonMenu,8078f288,7,80440c40
HomingBullet,8078f2f0,0,804457e8
HomingBullet,8078f2f0,1,80445d70
HomingBullet,8078f2f0,2,804452ec
HomingBullet,8078f2f0,3,80445718
HomingBullet,8078f2f0,4,804457e8
HomingBullet,8078f2f0,5,804452ec
HomingBullet,8078f2f0,6,80445e40
HomingBullet,8078f2f0,7,804452ec
HomingBullet,8078f2f0,8,80445f8c
HomingBullet,8078f2f0,9,80446348
HomingBullet,8078f2f0,10,80446540
HomingBullet,8078f2f0,11,80446624
HomingBullet,8078f2f0,12,80445f8c
HomingBullet,8078f2f0,13,80446348
HomingBullet,8078f2f0,14,80446540
HomingBullet,8078f2f0,15,80445f8c
HomingBullet,8078f2f0,16,804466a4
HomingBullet,8078f2f0,17,80445f8c
IAllocator,807785d0,0,80084e78
IAllocator,807785d0,1,80084f30
IAllocator,807785d0,2,80084f58
IAllocator,807785d0,3,80084f6c
IAllocator,807785d0,4,80084f7c
IAllocator,807785d0,5,80084fa8
IPL.TID,807b3038,0,806245b4
IPL.TID,807b3038,1,806245e4
IPL.TID,807b3038,2,8062462c
IPL.TID,807b3038,3,80624660
IPL.TID,807b3038,4,80624694
IPL.TID,807b3038,5,806246d8
IPL.TID,807b3038,6,80624714
IPL.TID,807b3038,7,8062471c
Japanese,80793940,0,80534054
Japanese,80793940,1,80533c2c
Japanese,80793940,2,80533cc0
Japanese,80793940,3,80533d80
Japanese,80793940,4,80533e40
Japanese,80793940,5,80534054
Japanese,80793940,6,80534054
Japanese,80793940,7,80534054
Japanese,80793940,8,80534054
Japanese,80793940,9,80533e58
Japanese,80793940,10,80533ef4
Japanese,80793940,11,80533f40
Japanese,80793940,12,80533f88
Japanese,80793940,13,80533fa8
Japanese,80793940,14,80533fa8
Japanese,80793940,15,80533fb4
Japanese,80793940,16,80534054
Japanese,80793940,17,80534054
Japanese,80793940,18,80534054
Japanese,80793940,19,80534054
Japanese,80793940,20,80534054
Japanese,80793940,21,80534054
Japanese,80793940,22,80534054
Japanese,80793940,23,80534054
Japanese,80793940,24,80534054
Japanese,80793940,25,80533fd0
Japanese,80793940,26,80535d34
Japanese,80793940,27,80534264
Japanese,80793940,28,805343e0
Japanese,80793940,29,80534a8c
Japanese,80793940,30,80534aec
Japanese,80793940,31,80534c28
Japanese,80793940,32,80534d48
Japanese,80793940,33,80534e9c
Japanese,80793940,34,80534f20
Japanese,80793940,35,80534fcc
Japanese,80793940,36,805350e0
Japanese,80793940,37,805351f0
Japanese,80793940,38,8053538c
Japanese,80793940,39,80535d34
Japanese,80793940,40,80535494
Japanese,80793940,41,80535564
Japanese,80793940,42,805355c4
Japanese,80793940,43,80535620
Japanese,80793940,44,80535688
Japanese,80793940,45,805356f0
Japanese,80793940,46,805357bc
Japanese,80793940,47,805358b8
Japanese,80793940,48,805358f4
Japanese,80793940,49,80535990
Japanese,80793940,50,80535a30
Japanese,80793940,51,80535b14
LastCocoonChrysalis,8078f628,0,80453570
LastCocoonChrysalis,8078f628,1,8045374c
LastCocoonChrysalis,8078f628,2,804541a0
LastCocoonChrysalis,8078f628,3,8045456c
LastCocoonChrysalis,8078f628,4,80013cac
LastCocoonChrysalis,8078f628,5,800ef3e0
LastCocoonChrysalis,8078f628,6,80147b04
LastCocoonChrysalis,8078f628,7,801437d0
LastCocoonChrysalis,8078f628,8,800ef3dc
LastCocoonChrysalis,8078f628,9,800ebf1c
LastCocoonChrysalis,8078f628,10,8014bdb0
LastCocoonChrysalis,8078f628,11,8013c564
LastCocoonChrysalis,8078f628,12,800ef3d8
LastCocoonChrysalis,8078f628,13,804549e8
LastCocoonChrysalis,8078f628,14,804549f8
LastCocoonChrysalis,8078f628,15,800e8630
LastCocoonChrysalis,8078f628,16,80153004
LastCocoonChrysalis,8078f628,17,80152a24
LastCocoonChrysalis,8078f628,18,80148340
LastCocoonChrysalis,8078f628,19,801489cc
LastCocoonChrysalis,8078f628,20,800ef394
LastCocoonChrysalis,8078f628,21,801501f0
LastCocoonChrysalis,8078f628,22,800ef38c
LastCocoonChrysalis,8078f628,23,80454d08
LastCocoonChrysalis,8078f628,24,8035b8b0
LastCocoonChrysalis,8078f628,25,8035bbcc
LastCocoonChrysalis,8078f628,26,800e8fa4
LastCocoonChrysalis,8078f628,27,80155494
LastCocoonChrysalis,8078f628,28,80158d60
LastCocoonChrysalis,8078f628,29,8015dbc8
LastCocoonChrysalis,8078f628,30,801606dc
LastCocoonChrysalis,8078f628,31,80160f54
LastCocoonChrysalis,8078f628,32,80168fcc
LastCocoonChrysalis,8078f628,33,80169c0c
LastCocoonChrysalis,8078f628,34,800ef2ac
LastCocoonChrysalis,8078f628,35,800ef370
LastCocoonChrysalis,8078f628,36,80176b68
LastCocoonChrysalis,8078f628,37,80176d2c
LastCocoonChrysalis,8078f628,38,800ef368
LastCocoonChrysalis,8078f628,39,800ee494
LastCocoonChrysalis,8078f628,40,80041a20
LastCocoonChrysalis,8078f628,41,800ef324
LastCocoonChrysalis,8078f628,42,800ef31c
LastCocoonChrysalis,8078f628,43,800ef310
LastCocoonChrysalis,8078f628,44,8017b0f8
LastCocoonChrysalis,8078f628,45,800ef308
LastCocoonChrysalis,8078f628,46,800ef304
LastCocoonChrysalis,8078f628,47,8017bc58
LastCocoonChrysalis,8078f628,48,800ef2f0
LastCocoonChrysalis,8078f628,49,8017bddc
LastCocoonChrysalis,8078f628,50,8017c4c4
LastCocoonChrysalis,8078f628,51,800ef2b4
LastCocoonChrysalis,8078f628,52,8017c52c
LastCocoonChrysalis,8078f628,53,800ef270
LastCocoonChrysalis,8078f628,54,800ef080
LastCocoonChrysalis,8078f628,55,800ee4d8
LastCocoonChrysalis,8078f628,56,800eafd4
LastCocoonChrysalis,8078f628,57,800ea9d4
LastCocoonChrysalis,8078f628,58,800eacec
LastCocoonChrysalis,8078f628,59,80180594
LastCocoonQuadruped,8078faa8,0,8046a5a8
LastCocoonQuadruped,8078faa8,1,8046a690
LastCocoonQuadruped,8078faa8,2,8046a8a4
LastCocoonQuadruped,8078faa8,3,8046a90c
LastCocoonQuadruped,8078faa8,4,80013cac
LastCocoonQuadruped,8078faa8,5,8046a980
LoadSeTableTask,8078caa8,0,803ee124
LoadSeTableTask,8078caa8,1,803ee1f0
LoadSeTableTask,8078caa8,2,803ee318
LoadSeTableTask,8078caa8,3,803ee370
LoadSeTableTask,8078caa8,4,80013cac
MP::Chara<EnemyTask>,80791698,0,804d24b4
MP::Chara<EnemyTask>,80791698,1,804fc294
MP::Chara<EnemyTask>,80791698,2,804fc244
MP::Chara<EnemyTask>,80791698,3,804fc26c
MP::D2AMpMenu,80790ae8,0,804b4b38
MP::D2AMpMenu,80790ae8,1,804b4ad0
MP::D2AMpMenu::RANKING_DATA_LIST_IMPL_FRIEND,80790b10,0,804b4ba8
MP::D2AMpMenu::RANKING_DATA_LIST_IMPL_FRIEND,80790b10,1,804b4b40
MP::D2AMpMenu::RANKING_DATA_LIST_IMPL_TOP,80790b38,0,804b4c18
MP::D2AMpMenu::RANKING_DATA_LIST_IMPL_TOP,80790b38,1,804b4bb0
MP::D2AMpMenuFriend,80790c00,0,804ba088
MP::D2AMpMenuFriend,80790c00,1,804ba138
MP::D2AMpMenuFriend,80790c00,2,804ba82c
MP::D2AMpMenuFriend,80790c00,3,804bafac
MP::D2AMpMenuFriend,80790c00,4,80013cac
MP::D2AMpMenuFriend,80790c00,5,804ba824
MP::D2AMpMenuFriend,80790c00,6,804ba828
MP::D2AMpMenuFriendRoom,80790c40,0,804bcb78
MP::D2AMpMenuFriendRoom,80790c40,1,804bcbd0
MP::D2AMpMenuFriendRoom,80790c40,2,804bcc94
MP::D2AMpMenuFriendRoom,80790c40,3,804bcf48
MP::D2AMpMenuFriendRoom,80790c40,4,804bd000
MP::D2AMpMenuFriendRoom,80790c40,5,804bd1e4
MP::D2AMpMenuFriendRoom,80790c40,6,804bd5f8
MP::D2AMpMenuFriendRoom,80790c40,7,804bd8d4
MP::D2AMpMenuFriendRoom,80790c40,8,804bd104
MP::D2AMpMenuFriendRoom,80790c40,9,804be318
MP::D2AMpMenuFriendRoom,80790c40,10,804bdddc
MP::D2AMpMenuFriendRoom,80790c40,11,804bde10
MP::D2AMpMenuFriendRoom,80790c40,12,804bdf04
MP::D2AMpMenuFriendRoom,80790c40,13,804bdf24
MP::D2AMpMenuFriendRoom,80790c40,14,804bdf2c
MP::D2AMpMenuFriendRoom,80790c40,15,804be128
MP::D2AMpMenuFriendRoom,80790c40,16,804be174
MP::D2AMpMenuFriendRoom,80790c40,17,804be1c0
MP::D2AMpMenuFriendRoom,80790c40,18,804be270
MP::D2AMpMenuFriendRoom,80790c40,19,804be130
MP::D2AMpMenuFriendRoom,80790c40,20,804c08dc
MP::D2AMpMenuFriendRoom,80790c40,21,804c0770
MP::D2AMpMenuFriendRoom,80790c40,22,804c0748
MP::D2AMpMenuFriendRoom,80790c40,23,804c075c
MP::D2AMpMenuFriendRoom,80790c40,24,804c07b8
MP::D2AMpMenuFriendRoom,80790c40,25,804c07c4
MP::D2AMpMenuFriendRoom,80790c40,26,804c087c
MP::D2AMpMenuFriendRoom,80790c40,27,804c089c
MP::D2AMpMenuFriendRoom,80790c40,28,804c08a8
MP::D2AMpMenuFriendRoom,80790c40,29,804c08a8
MP::D2AMpMenuFriendRoom,80790c40,30,804c0888
MP::D2AMpMenuRankMark,80790aa8,0,804af288
MP::D2AMpMenuRankMark,80790aa8,1,804af384
MP::D2AMpMenuRankMark,80790aa8,2,804b0f58
MP::D2AMpMenuRankMark,80790aa8,3,804b2c20
MP::D2AMpMenuRankMark,80790aa8,4,80013cac
MP::D2AMpMenuRankMark,80790aa8,5,804b0a70
MP::D2AMpMenuRankMark,80790aa8,6,804b0a74
MP::D2AMpMenuResult,80790ee8,0,804c8c30
MP::D2AMpMenuResult,80790ee8,1,804c8cf4
MP::D2AMpMenuResult,80790ee8,2,804c972c
MP::D2AMpMenuResult,80790ee8,3,804caf88
MP::D2AMpMenuResult,80790ee8,4,80013cac
MP::D2AMpMenuResult,80790ee8,5,804c9358
MP::D2AMpMenuResult,80790ee8,6,804c935c
MP::D2AMpMenuSetMessage,80790f28,0,804cdb7c
MP::D2AMpMenuSetMessage,80790f28,1,804cdbfc
MP::D2AMpMenuSetMessage,80790f28,2,804ce120
MP::D2AMpMenuSetMessage,80790f28,3,804ceaa0
MP::D2AMpMenuSetMessage,80790f28,4,80013cac
MP::D2AMpMenuSetMessage,80790f28,5,804ce118
MP::D2AMpMenuSetMessage,80790f28,6,804ce11c
MP::Manager2,80791710,0,804d14bc
MP::Manager2,80791710,1,804ae3c4
MP::Manager2,80791710,2,804fc524
MP::Manager2,80791710,3,804fc51c
MP::Manager2,80791710,4,804fc514
MP::Popup,80792aa0,0,80502368
MP::Popup,80792aa0,1,800d2860
MP::Popup,80792aa0,2,80502460
MP::Popup,80792aa0,3,80043128
MP::Popup,80792aa0,4,80013cac
MP::SoftKeyboard,80792d68,0,80503a58
MP::SoftKeyboard,80792d68,1,800c65f0
MP::SoftKeyboard,80792d68,2,800c6cd4
MP::func_ack,807920b8,0,80500920
MP::func_ack,807920b8,1,80500918
MP::func_ack,807920b8,2,805006c4
MP::func_ack,807920b8,3,80500630
MP::func_ack,807920b8,4,80500928
MP::func_ack,807920b8,5,80500628
MP::func_apply_item,80792780,0,80500f40
MP::func_apply_item,80792780,1,80500f38
MP::func_apply_item,80792780,2,805006c4
MP::func_apply_item,80792780,3,80500630
MP::func_apply_item,80792780,4,80500f48
MP::func_apply_item,80792780,5,80500628
MP::func_apply_skill,807927b8,0,80500f58
MP::func_apply_skill,807927b8,1,80500f50
MP::func_apply_skill,807927b8,2,805006c4
MP::func_apply_skill,807927b8,3,80500630
MP::func_apply_skill,807927b8,4,80500f60
MP::func_apply_skill,807927b8,5,80500628
MP::func_bot_on_team,807920f0,0,80500938
MP::func_bot_on_team,807920f0,1,80500930
MP::func_bot_on_team,807920f0,2,805006c4
MP::func_bot_on_team,807920f0,3,80500630
MP::func_bot_on_team,807920f0,4,80500940
MP::func_bot_on_team,807920f0,5,80500628
MP::func_bullet_register,80792940,0,80501000
MP::func_bullet_register,80792940,1,80500ff8
MP::func_bullet_register,80792940,2,805006c4
MP::func_bullet_register,80792940,3,80500630
MP::func_bullet_register,80792940,4,80501008
MP::func_bullet_register,80792940,5,80500628
MP::func_chat,80791ef8,0,80500860
MP::func_chat,80791ef8,1,80500858
MP::func_chat,80791ef8,2,805006c4
MP::func_chat,80791ef8,3,80500630
MP::func_chat,80791ef8,4,80500868
MP::func_chat,80791ef8,5,80500628
MP::func_client_timeout,807921d0,0,80500998
MP::func_client_timeout,807921d0,1,80500990
MP::func_client_timeout,807921d0,2,805006c4
MP::func_client_timeout,807921d0,3,80500630
MP::func_client_timeout,807921d0,4,805009a0
MP::func_client_timeout,807921d0,5,80500628
MP::func_client_update,80792278,0,805009e0
MP::func_client_update,80792278,1,805009d8
MP::func_client_update,80792278,2,805006c4
MP::func_client_update,80792278,3,80500630
MP::func_client_update,80792278,4,805009e8
MP::func_client_update,80792278,5,80500628
MP::func_damaged_enemy_sp,80792320,0,80500a28
MP::func_damaged_enemy_sp,80792320,1,80500a20
MP::func_damaged_enemy_sp,80792320,2,805006c4
MP::func_damaged_enemy_sp,80792320,3,80500630
MP::func_damaged_enemy_sp,80792320,4,80500a60
MP::func_damaged_enemy_sp,80792320,5,80500a30
MP::func_enemy_reinforce,80791ec0,0,80500848
MP::func_enemy_reinforce,80791ec0,1,80500840
MP::func_enemy_reinforce,80791ec0,2,805006c4
MP::func_enemy_reinforce,80791ec0,3,80500630
MP::func_enemy_reinforce,80791ec0,4,80500850
MP::func_enemy_reinforce,80791ec0,5,80500628
MP::func_enemy_status,80792438,0,80500b58
MP::func_enemy_status,80792438,1,80500b50
MP::func_enemy_status,80792438,2,805006c4
MP::func_enemy_status,80792438,3,80500630
MP::func_enemy_status,80792438,4,80500b60
MP::func_enemy_status,80792438,5,80500628
MP::func_enemy_status_sp,80792400,0,80500b08
MP::func_enemy_status_sp,80792400,1,80500b00
MP::func_enemy_status_sp,80792400,2,805006c4
MP::func_enemy_status_sp,80792400,3,80500630
MP::func_enemy_status_sp,80792400,4,80500b48
MP::func_enemy_status_sp,80792400,5,80500b10
MP::func_enemy_sync,807923c8,0,80500ad8
MP::func_enemy_sync,807923c8,1,80500ad0
MP::func_enemy_sync,807923c8,2,805006c4
MP::func_enemy_sync,807923c8,3,80500630
MP::func_enemy_sync,807923c8,4,80500af8
MP::func_enemy_sync,807923c8,5,80500ae0
MP::func_enemy_update_loc,80792390,0,80500a88
MP::func_enemy_update_loc,80792390,1,80500a80
MP::func_enemy_update_loc,80792390,2,805006c4
MP::func_enemy_update_loc,80792390,3,80500630
MP::func_enemy_update_loc,80792390,4,80500ac8
MP::func_enemy_update_loc,80792390,5,80500a90
MP::func_enemy_update_loc_mot1,80792358,0,80500a70
MP::func_enemy_update_loc_mot1,80792358,1,80500a68
MP::func_enemy_update_loc_mot1,80792358,2,805006c4
MP::func_enemy_update_loc_mot1,80792358,3,80500630
MP::func_enemy_update_loc_mot1,80792358,4,80500a78
MP::func_enemy_update_loc_mot1,80792358,5,80500628
MP::func_enter_setting,80791c58,0,80500740
MP::func_enter_setting,80791c58,1,80500738
MP::func_enter_setting,80791c58,2,805006c4
MP::func_enter_setting,80791c58,3,80500630
MP::func_enter_setting,80791c58,4,80500748
MP::func_enter_setting,80791c58,5,80500628
MP::func_explode_fx,80792860,0,80500fa0
MP::func_explode_fx,80792860,1,80500f98
MP::func_explode_fx,80792860,2,805006c4
MP::func_explode_fx,80792860,3,80500630
MP::func_explode_fx,80792860,4,80500fa8
MP::func_explode_fx,80792860,5,80500628
MP::func_explode_fx_reliable,80792828,0,80500f88
MP::func_explode_fx_reliable,80792828,1,80500f80
MP::func_explode_fx_reliable,80792828,2,805006c4
MP::func_explode_fx_reliable,80792828,3,80500630
MP::func_explode_fx_reliable,80792828,4,80500f90
MP::func_explode_fx_reliable,80792828,5,80500628
MP::func_game_close,80792198,0,80500980
MP::func_game_close,80792198,1,80500978
MP::func_game_close,80792198,2,805006c4
MP::func_game_close,80792198,3,80500630
MP::func_game_close,80792198,4,80500988
MP::func_game_close,80792198,5,80500628
MP::func_game_end,80792208,0,805009b0
MP::func_game_end,80792208,1,805009a8
MP::func_game_end,80792208,2,805006c4
MP::func_game_end,80792208,3,80500630
MP::func_game_end,80792208,4,805009b8
MP::func_game_end,80792208,5,80500628
MP::func_game_open,80792160,0,80500968
MP::func_game_open,80792160,1,80500960
MP::func_game_open,80792160,2,805006c4
MP::func_game_open,80792160,3,80500630
MP::func_game_open,80792160,4,80500970
MP::func_game_open,80792160,5,80500628
MP::func_game_start,80792240,0,805009c8
MP::func_game_start,80792240,1,805009c0
MP::func_game_start,80792240,2,805006c4
MP::func_game_start,80792240,3,80500630
MP::func_game_start,80792240,4,805009d0
MP::func_game_start,80792240,5,80500628
MP::func_gimmick_trigger,807928d0,0,80500fd0
MP::func_gimmick_trigger,807928d0,1,80500fc8
MP::func_gimmick_trigger,807928d0,2,805006c4
MP::func_gimmick_trigger,807928d0,3,80500630
MP::func_gimmick_trigger,807928d0,4,80500fd8
MP::func_gimmick_trigger,807928d0,5,80500628
MP::func_hit_force,80792898,0,80500fb8
MP::func_hit_force,80792898,1,80500fb0
MP::func_hit_force,80792898,2,805006c4
MP::func_hit_force,80792898,3,80500630
MP::func_hit_force,80792898,4,80500fc0
MP::func_hit_force,80792898,5,80500628
MP::func_homing_bullet_register,80792908,0,80500fe8
MP::func_homing_bullet_register,80792908,1,80500fe0
MP::func_homing_bullet_register,80792908,2,805006c4
MP::func_homing_bullet_register,80792908,3,80500630
MP::func_homing_bullet_register,80792908,4,80500ff0
MP::func_homing_bullet_register,80792908,5,80500628
MP::func_notify_character,80792010,0,805008d8
MP::func_notify_character,80792010,1,805008d0
MP::func_notify_character,80792010,2,805006c4
MP::func_notify_character,80792010,3,80500630
MP::func_notify_character,80792010,4,805008e0
MP::func_notify_character,80792010,5,80500628
MP::func_play_message,807927f0,0,80500f70
MP::func_play_message,807927f0,1,80500f68
MP::func_play_message,807927f0,2,805006c4
MP::func_play_message,807927f0,3,80500630
MP::func_play_message,807927f0,4,80500f78
MP::func_play_message,807927f0,5,80500628
MP::func_player_beatable,80791fd8,0,805008c0
MP::func_player_beatable,80791fd8,1,805008b8
MP::func_player_beatable,80791fd8,2,805006c4
MP::func_player_beatable,80791fd8,3,80500630
MP::func_player_beatable,80791fd8,4,805008c8
MP::func_player_beatable,80791fd8,5,80500628
MP::func_player_info,807925c0,0,80500e80
MP::func_player_info,807925c0,1,80500e78
MP::func_player_info,807925c0,2,805006c4
MP::func_player_info,807925c0,3,80500630
MP::func_player_info,807925c0,4,80500e88
MP::func_player_info,807925c0,5,80500628
MP::func_player_info_for_host,80792588,0,80500e68
MP::func_player_info_for_host,80792588,1,80500e60
MP::func_player_info_for_host,80792588,2,805006c4
MP::func_player_info_for_host,80792588,3,80500630
MP::func_player_info_for_host,80792588,4,80500e70
MP::func_player_info_for_host,80792588,5,80500628
MP::func_player_info_protector,80792550,0,80500e50
MP::func_player_info_protector,80792550,1,80500e48
MP::func_player_info_protector,80792550,2,805006c4
MP::func_player_info_protector,80792550,3,80500630
MP::func_player_info_protector,80792550,4,80500e58
MP::func_player_info_protector,80792550,5,80500628
MP::func_player_info_status,807924e0,0,80500e20
MP::func_player_info_status,807924e0,1,80500e18
MP::func_player_info_status,807924e0,2,805006c4
MP::func_player_info_status,807924e0,3,80500630
MP::func_player_info_status,807924e0,4,80500e28
MP::func_player_info_status,807924e0,5,80500628
MP::func_player_info_weapon,80792518,0,80500e38
MP::func_player_info_weapon,80792518,1,80500e30
MP::func_player_info_weapon,80792518,2,805006c4
MP::func_player_info_weapon,80792518,3,80500630
MP::func_player_info_weapon,80792518,4,80500e40
MP::func_player_info_weapon,80792518,5,80500628
MP::func_player_life,80791fa0,0,805008a8
MP::func_player_life,80791fa0,1,805008a0
MP::func_player_life,80791fa0,2,805006c4
MP::func_player_life,80791fa0,3,80500630
MP::func_player_life,80791fa0,4,805008b0
MP::func_player_life,80791fa0,5,80500628
MP::func_player_load_end,807924a8,0,80500e08
MP::func_player_load_end,807924a8,1,80500d14
MP::func_player_load_end,807924a8,2,80500d1c
MP::func_player_load_end,807924a8,3,80500b80
MP::func_player_load_end,807924a8,4,80500e10
MP::func_player_load_end,807924a8,5,80500628
MP::func_player_notready,80792630,0,80500eb0
MP::func_player_notready,80792630,1,80500ea8
MP::func_player_notready,80792630,2,805006c4
MP::func_player_notready,80792630,3,80500630
MP::func_player_notready,80792630,4,80500eb8
MP::func_player_notready,80792630,5,80500628
MP::func_player_play_end,80792470,0,80500b70
MP::func_player_play_end,80792470,1,80500b68
MP::func_player_play_end,80792470,2,805006c4
MP::func_player_play_end,80792470,3,80500630
MP::func_player_play_end,80792470,4,80500b78
MP::func_player_play_end,80792470,5,80500628
MP::func_player_ready,80792668,0,80500ec8
MP::func_player_ready,80792668,1,80500ec0
MP::func_player_ready,80792668,2,805006c4
MP::func_player_ready,80792668,3,80500630
MP::func_player_ready,80792668,4,80500ed0
MP::func_player_ready,80792668,5,80500628
MP::func_player_result_item_id,80791e50,0,80500818
MP::func_player_result_item_id,80791e50,1,80500810
MP::func_player_result_item_id,80791e50,2,805006c4
MP::func_player_result_item_id,80791e50,3,80500630
MP::func_player_result_item_id,80791e50,4,80500820
MP::func_player_result_item_id,80791e50,5,80500628
MP::func_player_score,80791e88,0,80500830
MP::func_player_score,80791e88,1,80500828
MP::func_player_score,80791e88,2,805006c4
MP::func_player_score,80791e88,3,80500630
MP::func_player_score,80791e88,4,80500838
MP::func_player_score,80791e88,5,80500628
MP::func_player_status,807929e8,0,80501048
MP::func_player_status,807929e8,1,80501040
MP::func_player_status,807929e8,2,805006c4
MP::func_player_status,807929e8,3,80500630
MP::func_player_status,807929e8,4,80501050
MP::func_player_status,807929e8,5,80500628
MP::func_player_sync,807929b0,0,80501030
MP::func_player_sync,807929b0,1,80501028
MP::func_player_sync,807929b0,2,805006c4
MP::func_player_sync,807929b0,3,80500630
MP::func_player_sync,807929b0,4,80501038
MP::func_player_sync,807929b0,5,80500628
MP::func_player_team,807925f8,0,80500e98
MP::func_player_team,807925f8,1,80500e90
MP::func_player_team,807925f8,2,805006c4
MP::func_player_team,807925f8,3,80500630
MP::func_player_team,807925f8,4,80500ea0
MP::func_player_team,807925f8,5,80500628
MP::func_player_update_loc,80792a20,0,804fc2f4
MP::func_player_update_loc,80792a20,1,80501060
MP::func_player_update_loc,80792a20,2,80501058
MP::func_player_update_loc,80792a20,3,804ff9c0
MP::func_player_update_loc,80792a20,4,804ffe08
MP::func_player_update_loc_mot1,80792978,0,80501018
MP::func_player_update_loc_mot1,80792978,1,80501010
MP::func_player_update_loc_mot1,80792978,2,805006c4
MP::func_player_update_loc_mot1,80792978,3,80500630
MP::func_player_update_loc_mot1,80792978,4,80501020
MP::func_player_update_loc_mot1,80792978,5,80500628
MP::func_player_warp,80791f30,0,80500878
MP::func_player_warp,80791f30,1,80500870
MP::func_player_warp,80791f30,2,805006c4
MP::func_player_warp,80791f30,3,80500630
MP::func_player_warp,80791f30,4,80500880
MP::func_player_warp,80791f30,5,80500628
MP::func_player_weapon_temp,807922e8,0,80500a10
MP::func_player_weapon_temp,807922e8,1,80500a08
MP::func_player_weapon_temp,807922e8,2,805006c4
MP::func_player_weapon_temp,807922e8,3,80500630
MP::func_player_weapon_temp,807922e8,4,80500a18
MP::func_player_weapon_temp,807922e8,5,80500628
MP::func_query_team_request,80792080,0,80500908
MP::func_query_team_request,80792080,1,80500900
MP::func_query_team_request,80792080,2,805006c4
MP::func_query_team_request,80792080,3,80500630
MP::func_query_team_request,80792080,4,80500910
MP::func_query_team_request,80792080,5,80500628
MP::func_request_character,80792048,0,805008f0
MP::func_request_character,80792048,1,805008e8
MP::func_request_character,80792048,2,805006c4
MP::func_request_character,80792048,3,80500630
MP::func_request_character,80792048,4,805008f8
MP::func_request_character,80792048,5,80500628
MP::func_request_game_start,80791d00,0,80500788
MP::func_request_game_start,80791d00,1,80500780
MP::func_request_game_start,80791d00,2,805006c4
MP::func_request_game_start,80791d00,3,80500630
MP::func_request_game_start,80791d00,4,80500790
MP::func_request_game_start,80791d00,5,80500628
MP::func_request_time,80791c90,0,80500758
MP::func_request_time,80791c90,1,80500750
MP::func_request_time,80791c90,2,805006c4
MP::func_request_time,80791c90,3,80500630
MP::func_request_time,80791c90,4,80500760
MP::func_request_time,80791c90,5,80500628
MP::func_resolve_team_balance,807922b0,0,805009f8
MP::func_resolve_team_balance,807922b0,1,805009f0
MP::func_resolve_team_balance,807922b0,2,805006c4
MP::func_resolve_team_balance,807922b0,3,80500630
MP::func_resolve_team_balance,807922b0,4,80500a00
MP::func_resolve_team_balance,807922b0,5,80500628
MP::func_responce_game_start,80791cc8,0,80500770
MP::func_responce_game_start,80791cc8,1,80500768
MP::func_responce_game_start,80791cc8,2,805006c4
MP::func_responce_game_start,80791cc8,3,80500630
MP::func_responce_game_start,80791cc8,4,80500778
MP::func_responce_game_start,80791cc8,5,80500628
MP::func_rule_gamestart,807926a0,0,80500ee0
MP::func_rule_gamestart,807926a0,1,80500ed8
MP::func_rule_gamestart,807926a0,2,805006c4
MP::func_rule_gamestart,807926a0,3,80500630
MP::func_rule_gamestart,807926a0,4,80500ee8
MP::func_rule_gamestart,807926a0,5,80500628
MP::func_rule_match_type,80791f68,0,80500890
MP::func_rule_match_type,80791f68,1,80500888
MP::func_rule_match_type,80791f68,2,805006c4
MP::func_rule_match_type,80791f68,3,80500630
MP::func_rule_match_type,80791f68,4,80500898
MP::func_rule_match_type,80791f68,5,80500628
MP::func_rule_player_number,80792128,0,80500950
MP::func_rule_player_number,80792128,1,80500948
MP::func_rule_player_number,80792128,2,805006c4
MP::func_rule_player_number,80792128,3,80500630
MP::func_rule_player_number,80792128,4,80500958
MP::func_rule_player_number,80792128,5,80500628
MP::func_rule_score_limit,807926d8,0,80500ef8
MP::func_rule_score_limit,807926d8,1,80500ef0
MP::func_rule_score_limit,807926d8,2,805006c4
MP::func_rule_score_limit,807926d8,3,80500630
MP::func_rule_score_limit,807926d8,4,80500f00
MP::func_rule_score_limit,807926d8,5,80500628
MP::func_rule_stage,80792748,0,80500f28
MP::func_rule_stage,80792748,1,80500f20
MP::func_rule_stage,80792748,2,805006c4
MP::func_rule_stage,80792748,3,80500630
MP::func_rule_stage,80792748,4,80500f30
MP::func_rule_stage,80792748,5,80500628
MP::func_rule_time_limit,80792710,0,80500f10
MP::func_rule_time_limit,80792710,1,80500f08
MP::func_rule_time_limit,80792710,2,805006c4
MP::func_rule_time_limit,80792710,3,80500630
MP::func_rule_time_limit,80792710,4,80500f18
MP::func_rule_time_limit,80792710,5,80500628
MP::func_start_result,80791d38,0,805007a0
MP::func_start_result,80791d38,1,80500798
MP::func_start_result,80791d38,2,805006c4
MP::func_start_result,80791d38,3,80500630
MP::func_start_result,80791d38,4,805007a8
MP::func_start_result,80791d38,5,80500628
MP::func_sync_complete,80791d70,0,805007b8
MP::func_sync_complete,80791d70,1,805007b0
MP::func_sync_complete,80791d70,2,805006c4
MP::func_sync_complete,80791d70,3,80500630
MP::func_sync_complete,80791d70,4,805007c0
MP::func_sync_complete,80791d70,5,80500628
MP::func_sync_dummy,80791da8,0,805007d0
MP::func_sync_dummy,80791da8,1,805007c8
MP::func_sync_dummy,80791da8,2,805006c4
MP::func_sync_dummy,80791da8,3,80500630
MP::func_sync_dummy,80791da8,4,805007d8
MP::func_sync_dummy,80791da8,5,80500628
MP::func_syncallmessage_host,80791e18,0,80500800
MP::func_syncallmessage_host,80791e18,1,805007f8
MP::func_syncallmessage_host,80791e18,2,805006c4
MP::func_syncallmessage_host,80791e18,3,80500630
MP::func_syncallmessage_host,80791e18,4,80500808
MP::func_syncallmessage_host,80791e18,5,80500628
MP::func_syncallmessage_lobby_host,80791de0,0,805007e8
MP::func_syncallmessage_lobby_host,80791de0,1,805007e0
MP::func_syncallmessage_lobby_host,80791de0,2,805006c4
MP::func_syncallmessage_lobby_host,80791de0,3,80500630
MP::func_syncallmessage_lobby_host,80791de0,4,805007f0
MP::func_syncallmessage_lobby_host,80791de0,5,80500628
MPLS.MOVIE,807b3030,0,80624530
MPLS.MOVIE,807b3030,1,80624574
MPLS.MOVIE,807b3030,2,806245b4
MPLS.MOVIE,807b3030,3,806245e4
MPLS.MOVIE,807b3030,4,8062462c
MPLS.MOVIE,807b3030,5,80624660
MPLS.MOVIE,807b3030,6,80624694
MPLS.MOVIE,807b3030,7,806246d8
MPLS.MOVIE,807b3030,8,80624714
MPLS.MOVIE,807b3030,9,8062471c
MapManager,80790210,0,804920d8
MapManager,80790210,1,804923b4
MapManager,80790210,2,80495ea8
MapManager,80790210,3,80495f78
MapManager,80790210,4,80013cac
MapManager,80790210,5,80495788
MapManager,80790210,6,8049639c
MapManager,80790210,7,804961b4
MapManager,80790210,8,80496398
MapManager,80790210,9,80496394
MapManager,80790210,10,8049638c
MapPartsColliTree,80790370,0,80496774
MapPartsColliTree,80790370,1,80496800
MapPartsColliTree,80790370,2,8049682c
MapPartsColliTree,80790370,3,80496a24
MapPartsColliTree,80790370,4,80013cac
MapPartsColliTree,80790370,5,8049641c
MapPartsColliTree,80790370,6,8049639c
MapPartsColliTree,80790370,7,8042488c
MapPartsColliTree,80790370,8,80496398
MapPartsColliTree,80790370,9,80496394
MapPartsColliTree,80790370,10,8049638c
MapPartsEfp,807903c8,0,80496b94
MapPartsEfp,807903c8,1,80496ba8
MapPartsEfp,807903c8,2,80496bbc
MapPartsEfp,807903c8,3,80496bd0
MapPartsEfp,807903c8,4,80496be4
MapPartsEfp,807903c8,5,80496bf8
MapPartsFlare,80790440,0,804987bc
MapPartsFlare,80790440,1,804987bc
MapPartsFlare,80790440,2,804987a8
MapPartsFlare,80790440,3,804987a8
MapPartsFlare,80790440,4,804987b4
MapPartsFlare,80790440,5,804987b4
MapPartsFlare,80790440,6,804987b4
MapPartsFlare,80790440,7,804987bc
MapPartsFlare,80790440,8,804987bc
MapPartsFlare,80790440,9,804987bc
MapPartsFlare,80790440,10,804987bc
MapPartsFlare,80790440,11,804987bc
MapPartsFlare,80790440,12,804987bc
MapPartsFlare,80790440,13,804987bc
MapPartsFlare,80790440,14,804987bc
MapPartsFlare,80790440,15,804987bc
MapPartsFlare,80790440,16,804987bc
MapPartsFlare,80790440,17,804987bc
MapPartsFlare,80790440,18,804987a8
MapPartsFlare,80790440,19,804987a8
MapPartsFlare,80790440,20,804987bc
MapPartsFlare,80790440,21,804987a8
MapPartsFlare,80790440,22,804987bc
MapPartsFlare,80790440,23,804987bc
MapPartsFlare,80790440,24,804987bc
MapPartsFlare,80790440,25,804987bc
MapPartsFlare,80790440,26,804987bc
MapPartsFlare,80790440,27,804987bc
MapPartsFlare,80790440,28,804987bc
MapPartsFlare,80790440,29,804987bc
MapPartsFlare,80790440,30,804987a8
MapPartsFlare,80790440,31,804987a8
MapPartsFlare,80790440,32,804987a8
MapPartsFlare,80790440,33,8049877c
MapPartsFlare,80790440,34,804987bc
MapPartsFlare,80790440,35,804987bc
MapPartsFlare,80790440,36,804987bc
MapPartsFlare,80790440,37,80498770
MapPartsFlare,80790440,38,80498770
MapPartsFlare,80790440,39,8049877c
MapPartsFlare,80790440,40,8049877c
MapPartsFlare,80790440,41,8049877c
MapPartsFlare,80790440,42,804987bc
MapPartsFlare,80790440,43,804987bc
MapPartsFlare,80790440,44,804987bc
MapPartsFlare,80790440,45,804987bc
MapPartsFlare,80790440,46,804987bc
MapPartsFlare,80790440,47,804987bc
MapPartsFlare,80790440,48,804987bc
MapPartsFlare,80790440,49,804987bc
MapPartsFlare,80790440,50,804987bc
MapPartsFlare,80790440,51,804987bc
MapPartsFlare,80790440,52,804987bc
MapPartsFlare,80790440,53,80498770
MapPartsFlare,80790440,54,80498770
MapPartsFlare,80790440,55,804987bc
MapPartsFlare,80790440,56,80498770
MapPartsFlare,80790440,57,804987bc
MapPartsFlare,80790440,58,804987bc
MapPartsFlare,80790440,59,804987bc
MapPartsFlare,80790440,60,804987bc
MapPartsFlare,80790440,61,804987bc
MapPartsFlare,80790440,62,804987bc
MapPartsFlare,80790440,63,804987bc
MapPartsFlare,80790440,64,804987bc
MapPartsFlare,80790440,65,80498770
MapPartsFlare,80790440,66,80498770
MapPartsFlare,80790440,67,80498770
MapPartsLocatorSet,80790628,0,8049c350
MapPartsLocatorSet,80790628,1,8049c3c0
MapPartsLocatorSet,80790628,2,8049c454
MapPartsLocatorSet,80790628,3,8049c458
MapPartsLocatorSet,80790628,4,80013cac
MapPartsLocatorSet,80790628,5,8049641c
MapPartsLocatorSet,80790628,6,8049c8a8
MapPartsLocatorSet,80790628,7,8049c688
MapPartsLocatorSet,80790628,8,8049bb4c
MapPartsLocatorSet,80790628,9,8049c7ac
MapPartsLocatorSet,80790628,10,8049638c
MapPartsModel,80790680,0,8049cb88
MapPartsModel,80790680,1,8049cbe0
MapPartsModel,80790680,2,8049cc5c
MapPartsModel,80790680,3,8049c458
MapPartsModel,80790680,4,80013cac
MapPartsModel,80790680,5,8049ca9c
MapPartsModel,80790680,6,8049c8a8
MapPartsModel,80790680,7,8049c688
MapPartsModel,80790680,8,8049bb4c
MapPartsModel,80790680,9,8049c7ac
MapPartsModel,80790680,10,8049638c
MapPartsOcean,807906e0,0,8049d1bc
MapPartsOcean,807906e0,1,8049d22c
MapPartsOcean,807906e0,2,8049d234
MapPartsOcean,807906e0,3,8049d24c
MapPartsOcean,807906e0,4,80013cac
MapPartsOcean,807906e0,5,8049d1b4
MapPartsOcean,807906e0,6,8049639c
MapPartsOcean,807906e0,7,8042488c
MapPartsOcean,807906e0,8,80496398
MapPartsOcean,807906e0,9,80496394
MapPartsOcean,807906e0,10,8049638c
MapPartsRain,80790738,0,8049ddd8
MapPartsRain,80790738,1,8049dee4
MapPartsRain,80790738,2,8049ebac
MapPartsRain,80790738,3,8049ed6c
MapPartsRain,80790738,4,80013cac
MapTask,80790770,0,804a2078
MapTask,80790770,1,804a2128
MapTask,80790770,2,804a2294
MapTask,80790770,3,804a2338
MapTask,80790770,4,80013cac
MarketTask,807907a8,0,804a6390
MarketTask,807907a8,1,804a63cc
MarketTask,807907a8,2,804a6408
MarketTask,807907a8,3,804a6534
MarketTask,807907a8,4,804a6534
MarketTask,807907a8,5,804a6444
MarketTask,807907a8,6,804a6480
MarketTask,807907a8,7,804a64bc
MarketTask,807907a8,8,804a64f8
MenuCommonTask,80790810,0,804a83e4
MenuCommonTask,80790810,1,804a8504
MenuCommonTask,80790810,2,804a8644
MenuCommonTask,80790810,3,804a894c
MenuCommonTask,80790810,4,80013cac
MenuLoadTask,80779fe0,0,801177e8
MenuLoadTask,80779fe0,1,80117fe4
MenuLoadTask,80779fe0,2,801185e0
MenuLoadTask,80779fe0,3,801189b4
MenuLoadTask,80779fe0,4,80013cac
MenuLoadTask,80779fe0,5,801191a0
MenuLoadTask,80779fe0,6,801178f4
MenuSaveTask,8077a028,0,80117ef4
MenuSaveTask,8077a028,1,80117fe4
MenuSaveTask,8077a028,2,801185e0
MenuSaveTask,8077a028,3,801189b4
MenuSaveTask,8077a028,4,80013cac
MenuSaveTask,8077a028,5,801191a0
MenuSaveTask,8077a028,6,801191a4
MiniMapTask,80790880,0,804ac588
MiniMapTask,80790880,1,804ac5e0
MiniMapTask,80790880,2,804ad8cc
MiniMapTask,80790880,3,804adb60
MiniMapTask,80790880,4,80013cac
NewCampPartsBase,807826c0,0,801d3f50
NewCampPartsBase,807826c0,1,801d3f50
NewCampPartsBase,807826c0,2,801d41c8
NewCampPartsBase,807826c0,3,801d43c8
NewCampPartsBase,807826c0,4,801d4270
NewCampPartsBase,807826c0,5,801d4324
NewCampPartsBase,807826c0,6,801d43f8
NewCampPartsBase,807826c0,7,801d442c
NewCampPartsBase,807826c0,8,801d408c
NewCampPartsBase,807826c0,9,801d4460
NewCampPartsBase,807826c0,10,801d455c
NewCampPartsBase,807826c0,11,801d455c
NewCampPartsBase,807826c0,12,801d44e0
NewCampPartsBase,807826c0,13,801d494c
NewCampPartsBase,807826c0,14,801d49f0
NewCampPartsBase,807826c0,15,801d4958
NewCampPartsBase,807826c0,16,801d4964
NewCampPartsBase,807826c0,17,801d4970
NewCampPartsBase,807826c0,18,801d497c
NewCampPartsBase,807826c0,19,801d4988
NewCampPartsBase,807826c0,20,801d4994
NewCampPartsBase,807826c0,21,801d49ac
NewCampPartsBase,807826c0,22,801d49b8
NewCampPartsBase,807826c0,23,801d49a0
NewCampPartsBase,807826c0,24,801d49c4
NewCampPartsBase,807826c0,25,801d49d0
NewCampPartsBase,807826c0,26,801d49dc
NewCampPartsBase,807826c0,27,801d49e8
NewCampPartsBase,807826c0,28,801d4a90
NewCampPartsBase,807826c0,29,801d4a4c
NewCampPartsBase,807826c0,30,801d4ac0
NewCampPartsBase,807826c0,31,801d4b1c
NewCampPartsBase,807826c0,32,801d4b78
NewCampPartsBase,807826c0,33,801d4be8
NewCampPartsBase,807826c0,34,801d4c24
NewCampPartsBase,807826c0,35,801d4c24
NewCampPartsBase,807826c0,36,801d4ce0
NewCampPartsBase,807826c0,37,801d4d64
NewCampPartsBase,807826c0,38,801d4c8c
NewCampPartsBase,807826c0,39,801d4e04
NewCampPartsBase,807826c0,40,801d4e28
NewCampPartsBase,807826c0,41,801d4e28
NewCampPartsBase,807826c0,42,801d4e3c
NewCampPartsBase,807826c0,43,801d53fc
NewCampPartsBase,807826c0,44,801d53fc
NewCampPartsBase,807826c0,45,801d5330
NewCampPartsBase,807826c0,46,801d5374
NewCampPartsBase,807826c0,47,801d53fc
NewCampPartsBase,807826c0,48,801d53b8
NewCampPartsBase,807826c0,49,801d53c4
NewCampPartsBase,807826c0,50,801d53c4
NewCampPartsBase,807826c0,51,801d53e8
NewCampPartsBase,807826c0,52,801d53f4
NewCampPartsBase,807826c0,53,801d53cc
NewCampPartsHint,80793448,0,80516ca8
NewCampPartsHint,80793448,1,80510080
NewCampPartsHint,80793448,2,80516dfc
NewCampPartsHint,80793448,3,80516e0c
NewCampPartsHint,80793448,4,80013cac
NewCampPartsHint,80793448,5,80516d38
NewCampPartsHint,80793448,6,80517660
NewCampPartsHint,80793448,7,805179a0
NewCampPartsHint,80793448,8,805179f4
NewCampPartsHint,80793448,9,80517ad4
NewCampPartsHint,80793448,10,80517af8
NewCampPartsHint,80793448,11,8051201c
NewCampPartsHint,80793448,12,801cfc30
NewCampPartsHint,80793448,13,80517a60
NewCampPartsHint,80793448,14,805112fc
NewCampPartsHint,80793448,15,80511718
NewCampPartsHint,80793448,16,8051b7cc
NewCampPartsHint,80793448,17,80516d30
NewCampPartsHint,80793448,18,80510130
NewCampPartsHint,80793448,19,80510100
NewCampPartsHint,80793448,20,80510724
NewCampPartsHint,80793448,21,80510568
NewCampPartsHint,80793448,22,805109d0
NewCampPartsMapSelect,80793588,0,80524ed4
NewCampPartsMapSelect,80793588,1,80524edc
NewCampPartsMapSelect,80793588,2,80524ee4
NewCampPartsMapSelect,80793588,3,80524f1c
NewCampPartsMapSelect,80793588,4,80525048
NewCampPartsMapSelect,80793588,5,80524f2c
NewCampPartsMapSelect,80793588,6,80524f3c
NewCampPartsMapSelect,80793588,7,80525058
NewCampPartsMapSelect,80793588,8,805250dc
NewCampPartsMapSelect,80793588,9,80525718
NewCampPartsMapSelect,80793588,10,80525730
NewCampPartsMapSelect,80793588,11,80525740
NewCampPartsMapSelect,80793588,12,80525770
NewCampPartsMapSelect,80793588,13,805257a0
NewCampPartsMapSelect,80793588,14,80525780
NewCampPartsMapSelect,80793588,15,80525790
NewCampPartsMapSelect,80793588,16,805257c0
NewCampPartsMapSelect,80793588,17,805257b0
NewCampPartsMapSelect,80793588,18,805268b8
NewCampPartsMapSelect,80793588,19,80526704
NewCampPartsMapSelect,80793588,20,8052672c
NewCampPartsMapSelect,80793588,21,80526754
NewCampPartsMapSelect,80793588,22,8052677c
NewCampPartsMapSelect,80793588,23,805267a4
NewCampPartsMapSelect,80793588,24,805267cc
NewCampPartsMapSelect,80793588,25,805267f4
NewCampPartsMapSelect,80793588,26,8052681c
NewCampPartsMapSelect,80793588,27,80526844
NewCampPartsMapSelect,80793588,28,8052686c
NewCampPartsMapSelect,80793588,29,80526894
NewCampPartsOption,80793690,0,80526bc0
NewCampPartsOption,80793690,1,80510080
NewCampPartsOption,80793690,2,80526cc0
NewCampPartsOption,80793690,3,80526d98
NewCampPartsOption,80793690,4,80013cac
NewCampPartsOption,80793690,5,80526c20
NewCampPartsOption,80793690,6,80527414
NewCampPartsOption,80793690,7,805275ec
NewCampPartsOption,80793690,8,8052770c
NewCampPartsOption,80793690,9,805277c4
NewCampPartsOption,80793690,10,80527920
NewCampPartsOption,80793690,11,8051201c
NewCampPartsOption,80793690,12,801cfc30
NewCampPartsOption,80793690,13,80528dfc
NewCampPartsOption,80793690,14,80528ed8
NewCampPartsOption,80793690,15,80511718
NewCampPartsOption,80793690,16,80528fec
NewCampPartsOption,80793690,17,80526c18
NewCampPartsOption,80793690,18,80510130
NewCampPartsOption,80793690,19,80510100
NewCampPartsOption,80793690,20,80510724
NewCampPartsOption,80793690,21,80510568
NewCampPartsOption,80793690,22,805109d0
NewCampPartsStatus,80793718,0,8052a5a4
NewCampPartsStatus,80793718,1,8052a5b4
NewCampPartsStatus,80793718,2,8052a504
NewCampPartsStatus,80793718,3,8052a5d4
NewCampPartsStatus,80793718,4,8052a5c4
NewCampPartsStatus,80793718,5,8052a5e4
Np131LivingArmor,80794730,0,80547878
Np131LivingArmor,80794730,1,80547908
Np131LivingArmor,80794730,2,8011fc84
Np131LivingArmor,80794730,3,8011fd04
Np131LivingArmor,80794730,4,80013cac
Np131LivingArmor,80794730,5,8011fdb4
NpcManager,80794778,0,80547d20
NpcManager,80794778,1,80547d9c
NpcManager,80794778,2,80547dc4
NpcManager,80794778,3,80547df8
NpcManager,80794778,4,80013cac
NpcManager,80794778,5,800ef3e0
NpcManager,80794778,6,80147b04
NpcManager,80794778,7,801437d0
NpcManager,80794778,8,800ef3dc
NpcManager,80794778,9,801388b8
NpcManager,80794778,10,8014bdb0
NpcManager,80794778,11,8013c564
NpcManager,80794778,12,800ef3d8
NpcManager,80794778,13,801513d0
NpcManager,80794778,14,80152a20
NpcManager,80794778,15,80152d10
NpcManager,80794778,16,80153004
NpcManager,80794778,17,80152a24
NpcManager,80794778,18,80148340
NpcManager,80794778,19,801489cc
NpcManager,80794778,20,800ef394
NpcManager,80794778,21,801501f0
NpcManager,80794778,22,800ef38c
NpcManager,80794778,23,80138d70
NpcManager,80794778,24,800e8fac
NpcManager,80794778,25,800e8fb4
NpcManager,80794778,26,800e8fa4
NpcManager,80794778,27,80155494
NpcManager,80794778,28,80158d60
NpcManager,80794778,29,8015dbc8
NpcManager,80794778,30,801606dc
NpcManager,80794778,31,80160f54
NpcManager,80794778,32,80168fcc
NpcManager,80794778,33,80169c0c
NpcManager,80794778,34,800ef2ac
NpcManager,80794778,35,800ef370
NpcManager,80794778,36,80176b68
NpcManager,80794778,37,80176d2c
NpcManager,80794778,38,800ef368
NpcManager,80794778,39,8017cb6c
NpcManager,80794778,40,80041a20
NpcManager,80794778,41,800ef324
NpcManager,80794778,42,800ef31c
NpcManager,80794778,43,800ef310
NpcManager,80794778,44,8017b0f8
NpcManager,80794778,45,800ef308
NpcManager,80794778,46,800ef304
NpcManager,80794778,47,8017bc58
NpcManager,80794778,48,800ef2f0
NpcManager,80794778,49,8017bddc
NpcManager,80794778,50,8017c4c4
NpcManager,80794778,51,800ef2b4
NpcManager,80794778,52,8017c52c
NpcManager,80794778,53,800ef270
NpcManager,80794778,54,800ef080
PickTask,80794918,0,80549e5c
PickTask,80794918,1,80549eec
PickTask,80794918,2,8011f6fc
PickTask,80794918,3,8011f77c
PickTask,80794918,4,80013cac
PickTask,80794918,5,8054a004
PlayerManager,80794960,0,8054a5c8
PlayerManager,80794960,1,800e2dd4
PlayerManager,80794960,2,800ef3e8
PlayerManager,80794960,3,800e41fc
PlayerManager,80794960,4,80013cac
PlayerManager,80794960,5,800ef3e0
PlayerManager,80794960,6,80147b04
PlayerManager,80794960,7,801437d0
PlayerManager,80794960,8,800ef3dc
PlayerManager,80794960,9,800ebf1c
PlayerManager,80794960,10,8014bdb0
PlayerManager,80794960,11,8013c564
PlayerManager,80794960,12,800ef3d8
PlayerManager,80794960,13,801513d0
PlayerManager,80794960,14,800e854c
PlayerManager,80794960,15,800e8630
PlayerManager,80794960,16,80153004
PlayerManager,80794960,17,80152a24
PlayerManager,80794960,18,80148340
PlayerManager,80794960,19,801489cc
PlayerManager,80794960,20,800ef394
PlayerManager,80794960,21,801501f0
PlayerManager,80794960,22,800ef38c
PlayerManager,80794960,23,80138d70
PlayerManager,80794960,24,800e8fac
PlayerManager,80794960,25,800e8fb4
PlayerManager,80794960,26,800e8fa4
PlayerManager,80794960,27,80155494
PlayerManager,80794960,28,80158d60
PlayerManager,80794960,29,8015dbc8
PlayerManager,80794960,30,801606dc
PlayerManager,80794960,31,80160f54
PlayerManager,80794960,32,80168fcc
PlayerManager,80794960,33,80169c0c
PlayerManager,80794960,34,800ef2ac
PlayerManager,80794960,35,800ef370
PlayerManager,80794960,36,80176b68
PlayerManager,80794960,37,80176d2c
PlayerManager,80794960,38,800ef368
PlayerManager,80794960,39,800ee494
PlayerManager,80794960,40,80041a20
PlayerManager,80794960,41,800ef324
PlayerManager,80794960,42,800ef31c
PlayerManager,80794960,43,800ef310
PlayerManager,80794960,44,8017b0f8
PlayerManager,80794960,45,800ef308
PlayerManager,80794960,46,800ef304
PlayerManager,80794960,47,8017bc58
PlayerManager,80794960,48,800ef2f0
PlayerManager,80794960,49,8017bddc
PlayerManager,80794960,50,8017c4c4
PlayerManager,80794960,51,800ef2b4
PlayerManager,80794960,52,8017c52c
PlayerManager,80794960,53,800ef270
PlayerManager,80794960,54,800ef080
PlayerManager,80794960,55,800ee4d8
PlayerManager,80794960,56,800eafd4
PlayerManager,80794960,57,800ea9d4
PlayerManager,80794960,58,800eacec
PlayerManager,80794960,59,8036545c
PlayerManager,80794960,60,8054d9cc
PlayerManager,80794960,61,8054dba0
PlayerManager,80794960,62,8054dbc0
PlayerManager,80794960,63,8054dbf8
PlayerManager,80794960,64,8054dbf8
PlayerManager,80794960,65,8054dce8
PlayerManager,80794960,66,8054dc00
PlayerManager,80794960,67,8054dc68
PlayerManager,80794960,68,8054dc98
PlayerTask,8078a030,0,803654ec
PlayerTask,8078a030,1,800d2860
PlayerTask,8078a030,2,8004312c
PlayerTask,8078a030,3,80043128
PlayerTask,8078a030,4,80013cac
RandomMerchantChara,8078eda0,0,80431388
RandomMerchantChara,8078eda0,1,80431458
RandomMerchantChara,8078eda0,2,80431774
RandomMerchantChara,8078eda0,3,80432390
RandomMerchantChara,8078eda0,4,80013cac
RandomMerchantChara,8078eda0,5,80432394
RandomMerchantChara,8078eda0,6,8043239c
RandomMerchantChara,8078eda0,7,803ecbd0
RandomMerchantChara,8078eda0,8,80431760
RandomMerchantChara,8078eda0,9,803ecb84
RandomMerchantChara,8078eda0,10,803edf40
RandomMerchantChara,8078eda0,11,803edf24
RandomMerchantChara,8078eda0,12,80432ce8
RandomMerchantChara,8078eda0,13,803edf20
RandomMerchantChara,8078eda0,14,80432728
RandomMerchantChara,8078eda0,15,800fa4f4
RandomMerchantChara,8078eda0,16,804328b8
RandomMerchantChara,8078eda0,17,804329bc
RandomMerchantChara,8078eda0,18,802aeabc
RandomMerchantChara,8078eda0,19,800eb488
RandomMerchantChara,8078eda0,20,800fa4ec
RandomMerchantChara,8078eda0,21,80017944
RandomMerchantChara,8078eda0,22,80432898
RandomMerchantChara,8078eda0,23,80432c38
RandomMerchantChara,8078eda0,24,800e2fdc
RandomMerchantChara,8078eda0,25,803ed92c
RandomMerchantChara,8078eda0,26,80432840
SE_DG009_007_MP,807910a8,0,804d4f2c
SE_DG009_007_MP,807910a8,1,804d50ac
SE_DG009_007_MP,807910a8,2,804d5188
SE_DG009_007_MP,807910a8,3,804d52bc
SE_DG009_007_MP,807910a8,4,804d54a8
SE_DG009_007_MP,807910a8,5,804d54dc
SE_DG009_007_MP,807910a8,6,804d2b28
SE_DG009_007_MP,807910a8,7,804d2b5c
SE_DG009_007_MP,807910a8,8,804d2a9c
SE_DG009_007_MP,807910a8,9,804d2bc4
SE_DG009_007_MP,807910a8,10,804d2bf8
SE_DG009_007_MP,807910a8,11,804d2c50
SE_DG009_007_MP,807910a8,12,804d2d98
SE_DG009_007_MP,807910a8,13,804d2f20
SE_DG009_007_MP,807910a8,14,804d2f90
SE_DG009_007_MP,807910a8,15,804d5c98
SE_DG009_007_MP,807910a8,16,804d31b0
SE_DG009_007_MP,807910a8,17,804d3214
SE_DG009_007_MP,807910a8,18,804d3238
SE_DG009_007_MP,807910a8,19,804d3298
SE_DG009_007_MP,807910a8,20,804d32bc
SE_DG009_007_MP,807910a8,21,804d3704
SE_DG009_007_MP,807910a8,22,804d3e10
SE_DG009_007_MP,807910a8,23,804d3c08
SE_DG009_007_MP,807910a8,24,804d3c88
SE_DG009_007_MP,807910a8,25,804d3cfc
SE_DG009_007_MP,807910a8,26,804d3d70
SE_DG009_007_MP,807910a8,27,804d3ecc
SE_DG009_007_MP,807910a8,28,804d3f78
SE_DG009_007_MP,807910a8,29,804d5c98
SE_DG009_007_MP,807910a8,30,804d5c98
SE_DG009_007_MP,807910a8,31,804d5c98
SE_DG009_007_MP,807910a8,32,804d5c98
SE_DG009_007_MP,807910a8,33,804d5c98
SE_DG009_007_MP,807910a8,34,804d5c98
SE_DG009_007_MP,807910a8,35,804d428c
SE_DG009_007_MP,807910a8,36,804d436c
SE_DG009_007_MP,807910a8,37,804d451c
SE_DG009_007_MP,807910a8,38,804d44dc
SE_DG009_007_MP,807910a8,39,804d4ba8
SE_DG009_007_MP,807910a8,40,804d5560
SE_DG009_007_MP,807910a8,41,804d5c98
SE_DG009_007_MP,807910a8,42,804d5590
SE_DG009_007_MP,807910a8,43,804d5630
SE_DG009_007_MP,807910a8,44,804d5ae4
SE_DG009_007_MP,807910a8,45,804d5b50
SE_DG009_007_MP,807910a8,46,804d5b70
SE_DG009_007_MP,807910a8,47,804d5bd8
SE_DG009_007_MP,807910a8,48,804d5bd8
SE_DG009_007_MP,807910a8,49,804d5bd8
SE_DG009_007_MP,807910a8,50,804d5c70
SE_DG009_007_MP,807910a8,51,804d5c98
SE_DG009_007_MP,807910a8,52,804d289c
SE_DG009_012_MP,807910ac,0,804d50ac
SE_DG009_012_MP,807910ac,1,804d5188
SE_DG009_012_MP,807910ac,2,804d52bc
SE_DG009_012_MP,807910ac,3,804d54a8
SE_DG009_012_MP,807910ac,4,804d54dc
SE_DG009_012_MP,807910ac,5,804d2b28
SE_DG009_012_MP,807910ac,6,804d2b5c
SE_DG009_012_MP,807910ac,7,804d2a9c
SE_DG009_012_MP,807910ac,8,804d2bc4
SE_DG009_012_MP,807910ac,9,804d2bf8
SE_DG009_012_MP,807910ac,10,804d2c50
SE_DG009_012_MP,807910ac,11,804d2d98
SE_DG009_012_MP,807910ac,12,804d2f20
SE_DG009_012_MP,807910ac,13,804d2f90
SE_DG009_012_MP,807910ac,14,804d5c98
SE_DG009_012_MP,807910ac,15,804d31b0
SE_DG009_012_MP,807910ac,16,804d3214
SE_DG009_012_MP,807910ac,17,804d3238
SE_DG009_012_MP,807910ac,18,804d3298
SE_DG009_012_MP,807910ac,19,804d32bc
SE_DG009_012_MP,807910ac,20,804d3704
SE_DG009_012_MP,807910ac,21,804d3e10
SE_DG009_012_MP,807910ac,22,804d3c08
SE_DG009_012_MP,807910ac,23,804d3c88
SE_DG009_012_MP,807910ac,24,804d3cfc
SE_DG009_012_MP,807910ac,25,804d3d70
SE_DG009_012_MP,807910ac,26,804d3ecc
SE_DG009_012_MP,807910ac,27,804d3f78
SE_DG009_012_MP,807910ac,28,804d5c98
SE_DG009_012_MP,807910ac,29,804d5c98
SE_DG009_012_MP,807910ac,30,804d5c98
SE_DG009_012_MP,807910ac,31,804d5c98
SE_DG009_012_MP,807910ac,32,804d5c98
SE_DG009_012_MP,807910ac,33,804d5c98
SE_DG009_012_MP,807910ac,34,804d428c
SE_DG009_012_MP,807910ac,35,804d436c
SE_DG009_012_MP,807910ac,36,804d451c
SE_DG009_012_MP,807910ac,37,804d44dc
SE_DG009_012_MP,807910ac,38,804d4ba8
SE_DG009_012_MP,807910ac,39,804d5560
SE_DG009_012_MP,807910ac,40,804d5c98
SE_DG009_012_MP,807910ac,41,804d5590
SE_DG009_012_MP,807910ac,42,804d5630
SE_DG009_012_MP,807910ac,43,804d5ae4
SE_DG009_012_MP,807910ac,44,804d5b50
SE_DG009_012_MP,807910ac,45,804d5b70
SE_DG009_012_MP,807910ac,46,804d5bd8
SE_DG009_012_MP,807910ac,47,804d5bd8
SE_DG009_012_MP,807910ac,48,804d5bd8
SE_DG009_012_MP,807910ac,49,804d5c70
SE_DG009_012_MP,807910ac,50,804d5c98
SE_DG009_012_MP,807910ac,51,804d289c
SetConfig,807967a0,0,8057f7ac
SetConfig,807967a0,1,800d2860
SetConfig,807967a0,2,8004312c
SetConfig,807967a0,3,80043128
SetConfig,807967a0,4,80013cac
SkillEffectManager,80796b58,0,8059e198
SkillEffectManager,80796b58,1,8059e1c8
SkillEffectManager,80796b58,2,80726560
SkillEffectManager,80796b58,3,8059df58
SkillEffectManager,80796b58,4,8059e144
SkillEffectManager,80796b58,5,80725c60
SkillEffectManager,80796b58,6,80725c70
SkillEffectManager,80796b58,7,8059e0e0
SkillEffectManager,80796b58,8,8059e0e8
SkillEffectManager,80796b58,9,8059e0d0
SkillEffectManager,80796b58,10,8059e0c8
SkillEffectManager,80796b58,11,8059e0b8
SkillEffectManager,80796b58,12,8059e0b0
SkillEffectManager,80796b58,13,8059e0a8
SkillEffectManager,80796b58,14,8059e1a0
SkillEffectManager,80796b58,15,8059e018
SkillEffectManager,80796b58,16,80726760
SkillEffectManager,80796b58,17,80726330
SkillEffectManager,80796b58,18,8059e0d8
SkillEffectManager,80796b58,19,8059e0c0
SkillEffectManager,80796b58,20,8059e1a8
SkillEffectManager,80796b58,21,80726680
SkillEffectManager,80796b58,22,8059e0f0
SongManager,80797360,0,805a3d00
SongManager,80797360,1,800e2dd4
SongManager,80797360,2,800ef3e8
SongManager,80797360,3,800e41fc
SongManager,80797360,4,80013cac
SongManager,80797360,5,800ef3e0
SongManager,80797360,6,80147b04
SongManager,80797360,7,8025589c
SongManager,80797360,8,800ef3dc
SongManager,80797360,9,800ebf1c
SongManager,80797360,10,8014bdb0
SongManager,80797360,11,8013c564
SongManager,80797360,12,800ef3d8
SongManager,80797360,13,805a4018
SongManager,80797360,14,804f2c44
SongManager,80797360,15,800e8630
SongManager,80797360,16,80153004
SongManager,80797360,17,80152a24
SongManager,80797360,18,80148340
SongManager,80797360,19,801489cc
SongManager,80797360,20,800ef394
SongManager,80797360,21,801501f0
SongManager,80797360,22,800ef38c
SongManager,80797360,23,80138d70
SongManager,80797360,24,8035b8b0
SongManager,80797360,25,8035bbcc
SongManager,80797360,26,800e8fa4
SongManager,80797360,27,80155494
SongManager,80797360,28,80158d60
SongManager,80797360,29,8015dbc8
SongManager,80797360,30,801606dc
SongManager,80797360,31,80160f54
SongManager,80797360,32,80168fcc
SongManager,80797360,33,80169c0c
SongManager,80797360,34,800ef2ac
SongManager,80797360,35,800ef370
SongManager,80797360,36,80176b68
SongManager,80797360,37,80176d2c
SongManager,80797360,38,800ef368
SongManager,80797360,39,800ee494
SongManager,80797360,40,80041a20
SongManager,80797360,41,800ef324
SongManager,80797360,42,800ef31c
SongManager,80797360,43,800ef310
SongManager,80797360,44,8017b0f8
SongManager,80797360,45,800ef308
SongManager,80797360,46,800ef304
SongManager,80797360,47,8017bc58
SongManager,80797360,48,800ef2f0
SongManager,80797360,49,8017bddc
SongManager,80797360,50,8017c4c4
SongManager,80797360,51,800ef2b4
SongManager,80797360,52,8017c52c
SongManager,80797360,53,800ef270
SongManager,80797360,54,800ef080
SongManager,80797360,55,800ee4d8
SongManager,80797360,56,800eafd4
SongManager,80797360,57,800ea9d4
SongManager,80797360,58,800eacec
SongManager,80797360,59,80180594
SongManager,80797360,60,805a3f5c
SpecialEnemyBase,80784670,0,802577fc
SpecialEnemyBase,80784670,1,80257658
SpecialEnemyBase,80784670,2,80257798
SpecialEnemyBase,80784670,3,802577a4
SpecialEnemyBase,80784670,4,802577cc
SpecialEnemyBase,80784670,5,80257808
SpecialEnemyBase,80784670,6,8025764c
SpecialEnemyBase,80784670,7,802578a0
StrapTask,807975e0,0,805a6ac0
StrapTask,807975e0,1,805a6b18
StrapTask,807975e0,2,80044780
StrapTask,807975e0,3,80044bb0
StrapTask,807975e0,4,805a6b54
Sword,80797610,0,805a9860
Sword,80797610,1,805a9860
Sword,80797610,2,805a993c
Sword,80797610,3,805a9874
Sword,80797610,4,805a99ac
Sword,80797610,5,805a9a4c
Sword,80797610,6,805a9a4c
Sword,80797610,7,805a9874
Sword,80797610,8,805a9874
Sword,80797610,9,805aa310
Sword,80797610,10,805aa05c
Sword,80797610,11,805aa0dc
Sword,80797610,12,805aa0dc
Sword,80797610,13,805aa13c
Sword,80797610,14,805aa05c
Sword,80797610,15,805aa1bc
Sword,80797610,16,805aa310
Sword,80797610,17,805aa310
Sword,80797610,18,805aa05c
Sword,80797610,19,805aa05c
Sword,80797610,20,805aa238
Sword,80797610,21,805aa310
Sword,80797610,22,805aa310
Sword,80797610,23,805aa280
Sword,80797610,24,805aa4b0
Sword,80797610,25,805aa3e0
Sword,80797610,26,805aa408
Sword,80797610,27,805aa408
Sword,80797610,28,805aa430
Sword,80797610,29,805aa3e0
Sword,80797610,30,805aa458
Sword,80797610,31,805aa4b0
Sword,80797610,32,805aa4b0
Sword,80797610,33,805aa3e0
Sword,80797610,34,805aa3e0
Sword,80797610,35,805aa480
Sword,80797610,36,805aa4b0
Sword,80797610,37,805aa4b0
Sword,80797610,38,805aa488
Sword,80797610,39,805abf38
Sword,80797610,40,805abff0
Sword,80797610,41,805ac0d8
Sword,80797610,42,805ac0d8
Sword,80797610,43,805ac114
Sword,80797610,44,805ac1f8
Sword,80797610,45,805ac2dc
Sword,80797610,46,805ac3c8
Sword,80797610,47,805ac3c8
Sword,80797610,48,805abff0
Sword,80797610,49,805abff0
Sword,80797610,50,805ac3b0
TexFrameBuffer1,80777dd4,0,8007befc
TexFrameBuffer1,80777dd4,1,8007bf0c
TexFrameBuffer1,80777dd4,2,8007bf0c
TexFrameBuffer1,80777dd4,3,8007bf0c
TexFrameBuffer1,80777dd4,4,8007bf0c
TexFrameBuffer1,80777dd4,5,8007bef4
TexFrameBuffer1,80777dd4,6,8007bf0c
TexFrameBuffer1,80777dd4,7,8007bf0c
TexFrameBuffer1,80777dd4,8,8007bf0c
TexFrameBuffer1,80777dd4,9,8007bf0c
TexFrameBuffer1,80777dd4,10,8007bf0c
TexFrameBuffer1,80777dd4,11,8007bf0c
TexFrameBuffer1,80777dd4,12,8007bf0c
TexFrameBuffer1,80777dd4,13,8007bf0c
TexFrameBuffer1,80777dd4,14,8007bf0c
TexFrameBuffer1,80777dd4,15,8007bf0c
TexFrameBuffer1,80777dd4,16,8007beec
TexFrameBuffer1,80777dd4,17,8007bf0c
TexFrameBuffer1,80777dd4,18,8007bf0c
TexFrameBuffer1,80777dd4,19,8007bf0c
TexFrameBuffer1,80777dd4,20,8007bf0c
TexFrameBuffer1,80777dd4,21,8007bf0c
TexFrameBuffer1,80777dd4,22,8007bf0c
TexFrameBuffer1,80777dd4,23,8007bf0c
TexFrameBuffer1,80777dd4,24,8007bf0c
TexFrameBuffer1,80777dd4,25,8007bf0c
TexFrameBuffer1,80777dd4,26,8007bf0c
TexFrameBuffer1,80777dd4,27,8007bf0c
TexFrameBuffer1,80777dd4,28,8007bf0c
TexFrameBuffer1,80777dd4,29,8007bf0c
TexFrameBuffer1,80777dd4,30,8007bf0c
TexFrameBuffer1,80777dd4,31,8007bf04
TexFrameBuffer1,80777dd4,32,8007befc
TexFrameBuffer1,80777dd4,33,8007bf0c
TexFrameBuffer1,80777dd4,34,8007bf0c
TexFrameBuffer1,80777dd4,35,8007bf0c
TexFrameBuffer1,80777dd4,36,8007bf0c
TexFrameBuffer1,80777dd4,37,8007bef4
TexFrameBuffer1,80777dd4,38,8007bf0c
TexFrameBuffer1,80777dd4,39,8007bf0c
TexFrameBuffer1,80777dd4,40,8007bf0c
TexFrameBuffer1,80777dd4,41,8007bf0c
TexFrameBuffer1,80777dd4,42,8007bf0c
TexFrameBuffer1,80777dd4,43,8007bf0c
TexFrameBuffer1,80777dd4,44,8007bf0c
TexFrameBuffer1,80777dd4,45,8007bf0c
TexFrameBuffer1,80777dd4,46,8007bf0c
TexFrameBuffer1,80777dd4,47,8007bf0c
TexFrameBuffer1,80777dd4,48,8007beec
TexFrameBuffer1,80777dd4,49,8007beb0
TexFrameBuffer1,80777dd4,50,8007bea8
TexFrameBuffer1,80777dd4,51,8007beb8
TexFrameBuffer1,80777dd4,52,8007beb8
TexFrameBuffer1,80777dd4,53,8007beb8
TexFrameBuffer1,80777dd4,54,8007beb8
TexFrameBuffer1,80777dd4,55,8007bea0
TexFrameBuffer1,80777dd4,56,8007beb8
TexFrameBuffer1,80777dd4,57,8007beb8
TexFrameBuffer1,80777dd4,58,8007beb8
TexFrameBuffer1,80777dd4,59,8007beb8
TexFrameBuffer1,80777dd4,60,8007beb8
TexFrameBuffer1,80777dd4,61,8007beb8
TexFrameBuffer1,80777dd4,62,8007beb8
TexFrameBuffer1,80777dd4,63,8007beb8
TexFrameBuffer1,80777dd4,64,8007beb8
TexFrameBuffer1,80777dd4,65,8007beb8
TexFrameBuffer1,80777dd4,66,8007be98
TexFrameBuffer1,80777dd4,67,8007beb8
TexFrameBuffer1,80777dd4,68,8007beb8
TexFrameBuffer1,80777dd4,69,8007beb8
TexFrameBuffer1,80777dd4,70,8007beb8
TexFrameBuffer1,80777dd4,71,8007beb8
TexFrameBuffer1,80777dd4,72,8007beb8
TexFrameBuffer1,80777dd4,73,8007beb8
TexFrameBuffer1,80777dd4,74,8007beb8
TexFrameBuffer1,80777dd4,75,8007beb8
TexFrameBuffer1,80777dd4,76,8007beb8
TexFrameBuffer1,80777dd4,77,8007beb8
TexFrameBuffer1,80777dd4,78,8007beb8
TexFrameBuffer1,80777dd4,79,8007beb8
TexFrameBuffer1,80777dd4,80,8007beb8
TexFrameBuffer1,80777dd4,81,8007beb0
TexFrameBuffer1,80777dd4,82,8007bea8
TexFrameBuffer1,80777dd4,83,8007beb8
TexFrameBuffer1,80777dd4,84,8007beb8
TexFrameBuffer1,80777dd4,85,8007beb8
TexFrameBuffer1,80777dd4,86,8007beb8
TexFrameBuffer1,80777dd4,87,8007bea0
TexFrameBuffer1,80777dd4,88,8007beb8
TexFrameBuffer1,80777dd4,89,8007beb8
TexFrameBuffer1,80777dd4,90,8007beb8
TexFrameBuffer1,80777dd4,91,8007beb8
TexFrameBuffer1,80777dd4,92,8007beb8
TexFrameBuffer1,80777dd4,93,8007beb8
TexFrameBuffer1,80777dd4,94,8007beb8
TexFrameBuffer1,80777dd4,95,8007beb8
TexFrameBuffer1,80777dd4,96,8007beb8
TexFrameBuffer1,80777dd4,97,8007beb8
TexFrameBuffer1,80777dd4,98,8007be98
TexFrameBuffer1,80777dd4,99,8007be5c
TexFrameBuffer1,80777dd4,100,8007be54
TexFrameBuffer1,80777dd4,101,8007be64
TexFrameBuffer1,80777dd4,102,8007be64
TexFrameBuffer1,80777dd4,103,8007be64
TexFrameBuffer1,80777dd4,104,8007be64
TexFrameBuffer1,80777dd4,105,8007be4c
TexFrameBuffer1,80777dd4,106,8007be64
TexFrameBuffer1,80777dd4,107,8007be64
TexFrameBuffer1,80777dd4,108,8007be64
TexFrameBuffer1,80777dd4,109,8007be64
TexFrameBuffer1,80777dd4,110,8007be64
TexFrameBuffer1,80777dd4,111,8007be64
TexFrameBuffer1,80777dd4,112,8007be64
TexFrameBuffer1,80777dd4,113,8007be64
TexFrameBuffer1,80777dd4,114,8007be64
TexFrameBuffer1,80777dd4,115,8007be64
TexFrameBuffer1,80777dd4,116,8007be44
TexFrameBuffer1,80777dd4,117,8007be64
TexFrameBuffer1,80777dd4,118,8007be64
TexFrameBuffer1,80777dd4,119,8007be64
TexFrameBuffer1,80777dd4,120,8007be64
TexFrameBuffer1,80777dd4,121,8007be64
TexFrameBuffer1,80777dd4,122,8007be64
TexFrameBuffer1,80777dd4,123,8007be64
TexFrameBuffer1,80777dd4,124,8007be64
TexFrameBuffer1,80777dd4,125,8007be64
TexFrameBuffer1,80777dd4,126,8007be64
TexFrameBuffer1,80777dd4,127,8007be64
TexFrameBuffer1,80777dd4,128,8007be64
TexFrameBuffer1,80777dd4,129,8007be64
TexFrameBuffer1,80777dd4,130,8007be64
TexFrameBuffer1,80777dd4,131,8007be5c
TexFrameBuffer1,80777dd4,132,8007be54
TexFrameBuffer1,80777dd4,133,8007be64
TexFrameBuffer1,80777dd4,134,8007be64
TexFrameBuffer1,80777dd4,135,8007be64
TexFrameBuffer1,80777dd4,136,8007be64
TexFrameBuffer1,80777dd4,137,8007be4c
TexFrameBuffer1,80777dd4,138,8007be64
TexFrameBuffer1,80777dd4,139,8007be64
TexFrameBuffer1,80777dd4,140,8007be64
TexFrameBuffer1,80777dd4,141,8007be64
TexFrameBuffer1,80777dd4,142,8007be64
TexFrameBuffer1,80777dd4,143,8007be64
TexFrameBuffer1,80777dd4,144,8007be64
TexFrameBuffer1,80777dd4,145,8007be64
TexFrameBuffer1,80777dd4,146,8007be64
TexFrameBuffer1,80777dd4,147,8007be64
TexFrameBuffer1,80777dd4,148,8007be44
TexFrameBuffer1,80777dd4,149,8007be08
TexFrameBuffer1,80777dd4,150,8007be00
TexFrameBuffer1,80777dd4,151,8007be10
TexFrameBuffer1,80777dd4,152,8007be10
TexFrameBuffer1,80777dd4,153,8007be10
TexFrameBuffer1,80777dd4,154,8007be10
TexFrameBuffer1,80777dd4,155,8007bdf8
TexFrameBuffer1,80777dd4,156,8007be10
TexFrameBuffer1,80777dd4,157,8007be10
TexFrameBuffer1,80777dd4,158,8007be10
TexFrameBuffer1,80777dd4,159,8007be10
TexFrameBuffer1,80777dd4,160,8007be10
TexFrameBuffer1,80777dd4,161,8007be10
TexFrameBuffer1,80777dd4,162,8007be10
TexFrameBuffer1,80777dd4,163,8007be10
TexFrameBuffer1,80777dd4,164,8007be10
TexFrameBuffer1,80777dd4,165,8007be10
TexFrameBuffer1,80777dd4,166,8007bdf0
TexFrameBuffer1,80777dd4,167,8007be10
TexFrameBuffer1,80777dd4,168,8007be10
TexFrameBuffer1,80777dd4,169,8007be10
TexFrameBuffer1,80777dd4,170,8007be10
TexFrameBuffer1,80777dd4,171,8007be10
TexFrameBuffer1,80777dd4,172,8007be10
TexFrameBuffer1,80777dd4,173,8007be10
TexFrameBuffer1,80777dd4,174,8007be10
TexFrameBuffer1,80777dd4,175,8007be10
TexFrameBuffer1,80777dd4,176,8007be10
TexFrameBuffer1,80777dd4,177,8007be10
TexFrameBuffer1,80777dd4,178,8007be10
TexFrameBuffer1,80777dd4,179,8007be10
TexFrameBuffer1,80777dd4,180,8007be10
TexFrameBuffer1,80777dd4,181,8007be08
TexFrameBuffer1,80777dd4,182,8007be00
TexFrameBuffer1,80777dd4,183,8007be10
TexFrameBuffer1,80777dd4,184,8007be10
TexFrameBuffer1,80777dd4,185,8007be10
TexFrameBuffer1,80777dd4,186,8007be10
TexFrameBuffer1,80777dd4,187,8007bdf8
TexFrameBuffer1,80777dd4,188,8007be10
TexFrameBuffer1,80777dd4,189,8007be10
TexFrameBuffer1,80777dd4,190,8007be10
TexFrameBuffer1,80777dd4,191,8007be10
TexFrameBuffer1,80777dd4,192,8007be10
TexFrameBuffer1,80777dd4,193,8007be10
TexFrameBuffer1,80777dd4,194,8007be10
TexFrameBuffer1,80777dd4,195,8007be10
TexFrameBuffer1,80777dd4,196,8007be10
TexFrameBuffer1,80777dd4,197,8007be10
TexFrameBuffer1,80777dd4,198,8007bdf0
TexFrameBuffer1,80777dd4,199,8007bda8
TexFrameBuffer1,80777dd4,200,8007bda0
TexFrameBuffer1,80777dd4,201,8007bdb0
TexFrameBuffer1,80777dd4,202,8007bdb0
TexFrameBuffer1,80777dd4,203,8007bdb0
TexFrameBuffer1,80777dd4,204,8007bdb0
TexFrameBuffer1,80777dd4,205,8007bd98
TexFrameBuffer1,80777dd4,206,8007bdb0
TexFrameBuffer1,80777dd4,207,8007bdb0
TexFrameBuffer1,80777dd4,208,8007bdb0
TexFrameBuffer1,80777dd4,209,8007bdb0
TexFrameBuffer1,80777dd4,210,8007bdb0
TexFrameBuffer1,80777dd4,211,8007bdb0
TexFrameBuffer1,80777dd4,212,8007bdb0
TexFrameBuffer1,80777dd4,213,8007bdb0
TexFrameBuffer1,80777dd4,214,8007bdb0
TexFrameBuffer1,80777dd4,215,8007bdb0
TexFrameBuffer1,80777dd4,216,8007bd90
TexFrameBuffer1,80777dd4,217,8007bdb0
TexFrameBuffer1,80777dd4,218,8007bdb0
TexFrameBuffer1,80777dd4,219,8007bdb0
TexFrameBuffer1,80777dd4,220,8007bdb0
TexFrameBuffer1,80777dd4,221,8007bdb0
TexFrameBuffer1,80777dd4,222,8007bdb0
TexFrameBuffer1,80777dd4,223,8007bdb0
TexFrameBuffer1,80777dd4,224,8007bdb0
TexFrameBuffer1,80777dd4,225,8007bdb0
TexFrameBuffer1,80777dd4,226,8007bdb0
TexFrameBuffer1,80777dd4,227,8007bdb0
TexFrameBuffer1,80777dd4,228,8007bdb0
TexFrameBuffer1,80777dd4,229,8007bdb0
TexFrameBuffer1,80777dd4,230,8007bdb0
TexFrameBuffer1,80777dd4,231,8007bda8
TexFrameBuffer1,80777dd4,232,8007bda0
TexFrameBuffer1,80777dd4,233,8007bdb0
TexFrameBuffer1,80777dd4,234,8007bdb0
TexFrameBuffer1,80777dd4,235,8007bdb0
TexFrameBuffer1,80777dd4,236,8007bdb0
TexFrameBuffer1,80777dd4,237,8007bd98
TexFrameBuffer1,80777dd4,238,8007bdb0
TexFrameBuffer1,80777dd4,239,8007bdb0
TexFrameBuffer1,80777dd4,240,8007bdb0
TexFrameBuffer1,80777dd4,241,8007bdb0
TexFrameBuffer1,80777dd4,242,8007bdb0
TexFrameBuffer1,80777dd4,243,8007bdb0
TexFrameBuffer1,80777dd4,244,8007bdb0
TexFrameBuffer1,80777dd4,245,8007bdb0
TexFrameBuffer1,80777dd4,246,8007bdb0
TexFrameBuffer1,80777dd4,247,8007bdb0
TexFrameBuffer1,80777dd4,248,8007bd90
TexFrameBuffer1,80777dd4,249,8007bd54
TexFrameBuffer1,80777dd4,250,8007bd4c
TexFrameBuffer1,80777dd4,251,8007bd5c
TexFrameBuffer1,80777dd4,252,8007bd5c
TexFrameBuffer1,80777dd4,253,8007bd5c
TexFrameBuffer1,80777dd4,254,8007bd5c
TexFrameBuffer1,80777dd4,255,8007bd44
TexFrameBuffer1,80777dd4,256,8007bd5c
TexFrameBuffer1,80777dd4,257,8007bd5c
TexFrameBuffer1,80777dd4,258,8007bd5c
TexFrameBuffer1,80777dd4,259,8007bd5c
TexFrameBuffer1,80777dd4,260,8007bd5c
TexFrameBuffer1,80777dd4,261,8007bd5c
TexFrameBuffer1,80777dd4,262,8007bd5c
TexFrameBuffer1,80777dd4,263,8007bd5c
TexFrameBuffer1,80777dd4,264,8007bd5c
TexFrameBuffer1,80777dd4,265,8007bd5c
TexFrameBuffer1,80777dd4,266,8007bd3c
TexFrameBuffer1,80777dd4,267,8007bd5c
TexFrameBuffer1,80777dd4,268,8007bd5c
TexFrameBuffer1,80777dd4,269,8007bd5c
TexFrameBuffer1,80777dd4,270,8007bd5c
TexFrameBuffer1,80777dd4,271,8007bd5c
TexFrameBuffer1,80777dd4,272,8007bd5c
TexFrameBuffer1,80777dd4,273,8007bd5c
TexFrameBuffer1,80777dd4,274,8007bd5c
TexFrameBuffer1,80777dd4,275,8007bd5c
TexFrameBuffer1,80777dd4,276,8007bd5c
TexFrameBuffer1,80777dd4,277,8007bd5c
TexFrameBuffer1,80777dd4,278,8007bd5c
TexFrameBuffer1,80777dd4,279,8007bd5c
TexFrameBuffer1,80777dd4,280,8007bd5c
TexFrameBuffer1,80777dd4,281,8007bd54
TexFrameBuffer1,80777dd4,282,8007bd4c
TexFrameBuffer1,80777dd4,283,8007bd5c
TexFrameBuffer1,80777dd4,284,8007bd5c
TexFrameBuffer1,80777dd4,285,8007bd5c
TexFrameBuffer1,80777dd4,286,8007bd5c
TexFrameBuffer1,80777dd4,287,8007bd44
TexFrameBuffer1,80777dd4,288,8007bd5c
TexFrameBuffer1,80777dd4,289,8007bd5c
TexFrameBuffer1,80777dd4,290,8007bd5c
TexFrameBuffer1,80777dd4,291,8007bd5c
TexFrameBuffer1,80777dd4,292,8007bd5c
TexFrameBuffer1,80777dd4,293,8007bd5c
TexFrameBuffer1,80777dd4,294,8007bd5c
TexFrameBuffer1,80777dd4,295,8007bd5c
TexFrameBuffer1,80777dd4,296,8007bd5c
TexFrameBuffer1,80777dd4,297,8007bd5c
TexFrameBuffer1,80777dd4,298,8007bd3c
TexFrameBuffer1,80777dd4,299,8007bd00
TexFrameBuffer1,80777dd4,300,8007bcf8
TexFrameBuffer1,80777dd4,301,8007bd08
TexFrameBuffer1,80777dd4,302,8007bd08
TexFrameBuffer1,80777dd4,303,8007bd08
TexFrameBuffer1,80777dd4,304,8007bd08
TexFrameBuffer1,80777dd4,305,8007bcf0
TexFrameBuffer1,80777dd4,306,8007bd08
TexFrameBuffer1,80777dd4,307,8007bd08
TexFrameBuffer1,80777dd4,308,8007bd08
TexFrameBuffer1,80777dd4,309,8007bd08
TexFrameBuffer1,80777dd4,310,8007bd08
TexFrameBuffer1,80777dd4,311,8007bd08
TexFrameBuffer1,80777dd4,312,8007bd08
TexFrameBuffer1,80777dd4,313,8007bd08
TexFrameBuffer1,80777dd4,314,8007bd08
TexFrameBuffer1,80777dd4,315,8007bd08
TexFrameBuffer1,80777dd4,316,8007bce8
TexFrameBuffer1,80777dd4,317,8007bd08
TexFrameBuffer1,80777dd4,318,8007bd08
TexFrameBuffer1,80777dd4,319,8007bd08
TexFrameBuffer1,80777dd4,320,8007bd08
TexFrameBuffer1,80777dd4,321,8007bd08
TexFrameBuffer1,80777dd4,322,8007bd08
TexFrameBuffer1,80777dd4,323,8007bd08
TexFrameBuffer1,80777dd4,324,8007bd08
TexFrameBuffer1,80777dd4,325,8007bd08
TexFrameBuffer1,80777dd4,326,8007bd08
TexFrameBuffer1,80777dd4,327,8007bd08
TexFrameBuffer1,80777dd4,328,8007bd08
TexFrameBuffer1,80777dd4,329,8007bd08
TexFrameBuffer1,80777dd4,330,8007bd08
TexFrameBuffer1,80777dd4,331,8007bd00
TexFrameBuffer1,80777dd4,332,8007bcf8
TexFrameBuffer1,80777dd4,333,8007bd08
TexFrameBuffer1,80777dd4,334,8007bd08
TexFrameBuffer1,80777dd4,335,8007bd08
TexFrameBuffer1,80777dd4,336,8007bd08
TexFrameBuffer1,80777dd4,337,8007bcf0
TexFrameBuffer1,80777dd4,338,8007bd08
TexFrameBuffer1,80777dd4,339,8007bd08
TexFrameBuffer1,80777dd4,340,8007bd08
TexFrameBuffer1,80777dd4,341,8007bd08
TexFrameBuffer1,80777dd4,342,8007bd08
TexFrameBuffer1,80777dd4,343,8007bd08
TexFrameBuffer1,80777dd4,344,8007bd08
TexFrameBuffer1,80777dd4,345,8007bd08
TexFrameBuffer1,80777dd4,346,8007bd08
TexFrameBuffer1,80777dd4,347,8007bd08
TexFrameBuffer1,80777dd4,348,8007bce8
TexFrameBuffer1,80777dd4,349,8007bc84
TexFrameBuffer1,80777dd4,350,8007bc7c
TexFrameBuffer1,80777dd4,351,8007bc8c
TexFrameBuffer1,80777dd4,352,8007bc8c
TexFrameBuffer1,80777dd4,353,8007bc8c
TexFrameBuffer1,80777dd4,354,8007bc8c
TexFrameBuffer1,80777dd4,355,8007bc74
TexFrameBuffer1,80777dd4,356,8007bc8c
TexFrameBuffer1,80777dd4,357,8007bc8c
TexFrameBuffer1,80777dd4,358,8007bc8c
TexFrameBuffer1,80777dd4,359,8007bc8c
TexFrameBuffer1,80777dd4,360,8007bc8c
TexFrameBuffer1,80777dd4,361,8007bc8c
TexFrameBuffer1,80777dd4,362,8007bc8c
TexFrameBuffer1,80777dd4,363,8007bc8c
TexFrameBuffer1,80777dd4,364,8007bc8c
TexFrameBuffer1,80777dd4,365,8007bc8c
TexFrameBuffer1,80777dd4,366,8007bc6c
TexFrameBuffer1,80777dd4,367,8007bc8c
TexFrameBuffer1,80777dd4,368,8007bc8c
TexFrameBuffer1,80777dd4,369,8007bc8c
TexFrameBuffer1,80777dd4,370,8007bc8c
TexFrameBuffer1,80777dd4,371,8007bc8c
TexFrameBuffer1,80777dd4,372,8007bc8c
TexFrameBuffer1,80777dd4,373,8007bc8c
TexFrameBuffer1,80777dd4,374,8007bc8c
TexFrameBuffer1,80777dd4,375,8007bc8c
TexFrameBuffer1,80777dd4,376,8007bc8c
TexFrameBuffer1,80777dd4,377,8007bc8c
TexFrameBuffer1,80777dd4,378,8007bc8c
TexFrameBuffer1,80777dd4,379,8007bc8c
TexFrameBuffer1,80777dd4,380,8007bc8c
TexFrameBuffer1,80777dd4,381,8007bc84
TexFrameBuffer1,80777dd4,382,8007bc7c
TexFrameBuffer1,80777dd4,383,8007bc8c
TexFrameBuffer1,80777dd4,384,8007bc8c
TexFrameBuffer1,80777dd4,385,8007bc8c
TexFrameBuffer1,80777dd4,386,8007bc8c
TexFrameBuffer1,80777dd4,387,8007bc74
TexFrameBuffer1,80777dd4,388,8007bc8c
TexFrameBuffer1,80777dd4,389,8007bc8c
TexFrameBuffer1,80777dd4,390,8007bc8c
TexFrameBuffer1,80777dd4,391,8007bc8c
TexFrameBuffer1,80777dd4,392,8007bc8c
TexFrameBuffer1,80777dd4,393,8007bc8c
TexFrameBuffer1,80777dd4,394,8007bc8c
TexFrameBuffer1,80777dd4,395,8007bc8c
TexFrameBuffer1,80777dd4,396,8007bc8c
TexFrameBuffer1,80777dd4,397,8007bc8c
TexFrameBuffer1,80777dd4,398,8007bc6c
TexFrameBuffer1,80777dd4,399,8007b3c8
TexOutlineMask1,80777dd8,0,8007bf0c
TexOutlineMask1,80777dd8,1,8007bf0c
TexOutlineMask1,80777dd8,2,8007bf0c
TexOutlineMask1,80777dd8,3,8007bf0c
TexOutlineMask1,80777dd8,4,8007bef4
TexOutlineMask1,80777dd8,5,8007bf0c
TexOutlineMask1,80777dd8,6,8007bf0c
TexOutlineMask1,80777dd8,7,8007bf0c
TexOutlineMask1,80777dd8,8,8007bf0c
TexOutlineMask1,80777dd8,9,8007bf0c
TexOutlineMask1,80777dd8,10,8007bf0c
TexOutlineMask1,80777dd8,11,8007bf0c
TexOutlineMask1,80777dd8,12,8007bf0c
TexOutlineMask1,80777dd8,13,8007bf0c
TexOutlineMask1,80777dd8,14,8007bf0c
TexOutlineMask1,80777dd8,15,8007beec
TexOutlineMask1,80777dd8,16,8007bf0c
TexOutlineMask1,80777dd8,17,8007bf0c
TexOutlineMask1,80777dd8,18,8007bf0c
TexOutlineMask1,80777dd8,19,8007bf0c
TexOutlineMask1,80777dd8,20,8007bf0c
TexOutlineMask1,80777dd8,21,8007bf0c
TexOutlineMask1,80777dd8,22,8007bf0c
TexOutlineMask1,80777dd8,23,8007bf0c
TexOutlineMask1,80777dd8,24,8007bf0c
TexOutlineMask1,80777dd8,25,8007bf0c
TexOutlineMask1,80777dd8,26,8007bf0c
TexOutlineMask1,80777dd8,27,8007bf0c
TexOutlineMask1,80777dd8,28,8007bf0c
TexOutlineMask1,80777dd8,29,8007bf0c
TexOutlineMask1,80777dd8,30,8007bf04
TexOutlineMask1,80777dd8,31,8007befc
TexOutlineMask1,80777dd8,32,8007bf0c
TexOutlineMask1,80777dd8,33,8007bf0c
TexOutlineMask1,80777dd8,34,8007bf0c
TexOutlineMask1,80777dd8,35,8007bf0c
TexOutlineMask1,80777dd8,36,8007bef4
TexOutlineMask1,80777dd8,37,8007bf0c
TexOutlineMask1,80777dd8,38,8007bf0c
TexOutlineMask1,80777dd8,39,8007bf0c
TexOutlineMask1,80777dd8,40,8007bf0c
TexOutlineMask1,80777dd8,41,8007bf0c
TexOutlineMask1,80777dd8,42,8007bf0c
TexOutlineMask1,80777dd8,43,8007bf0c
TexOutlineMask1,80777dd8,44,8007bf0c
TexOutlineMask1,80777dd8,45,8007bf0c
TexOutlineMask1,80777dd8,46,8007bf0c
TexOutlineMask1,80777dd8,47,8007beec
TexOutlineMask1,80777dd8,48,8007beb0
TexOutlineMask1,80777dd8,49,8007bea8
TexOutlineMask1,80777dd8,50,8007beb8
TexOutlineMask1,80777dd8,51,8007beb8
TexOutlineMask1,80777dd8,52,8007beb8
TexOutlineMask1,80777dd8,53,8007beb8
TexOutlineMask1,80777dd8,54,8007bea0
TexOutlineMask1,80777dd8,55,8007beb8
TexOutlineMask1,80777dd8,56,8007beb8
TexOutlineMask1,80777dd8,57,8007beb8
TexOutlineMask1,80777dd8,58,8007beb8
TexOutlineMask1,80777dd8,59,8007beb8
TexOutlineMask1,80777dd8,60,8007beb8
TexOutlineMask1,80777dd8,61,8007beb8
TexOutlineMask1,80777dd8,62,8007beb8
TexOutlineMask1,80777dd8,63,8007beb8
TexOutlineMask1,80777dd8,64,8007beb8
TexOutlineMask1,80777dd8,65,8007be98
TexOutlineMask1,80777dd8,66,8007beb8
TexOutlineMask1,80777dd8,67,8007beb8
TexOutlineMask1,80777dd8,68,8007beb8
TexOutlineMask1,80777dd8,69,8007beb8
TexOutlineMask1,80777dd8,70,8007beb8
TexOutlineMask1,80777dd8,71,8007beb8
TexOutlineMask1,80777dd8,72,8007beb8
TexOutlineMask1,80777dd8,73,8007beb8
TexOutlineMask1,80777dd8,74,8007beb8
TexOutlineMask1,80777dd8,75,8007beb8
TexOutlineMask1,80777dd8,76,8007beb8
TexOutlineMask1,80777dd8,77,8007beb8
TexOutlineMask1,80777dd8,78,8007beb8
TexOutlineMask1,80777dd8,79,8007beb8
TexOutlineMask1,80777dd8,80,8007beb0
TexOutlineMask1,80777dd8,81,8007bea8
TexOutlineMask1,80777dd8,82,8007beb8
TexOutlineMask1,80777dd8,83,8007beb8
TexOutlineMask1,80777dd8,84,8007beb8
TexOutlineMask1,80777dd8,85,8007beb8
TexOutlineMask1,80777dd8,86,8007bea0
TexOutlineMask1,80777dd8,87,8007beb8
TexOutlineMask1,80777dd8,88,8007beb8
TexOutlineMask1,80777dd8,89,8007beb8
TexOutlineMask1,80777dd8,90,8007beb8
TexOutlineMask1,80777dd8,91,8007beb8
TexOutlineMask1,80777dd8,92,8007beb8
TexOutlineMask1,80777dd8,93,8007beb8
TexOutlineMask1,80777dd8,94,8007beb8
TexOutlineMask1,80777dd8,95,8007beb8
TexOutlineMask1,80777dd8,96,8007beb8
TexOutlineMask1,80777dd8,97,8007be98
TexOutlineMask1,80777dd8,98,8007be5c
TexOutlineMask1,80777dd8,99,8007be54
TexOutlineMask1,80777dd8,100,8007be64
TexOutlineMask1,80777dd8,101,8007be64
TexOutlineMask1,80777dd8,102,8007be64
TexOutlineMask1,80777dd8,103,8007be64
TexOutlineMask1,80777dd8,104,8007be4c
TexOutlineMask1,80777dd8,105,8007be64
TexOutlineMask1,80777dd8,106,8007be64
TexOutlineMask1,80777dd8,107,8007be64
TexOutlineMask1,80777dd8,108,8007be64
TexOutlineMask1,80777dd8,109,8007be64
TexOutlineMask1,80777dd8,110,8007be64
TexOutlineMask1,80777dd8,111,8007be64
TexOutlineMask1,80777dd8,112,8007be64
TexOutlineMask1,80777dd8,113,8007be64
TexOutlineMask1,80777dd8,114,8007be64
TexOutlineMask1,80777dd8,115,8007be44
TexOutlineMask1,80777dd8,116,8007be64
TexOutlineMask1,80777dd8,117,8007be64
TexOutlineMask1,80777dd8,118,8007be64
TexOutlineMask1,80777dd8,119,8007be64
TexOutlineMask1,80777dd8,120,8007be64
TexOutlineMask1,80777dd8,121,8007be64
TexOutlineMask1,80777dd8,122,8007be64
TexOutlineMask1,80777dd8,123,8007be64
TexOutlineMask1,80777dd8,124,8007be64
TexOutlineMask1,80777dd8,125,8007be64
TexOutlineMask1,80777dd8,126,8007be64
TexOutlineMask1,80777dd8,127,8007be64
TexOutlineMask1,80777dd8,128,8007be64
TexOutlineMask1,80777dd8,129,8007be64
TexOutlineMask1,80777dd8,130,8007be5c
TexOutlineMask1,80777dd8,131,8007be54
TexOutlineMask1,80777dd8,132,8007be64
TexOutlineMask1,80777dd8,133,8007be64
TexOutlineMask1,80777dd8,134,8007be64
TexOutlineMask1,80777dd8,135,8007be64
TexOutlineMask1,80777dd8,136,8007be4c
TexOutlineMask1,80777dd8,137,8007be64
TexOutlineMask1,80777dd8,138,8007be64
TexOutlineMask1,80777dd8,139,8007be64
TexOutlineMask1,80777dd8,140,8007be64
TexOutlineMask1,80777dd8,141,8007be64
TexOutlineMask1,80777dd8,142,8007be64
TexOutlineMask1,80777dd8,143,8007be64
TexOutlineMask1,80777dd8,144,8007be64
TexOutlineMask1,80777dd8,145,8007be64
TexOutlineMask1,80777dd8,146,8007be64
TexOutlineMask1,80777dd8,147,8007be44
TexOutlineMask1,80777dd8,148,8007be08
TexOutlineMask1,80777dd8,149,8007be00
TexOutlineMask1,80777dd8,150,8007be10
TexOutlineMask1,80777dd8,151,8007be10
TexOutlineMask1,80777dd8,152,8007be10
TexOutlineMask1,80777dd8,153,8007be10
TexOutlineMask1,80777dd8,154,8007bdf8
TexOutlineMask1,80777dd8,155,8007be10
TexOutlineMask1,80777dd8,156,8007be10
TexOutlineMask1,80777dd8,157,8007be10
TexOutlineMask1,80777dd8,158,8007be10
TexOutlineMask1,80777dd8,159,8007be10
TexOutlineMask1,80777dd8,160,8007be10
TexOutlineMask1,80777dd8,161,8007be10
TexOutlineMask1,80777dd8,162,8007be10
TexOutlineMask1,80777dd8,163,8007be10
TexOutlineMask1,80777dd8,164,8007be10
TexOutlineMask1,80777dd8,165,8007bdf0
TexOutlineMask1,80777dd8,166,8007be10
TexOutlineMask1,80777dd8,167,8007be10
TexOutlineMask1,80777dd8,168,8007be10
TexOutlineMask1,80777dd8,169,8007be10
TexOutlineMask1,80777dd8,170,8007be10
TexOutlineMask1,80777dd8,171,8007be10
TexOutlineMask1,80777dd8,172,8007be10
TexOutlineMask1,80777dd8,173,8007be10
TexOutlineMask1,80777dd8,174,8007be10
TexOutlineMask1,80777dd8,175,8007be10
TexOutlineMask1,80777dd8,176,8007be10
TexOutlineMask1,80777dd8,177,8007be10
TexOutlineMask1,80777dd8,178,8007be10
TexOutlineMask1,80777dd8,179,8007be10
TexOutlineMask1,80777dd8,180,8007be08
TexOutlineMask1,80777dd8,181,8007be00
TexOutlineMask1,80777dd8,182,8007be10
TexOutlineMask1,80777dd8,183,8007be10
TexOutlineMask1,80777dd8,184,8007be10
TexOutlineMask1,80777dd8,185,8007be10
TexOutlineMask1,80777dd8,186,8007bdf8
TexOutlineMask1,80777dd8,187,8007be10
TexOutlineMask1,80777dd8,188,8007be10
TexOutlineMask1,80777dd8,189,8007be10
TexOutlineMask1,80777dd8,190,8007be10
TexOutlineMask1,80777dd8,191,8007be10
TexOutlineMask1,80777dd8,192,8007be10
TexOutlineMask1,80777dd8,193,8007be10
TexOutlineMask1,80777dd8,194,8007be10
TexOutlineMask1,80777dd8,195,8007be10
TexOutlineMask1,80777dd8,196,8007be10
TexOutlineMask1,80777dd8,197,8007bdf0
TexOutlineMask1,80777dd8,198,8007bda8
TexOutlineMask1,80777dd8,199,8007bda0
TexOutlineMask1,80777dd8,200,8007bdb0
TexOutlineMask1,80777dd8,201,8007bdb0
TexOutlineMask1,80777dd8,202,8007bdb0
TexOutlineMask1,80777dd8,203,8007bdb0
TexOutlineMask1,80777dd8,204,8007bd98
TexOutlineMask1,80777dd8,205,8007bdb0
TexOutlineMask1,80777dd8,206,8007bdb0
TexOutlineMask1,80777dd8,207,8007bdb0
TexOutlineMask1,80777dd8,208,8007bdb0
TexOutlineMask1,80777dd8,209,8007bdb0
TexOutlineMask1,80777dd8,210,8007bdb0
TexOutlineMask1,80777dd8,211,8007bdb0
TexOutlineMask1,80777dd8,212,8007bdb0
TexOutlineMask1,80777dd8,213,8007bdb0
TexOutlineMask1,80777dd8,214,8007bdb0
TexOutlineMask1,80777dd8,215,8007bd90
TexOutlineMask1,80777dd8,216,8007bdb0
TexOutlineMask1,80777dd8,217,8007bdb0
TexOutlineMask1,80777dd8,218,8007bdb0
TexOutlineMask1,80777dd8,219,8007bdb0
TexOutlineMask1,80777dd8,220,8007bdb0
TexOutlineMask1,80777dd8,221,8007bdb0
TexOutlineMask1,80777dd8,222,8007bdb0
TexOutlineMask1,80777dd8,223,8007bdb0
TexOutlineMask1,80777dd8,224,8007bdb0
TexOutlineMask1,80777dd8,225,8007bdb0
TexOutlineMask1,80777dd8,226,8007bdb0
TexOutlineMask1,80777dd8,227,8007bdb0
TexOutlineMask1,80777dd8,228,8007bdb0
TexOutlineMask1,80777dd8,229,8007bdb0
TexOutlineMask1,80777dd8,230,8007bda8
TexOutlineMask1,80777dd8,231,8007bda0
TexOutlineMask1,80777dd8,232,8007bdb0
TexOutlineMask1,80777dd8,233,8007bdb0
TexOutlineMask1,80777dd8,234,8007bdb0
TexOutlineMask1,80777dd8,235,8007bdb0
TexOutlineMask1,80777dd8,236,8007bd98
TexOutlineMask1,80777dd8,237,8007bdb0
TexOutlineMask1,80777dd8,238,8007bdb0
TexOutlineMask1,80777dd8,239,8007bdb0
TexOutlineMask1,80777dd8,240,8007bdb0
TexOutlineMask1,80777dd8,241,8007bdb0
TexOutlineMask1,80777dd8,242,8007bdb0
TexOutlineMask1,80777dd8,243,8007bdb0
TexOutlineMask1,80777dd8,244,8007bdb0
TexOutlineMask1,80777dd8,245,8007bdb0
TexOutlineMask1,80777dd8,246,8007bdb0
TexOutlineMask1,80777dd8,247,8007bd90
TexOutlineMask1,80777dd8,248,8007bd54
TexOutlineMask1,80777dd8,249,8007bd4c
TexOutlineMask1,80777dd8,250,8007bd5c
TexOutlineMask1,80777dd8,251,8007bd5c
TexOutlineMask1,80777dd8,252,8007bd5c
TexOutlineMask1,80777dd8,253,8007bd5c
TexOutlineMask1,80777dd8,254,8007bd44
TexOutlineMask1,80777dd8,255,8007bd5c
TexOutlineMask1,80777dd8,256,8007bd5c
TexOutlineMask1,80777dd8,257,8007bd5c
TexOutlineMask1,80777dd8,258,8007bd5c
TexOutlineMask1,80777dd8,259,8007bd5c
TexOutlineMask1,80777dd8,260,8007bd5c
TexOutlineMask1,80777dd8,261,8007bd5c
TexOutlineMask1,80777dd8,262,8007bd5c
TexOutlineMask1,80777dd8,263,8007bd5c
TexOutlineMask1,80777dd8,264,8007bd5c
TexOutlineMask1,80777dd8,265,8007bd3c
TexOutlineMask1,80777dd8,266,8007bd5c
TexOutlineMask1,80777dd8,267,8007bd5c
TexOutlineMask1,80777dd8,268,8007bd5c
TexOutlineMask1,80777dd8,269,8007bd5c
TexOutlineMask1,80777dd8,270,8007bd5c
TexOutlineMask1,80777dd8,271,8007bd5c
TexOutlineMask1,80777dd8,272,8007bd5c
TexOutlineMask1,80777dd8,273,8007bd5c
TexOutlineMask1,80777dd8,274,8007bd5c
TexOutlineMask1,80777dd8,275,8007bd5c
TexOutlineMask1,80777dd8,276,8007bd5c
TexOutlineMask1,80777dd8,277,8007bd5c
TexOutlineMask1,80777dd8,278,8007bd5c
TexOutlineMask1,80777dd8,279,8007bd5c
TexOutlineMask1,80777dd8,280,8007bd54
TexOutlineMask1,80777dd8,281,8007bd4c
TexOutlineMask1,80777dd8,282,8007bd5c
TexOutlineMask1,80777dd8,283,8007bd5c
TexOutlineMask1,80777dd8,284,8007bd5c
TexOutlineMask1,80777dd8,285,8007bd5c
TexOutlineMask1,80777dd8,286,8007bd44
TexOutlineMask1,80777dd8,287,8007bd5c
TexOutlineMask1,80777dd8,288,8007bd5c
TexOutlineMask1,80777dd8,289,8007bd5c
TexOutlineMask1,80777dd8,290,8007bd5c
TexOutlineMask1,80777dd8,291,8007bd5c
TexOutlineMask1,80777dd8,292,8007bd5c
TexOutlineMask1,80777dd8,293,8007bd5c
TexOutlineMask1,80777dd8,294,8007bd5c
TexOutlineMask1,80777dd8,295,8007bd5c
TexOutlineMask1,80777dd8,296,8007bd5c
TexOutlineMask1,80777dd8,297,8007bd3c
TexOutlineMask1,80777dd8,298,8007bd00
TexOutlineMask1,80777dd8,299,8007bcf8
TexOutlineMask1,80777dd8,300,8007bd08
TexOutlineMask1,80777dd8,301,8007bd08
TexOutlineMask1,80777dd8,302,8007bd08
TexOutlineMask1,80777dd8,303,8007bd08
TexOutlineMask1,80777dd8,304,8007bcf0
TexOutlineMask1,80777dd8,305,8007bd08
TexOutlineMask1,80777dd8,306,8007bd08
TexOutlineMask1,80777dd8,307,8007bd08
TexOutlineMask1,80777dd8,308,8007bd08
TexOutlineMask1,80777dd8,309,8007bd08
TexOutlineMask1,80777dd8,310,8007bd08
TexOutlineMask1,80777dd8,311,8007bd08
TexOutlineMask1,80777dd8,312,8007bd08
TexOutlineMask1,80777dd8,313,8007bd08
TexOutlineMask1,80777dd8,314,8007bd08
TexOutlineMask1,80777dd8,315,8007bce8
TexOutlineMask1,80777dd8,316,8007bd08
TexOutlineMask1,80777dd8,317,8007bd08
TexOutlineMask1,80777dd8,318,8007bd08
TexOutlineMask1,80777dd8,319,8007bd08
TexOutlineMask1,80777dd8,320,8007bd08
TexOutlineMask1,80777dd8,321,8007bd08
TexOutlineMask1,80777dd8,322,8007bd08
TexOutlineMask1,80777dd8,323,8007bd08
TexOutlineMask1,80777dd8,324,8007bd08
TexOutlineMask1,80777dd8,325,8007bd08
TexOutlineMask1,80777dd8,326,8007bd08
TexOutlineMask1,80777dd8,327,8007bd08
TexOutlineMask1,80777dd8,328,8007bd08
TexOutlineMask1,80777dd8,329,8007bd08
TexOutlineMask1,80777dd8,330,8007bd00
TexOutlineMask1,80777dd8,331,8007bcf8
TexOutlineMask1,80777dd8,332,8007bd08
TexOutlineMask1,80777dd8,333,8007bd08
TexOutlineMask1,80777dd8,334,8007bd08
TexOutlineMask1,80777dd8,335,8007bd08
TexOutlineMask1,80777dd8,336,8007bcf0
TexOutlineMask1,80777dd8,337,8007bd08
TexOutlineMask1,80777dd8,338,8007bd08
TexOutlineMask1,80777dd8,339,8007bd08
TexOutlineMask1,80777dd8,340,8007bd08
TexOutlineMask1,80777dd8,341,8007bd08
TexOutlineMask1,80777dd8,342,8007bd08
TexOutlineMask1,80777dd8,343,8007bd08
TexOutlineMask1,80777dd8,344,8007bd08
TexOutlineMask1,80777dd8,345,8007bd08
TexOutlineMask1,80777dd8,346,8007bd08
TexOutlineMask1,80777dd8,347,8007bce8
TexOutlineMask1,80777dd8,348,8007bc84
TexOutlineMask1,80777dd8,349,8007bc7c
TexOutlineMask1,80777dd8,350,8007bc8c
TexOutlineMask1,80777dd8,351,8007bc8c
TexOutlineMask1,80777dd8,352,8007bc8c
TexOutlineMask1,80777dd8,353,8007bc8c
TexOutlineMask1,80777dd8,354,8007bc74
TexOutlineMask1,80777dd8,355,8007bc8c
TexOutlineMask1,80777dd8,356,8007bc8c
TexOutlineMask1,80777dd8,357,8007bc8c
TexOutlineMask1,80777dd8,358,8007bc8c
TexOutlineMask1,80777dd8,359,8007bc8c
TexOutlineMask1,80777dd8,360,8007bc8c
TexOutlineMask1,80777dd8,361,8007bc8c
TexOutlineMask1,80777dd8,362,8007bc8c
TexOutlineMask1,80777dd8,363,8007bc8c
TexOutlineMask1,80777dd8,364,8007bc8c
TexOutlineMask1,80777dd8,365,8007bc6c
TexOutlineMask1,80777dd8,366,8007bc8c
TexOutlineMask1,80777dd8,367,8007bc8c
TexOutlineMask1,80777dd8,368,8007bc8c
TexOutlineMask1,80777dd8,369,8007bc8c
TexOutlineMask1,80777dd8,370,8007bc8c
TexOutlineMask1,80777dd8,371,8007bc8c
TexOutlineMask1,80777dd8,372,8007bc8c
TexOutlineMask1,80777dd8,373,8007bc8c
TexOutlineMask1,80777dd8,374,8007bc8c
TexOutlineMask1,80777dd8,375,8007bc8c
TexOutlineMask1,80777dd8,376,8007bc8c
TexOutlineMask1,80777dd8,377,8007bc8c
TexOutlineMask1,80777dd8,378,8007bc8c
TexOutlineMask1,80777dd8,379,8007bc8c
TexOutlineMask1,80777dd8,380,8007bc84
TexOutlineMask1,80777dd8,381,8007bc7c
TexOutlineMask1,80777dd8,382,8007bc8c
TexOutlineMask1,80777dd8,383,8007bc8c
TexOutlineMask1,80777dd8,384,8007bc8c
TexOutlineMask1,80777dd8,385,8007bc8c
TexOutlineMask1,80777dd8,386,8007bc74
TexOutlineMask1,80777dd8,387,8007bc8c
TexOutlineMask1,80777dd8,388,8007bc8c
TexOutlineMask1,80777dd8,389,8007bc8c
TexOutlineMask1,80777dd8,390,8007bc8c
TexOutlineMask1,80777dd8,391,8007bc8c
TexOutlineMask1,80777dd8,392,8007bc8c
TexOutlineMask1,80777dd8,393,8007bc8c
TexOutlineMask1,80777dd8,394,8007bc8c
TexOutlineMask1,80777dd8,395,8007bc8c
TexOutlineMask1,80777dd8,396,8007bc8c
TexOutlineMask1,80777dd8,397,8007bc6c
TexOutlineMask1,80777dd8,398,8007b3c8
TexOutlineMask1,80777dd8,399,8007b6d8
TexReflect1,80777dd0,0,8007bf04
TexReflect1,80777dd0,1,8007befc
TexReflect1,80777dd0,2,8007bf0c
TexReflect1,80777dd0,3,8007bf0c
TexReflect1,80777dd0,4,8007bf0c
TexReflect1,80777dd0,5,8007bf0c
TexReflect1,80777dd0,6,8007bef4
TexReflect1,80777dd0,7,8007bf0c
TexReflect1,80777dd0,8,8007bf0c
TexReflect1,80777dd0,9,8007bf0c
TexReflect1,80777dd0,10,8007bf0c
TexReflect1,80777dd0,11,8007bf0c
TexReflect1,80777dd0,12,8007bf0c
TexReflect1,80777dd0,13,8007bf0c
TexReflect1,80777dd0,14,8007bf0c
TexReflect1,80777dd0,15,8007bf0c
TexReflect1,80777dd0,16,8007bf0c
TexReflect1,80777dd0,17,8007beec
TexReflect1,80777dd0,18,8007bf0c
TexReflect1,80777dd0,19,8007bf0c
TexReflect1,80777dd0,20,8007bf0c
TexReflect1,80777dd0,21,8007bf0c
TexReflect1,80777dd0,22,8007bf0c
TexReflect1,80777dd0,23,8007bf0c
TexReflect1,80777dd0,24,8007bf0c
TexReflect1,80777dd0,25,8007bf0c
TexReflect1,80777dd0,26,8007bf0c
TexReflect1,80777dd0,27,8007bf0c
TexReflect1,80777dd0,28,8007bf0c
TexReflect1,80777dd0,29,8007bf0c
TexReflect1,80777dd0,30,8007bf0c
TexReflect1,80777dd0,31,8007bf0c
TexReflect1,80777dd0,32,8007bf04
TexReflect1,80777dd0,33,8007befc
TexReflect1,80777dd0,34,8007bf0c
TexReflect1,80777dd0,35,8007bf0c
TexReflect1,80777dd0,36,8007bf0c
TexReflect1,80777dd0,37,8007bf0c
TexReflect1,80777dd0,38,8007bef4
TexReflect1,80777dd0,39,8007bf0c
TexReflect1,80777dd0,40,8007bf0c
TexReflect1,80777dd0,41,8007bf0c
TexReflect1,80777dd0,42,8007bf0c
TexReflect1,80777dd0,43,8007bf0c
TexReflect1,80777dd0,44,8007bf0c
TexReflect1,80777dd0,45,8007bf0c
TexReflect1,80777dd0,46,8007bf0c
TexReflect1,80777dd0,47,8007bf0c
TexReflect1,80777dd0,48,8007bf0c
TexReflect1,80777dd0,49,8007beec
TexReflect1,80777dd0,50,8007beb0
TexReflect1,80777dd0,51,8007bea8
TexReflect1,80777dd0,52,8007beb8
TexReflect1,80777dd0,53,8007beb8
TexReflect1,80777dd0,54,8007beb8
TexReflect1,80777dd0,55,8007beb8
TexReflect1,80777dd0,56,8007bea0
TexReflect1,80777dd0,57,8007beb8
TexReflect1,80777dd0,58,8007beb8
TexReflect1,80777dd0,59,8007beb8
TexReflect1,80777dd0,60,8007beb8
TexReflect1,80777dd0,61,8007beb8
TexReflect1,80777dd0,62,8007beb8
TexReflect1,80777dd0,63,8007beb8
TexReflect1,80777dd0,64,8007beb8
TexReflect1,80777dd0,65,8007beb8
TexReflect1,80777dd0,66,8007beb8
TexReflect1,80777dd0,67,8007be98
TexReflect1,80777dd0,68,8007beb8
TexReflect1,80777dd0,69,8007beb8
TexReflect1,80777dd0,70,8007beb8
TexReflect1,80777dd0,71,8007beb8
TexReflect1,80777dd0,72,8007beb8
TexReflect1,80777dd0,73,8007beb8
TexReflect1,80777dd0,74,8007beb8
TexReflect1,80777dd0,75,8007beb8
TexReflect1,80777dd0,76,8007beb8
TexReflect1,80777dd0,77,8007beb8
TexReflect1,80777dd0,78,8007beb8
TexReflect1,80777dd0,79,8007beb8
TexReflect1,80777dd0,80,8007beb8
TexReflect1,80777dd0,81,8007beb8
TexReflect1,80777dd0,82,8007beb0
TexReflect1,80777dd0,83,8007bea8
TexReflect1,80777dd0,84,8007beb8
TexReflect1,80777dd0,85,8007beb8
TexReflect1,80777dd0,86,8007beb8
TexReflect1,80777dd0,87,8007beb8
TexReflect1,80777dd0,88,8007bea0
TexReflect1,80777dd0,89,8007beb8
TexReflect1,80777dd0,90,8007beb8
TexReflect1,80777dd0,91,8007beb8
TexReflect1,80777dd0,92,8007beb8
TexReflect1,80777dd0,93,8007beb8
TexReflect1,80777dd0,94,8007beb8
TexReflect1,80777dd0,95,8007beb8
TexReflect1,80777dd0,96,8007beb8
TexReflect1,80777dd0,97,8007beb8
TexReflect1,80777dd0,98,8007beb8
TexReflect1,80777dd0,99,8007be98
TexReflect1,80777dd0,100,8007be5c
TexReflect1,80777dd0,101,8007be54
TexReflect1,80777dd0,102,8007be64
TexReflect1,80777dd0,103,8007be64
TexReflect1,80777dd0,104,8007be64
TexReflect1,80777dd0,105,8007be64
TexReflect1,80777dd0,106,8007be4c
TexReflect1,80777dd0,107,8007be64
TexReflect1,80777dd0,108,8007be64
TexReflect1,80777dd0,109,8007be64
TexReflect1,80777dd0,110,8007be64
TexReflect1,80777dd0,111,8007be64
TexReflect1,80777dd0,112,8007be64
TexReflect1,80777dd0,113,8007be64
TexReflect1,80777dd0,114,8007be64
TexReflect1,80777dd0,115,8007be64
TexReflect1,80777dd0,116,8007be64
TexReflect1,80777dd0,117,8007be44
TexReflect1,80777dd0,118,8007be64
TexReflect1,80777dd0,119,8007be64
TexReflect1,80777dd0,120,8007be64
TexReflect1,80777dd0,121,8007be64
TexReflect1,80777dd0,122,8007be64
TexReflect1,80777dd0,123,8007be64
TexReflect1,80777dd0,124,8007be64
TexReflect1,80777dd0,125,8007be64
TexReflect1,80777dd0,126,8007be64
TexReflect1,80777dd0,127,8007be64
TexReflect1,80777dd0,128,8007be64
TexReflect1,80777dd0,129,8007be64
TexReflect1,80777dd0,130,8007be64
TexReflect1,80777dd0,131,8007be64
TexReflect1,80777dd0,132,8007be5c
TexReflect1,80777dd0,133,8007be54
TexReflect1,80777dd0,134,8007be64
TexReflect1,80777dd0,135,8007be64
TexReflect1,80777dd0,136,8007be64
TexReflect1,80777dd0,137,8007be64
TexReflect1,80777dd0,138,8007be4c
TexReflect1,80777dd0,139,8007be64
TexReflect1,80777dd0,140,8007be64
TexReflect1,80777dd0,141,8007be64
TexReflect1,80777dd0,142,8007be64
TexReflect1,80777dd0,143,8007be64
TexReflect1,80777dd0,144,8007be64
TexReflect1,80777dd0,145,8007be64
TexReflect1,80777dd0,146,8007be64
TexReflect1,80777dd0,147,8007be64
TexReflect1,80777dd0,148,8007be64
TexReflect1,80777dd0,149,8007be44
TexReflect1,80777dd0,150,8007be08
TexReflect1,80777dd0,151,8007be00
TexReflect1,80777dd0,152,8007be10
TexReflect1,80777dd0,153,8007be10
TexReflect1,80777dd0,154,8007be10
TexReflect1,80777dd0,155,8007be10
TexReflect1,80777dd0,156,8007bdf8
TexReflect1,80777dd0,157,8007be10
TexReflect1,80777dd0,158,8007be10
TexReflect1,80777dd0,159,8007be10
TexReflect1,80777dd0,160,8007be10
TexReflect1,80777dd0,161,8007be10
TexReflect1,80777dd0,162,8007be10
TexReflect1,80777dd0,163,8007be10
TexReflect1,80777dd0,164,8007be10
TexReflect1,80777dd0,165,8007be10
TexReflect1,80777dd0,166,8007be10
TexReflect1,80777dd0,167,8007bdf0
TexReflect1,80777dd0,168,8007be10
TexReflect1,80777dd0,169,8007be10
TexReflect1,80777dd0,170,8007be10
TexReflect1,80777dd0,171,8007be10
TexReflect1,80777dd0,172,8007be10
TexReflect1,80777dd0,173,8007be10
TexReflect1,80777dd0,174,8007be10
TexReflect1,80777dd0,175,8007be10
TexReflect1,80777dd0,176,8007be10
TexReflect1,80777dd0,177,8007be10
TexReflect1,80777dd0,178,8007be10
TexReflect1,80777dd0,179,8007be10
TexReflect1,80777dd0,180,8007be10
TexReflect1,80777dd0,181,8007be10
TexReflect1,80777dd0,182,8007be08
TexReflect1,80777dd0,183,8007be00
TexReflect1,80777dd0,184,8007be10
TexReflect1,80777dd0,185,8007be10
TexReflect1,80777dd0,186,8007be10
TexReflect1,80777dd0,187,8007be10
TexReflect1,80777dd0,188,8007bdf8
TexReflect1,80777dd0,189,8007be10
TexReflect1,80777dd0,190,8007be10
TexReflect1,80777dd0,191,8007be10
TexReflect1,80777dd0,192,8007be10
TexReflect1,80777dd0,193,8007be10
TexReflect1,80777dd0,194,8007be10
TexReflect1,80777dd0,195,8007be10
TexReflect1,80777dd0,196,8007be10
TexReflect1,80777dd0,197,8007be10
TexReflect1,80777dd0,198,8007be10
TexReflect1,80777dd0,199,8007bdf0
TexReflect1,80777dd0,200,8007bda8
TexReflect1,80777dd0,201,8007bda0
TexReflect1,80777dd0,202,8007bdb0
TexReflect1,80777dd0,203,8007bdb0
TexReflect1,80777dd0,204,8007bdb0
TexReflect1,80777dd0,205,8007bdb0
TexReflect1,80777dd0,206,8007bd98
TexReflect1,80777dd0,207,8007bdb0
TexReflect1,80777dd0,208,8007bdb0
TexReflect1,80777dd0,209,8007bdb0
TexReflect1,80777dd0,210,8007bdb0
TexReflect1,80777dd0,211,8007bdb0
TexReflect1,80777dd0,212,8007bdb0
TexReflect1,80777dd0,213,8007bdb0
TexReflect1,80777dd0,214,8007bdb0
TexReflect1,80777dd0,215,8007bdb0
TexReflect1,80777dd0,216,8007bdb0
TexReflect1,80777dd0,217,8007bd90
TexReflect1,80777dd0,218,8007bdb0
TexReflect1,80777dd0,219,8007bdb0
TexReflect1,80777dd0,220,8007bdb0
TexReflect1,80777dd0,221,8007bdb0
TexReflect1,80777dd0,222,8007bdb0
TexReflect1,80777dd0,223,8007bdb0
TexReflect1,80777dd0,224,8007bdb0
TexReflect1,80777dd0,225,8007bdb0
TexReflect1,80777dd0,226,8007bdb0
TexReflect1,80777dd0,227,8007bdb0
TexReflect1,80777dd0,228,8007bdb0
TexReflect1,80777dd0,229,8007bdb0
TexReflect1,80777dd0,230,8007bdb0
TexReflect1,80777dd0,231,8007bdb0
TexReflect1,80777dd0,232,8007bda8
TexReflect1,80777dd0,233,8007bda0
TexReflect1,80777dd0,234,8007bdb0
TexReflect1,80777dd0,235,8007bdb0
TexReflect1,80777dd0,236,8007bdb0
TexReflect1,80777dd0,237,8007bdb0
TexReflect1,80777dd0,238,8007bd98
TexReflect1,80777dd0,239,8007bdb0
TexReflect1,80777dd0,240,8007bdb0
TexReflect1,80777dd0,241,8007bdb0
TexReflect1,80777dd0,242,8007bdb0
TexReflect1,80777dd0,243,8007bdb0
TexReflect1,80777dd0,244,8007bdb0
TexReflect1,80777dd0,245,8007bdb0
TexReflect1,80777dd0,246,8007bdb0
TexReflect1,80777dd0,247,8007bdb0
TexReflect1,80777dd0,248,8007bdb0
TexReflect1,80777dd0,249,8007bd90
TexReflect1,80777dd0,250,8007bd54
TexReflect1,80777dd0,251,8007bd4c
TexReflect1,80777dd0,252,8007bd5c
TexReflect1,80777dd0,253,8007bd5c
TexReflect1,80777dd0,254,8007bd5c
TexReflect1,80777dd0,255,8007bd5c
TexReflect1,80777dd0,256,8007bd44
TexReflect1,80777dd0,257,8007bd5c
TexReflect1,80777dd0,258,8007bd5c
TexReflect1,80777dd0,259,8007bd5c
TexReflect1,80777dd0,260,8007bd5c
TexReflect1,80777dd0,261,8007bd5c
TexReflect1,80777dd0,262,8007bd5c
TexReflect1,80777dd0,263,8007bd5c
TexReflect1,80777dd0,264,8007bd5c
TexReflect1,80777dd0,265,8007bd5c
TexReflect1,80777dd0,266,8007bd5c
TexReflect1,80777dd0,267,8007bd3c
TexReflect1,80777dd0,268,8007bd5c
TexReflect1,80777dd0,269,8007bd5c
TexReflect1,80777dd0,270,8007bd5c
TexReflect1,80777dd0,271,8007bd5c
TexReflect1,80777dd0,272,8007bd5c
TexReflect1,80777dd0,273,8007bd5c
TexReflect1,80777dd0,274,8007bd5c
TexReflect1,80777dd0,275,8007bd5c
TexReflect1,80777dd0,276,8007bd5c
TexReflect1,80777dd0,277,8007bd5c
TexReflect1,80777dd0,278,8007bd5c
TexReflect1,80777dd0,279,8007bd5c
TexReflect1,80777dd0,280,8007bd5c
TexReflect1,80777dd0,281,8007bd5c
TexReflect1,80777dd0,282,8007bd54
TexReflect1,80777dd0,283,8007bd4c
TexReflect1,80777dd0,284,8007bd5c
TexReflect1,80777dd0,285,8007bd5c
TexReflect1,80777dd0,286,8007bd5c
TexReflect1,80777dd0,287,8007bd5c
TexReflect1,80777dd0,288,8007bd44
TexReflect1,80777dd0,289,8007bd5c
TexReflect1,80777dd0,290,8007bd5c
TexReflect1,80777dd0,291,8007bd5c
TexReflect1,80777dd0,292,8007bd5c
TexReflect1,80777dd0,293,8007bd5c
TexReflect1,80777dd0,294,8007bd5c
TexReflect1,80777dd0,295,8007bd5c
TexReflect1,80777dd0,296,8007bd5c
TexReflect1,80777dd0,297,8007bd5c
TexReflect1,80777dd0,298,8007bd5c
TexReflect1,80777dd0,299,8007bd3c
TexReflect1,80777dd0,300,8007bd00
TexReflect1,80777dd0,301,8007bcf8
TexReflect1,80777dd0,302,8007bd08
TexReflect1,80777dd0,303,8007bd08
TexReflect1,80777dd0,304,8007bd08
TexReflect1,80777dd0,305,8007bd08
TexReflect1,80777dd0,306,8007bcf0
TexReflect1,80777dd0,307,8007bd08
TexReflect1,80777dd0,308,8007bd08
TexReflect1,80777dd0,309,8007bd08
TexReflect1,80777dd0,310,8007bd08
TexReflect1,80777dd0,311,8007bd08
TexReflect1,80777dd0,312,8007bd08
TexReflect1,80777dd0,313,8007bd08
TexReflect1,80777dd0,314,8007bd08
TexReflect1,80777dd0,315,8007bd08
TexReflect1,80777dd0,316,8007bd08
TexReflect1,80777dd0,317,8007bce8
TexReflect1,80777dd0,318,8007bd08
TexReflect1,80777dd0,319,8007bd08
TexReflect1,80777dd0,320,8007bd08
TexReflect1,80777dd0,321,8007bd08
TexReflect1,80777dd0,322,8007bd08
TexReflect1,80777dd0,323,8007bd08
TexReflect1,80777dd0,324,8007bd08
TexReflect1,80777dd0,325,8007bd08
TexReflect1,80777dd0,326,8007bd08
TexReflect1,80777dd0,327,8007bd08
TexReflect1,80777dd0,328,8007bd08
TexReflect1,80777dd0,329,8007bd08
TexReflect1,80777dd0,330,8007bd08
TexReflect1,80777dd0,331,8007bd08
TexReflect1,80777dd0,332,8007bd00
TexReflect1,80777dd0,333,8007bcf8
TexReflect1,80777dd0,334,8007bd08
TexReflect1,80777dd0,335,8007bd08
TexReflect1,80777dd0,336,8007bd08
TexReflect1,80777dd0,337,8007bd08
TexReflect1,80777dd0,338,8007bcf0
TexReflect1,80777dd0,339,8007bd08
TexReflect1,80777dd0,340,8007bd08
TexReflect1,80777dd0,341,8007bd08
TexReflect1,80777dd0,342,8007bd08
TexReflect1,80777dd0,343,8007bd08
TexReflect1,80777dd0,344,8007bd08
TexReflect1,80777dd0,345,8007bd08
TexReflect1,80777dd0,346,8007bd08
TexReflect1,80777dd0,347,8007bd08
TexReflect1,80777dd0,348,8007bd08
TexReflect1,80777dd0,349,8007bce8
TexReflect1,80777dd0,350,8007bc84
TexReflect1,80777dd0,351,8007bc7c
TexReflect1,80777dd0,352,8007bc8c
TexReflect1,80777dd0,353,8007bc8c
TexReflect1,80777dd0,354,8007bc8c
TexReflect1,80777dd0,355,8007bc8c
TexReflect1,80777dd0,356,8007bc74
TexReflect1,80777dd0,357,8007bc8c
TexReflect1,80777dd0,358,8007bc8c
TexReflect1,80777dd0,359,8007bc8c
TexReflect1,80777dd0,360,8007bc8c
TexReflect1,80777dd0,361,8007bc8c
TexReflect1,80777dd0,362,8007bc8c
TexReflect1,80777dd0,363,8007bc8c
TexReflect1,80777dd0,364,8007bc8c
TexReflect1,80777dd0,365,8007bc8c
TexReflect1,80777dd0,366,8007bc8c
TexReflect1,80777dd0,367,8007bc6c
TexReflect1,80777dd0,368,8007bc8c
TexReflect1,80777dd0,369,8007bc8c
TexReflect1,80777dd0,370,8007bc8c
TexReflect1,80777dd0,371,8007bc8c
TexReflect1,80777dd0,372,8007bc8c
TexReflect1,80777dd0,373,8007bc8c
TexReflect1,80777dd0,374,8007bc8c
TexReflect1,80777dd0,375,8007bc8c
TexReflect1,80777dd0,376,8007bc8c
TexReflect1,80777dd0,377,8007bc8c
TexReflect1,80777dd0,378,8007bc8c
TexReflect1,80777dd0,379,8007bc8c
TexReflect1,80777dd0,380,8007bc8c
TexReflect1,80777dd0,381,8007bc8c
TexReflect1,80777dd0,382,8007bc84
TexReflect1,80777dd0,383,8007bc7c
TexReflect1,80777dd0,384,8007bc8c
TexReflect1,80777dd0,385,8007bc8c
TexReflect1,80777dd0,386,8007bc8c
TexReflect1,80777dd0,387,8007bc8c
TexReflect1,80777dd0,388,8007bc74
TexReflect1,80777dd0,389,8007bc8c
TexReflect1,80777dd0,390,8007bc8c
TexReflect1,80777dd0,391,8007bc8c
TexReflect1,80777dd0,392,8007bc8c
TexReflect1,80777dd0,393,8007bc8c
TexReflect1,80777dd0,394,8007bc8c
TexReflect1,80777dd0,395,8007bc8c
TexReflect1,80777dd0,396,8007bc8c
TexReflect1,80777dd0,397,8007bc8c
TexReflect1,80777dd0,398,8007bc8c
TexReflect1,80777dd0,399,8007bc6c
TutorialPopup,807979a8,0,805bd3b0
TutorialPopup,807979a8,1,805ba16c
TutorialPopup,807979a8,2,805bac18
TutorialPopup,807979a8,3,805bb5a0
TutorialPopup,807979a8,4,80013cac
VO_AR003_670,807910a0,0,804d4ccc
VO_AR003_670,807910a0,1,804d4d98
VO_AR003_670,807910a0,2,804d4f2c
VO_AR003_670,807910a0,3,804d50ac
VO_AR003_670,807910a0,4,804d5188
VO_AR003_670,807910a0,5,804d52bc
VO_AR003_670,807910a0,6,804d54a8
VO_AR003_670,807910a0,7,804d54dc
VO_AR003_670,807910a0,8,804d2b28
VO_AR003_670,807910a0,9,804d2b5c
VO_AR003_670,807910a0,10,804d2a9c
VO_AR003_670,807910a0,11,804d2bc4
VO_AR003_670,807910a0,12,804d2bf8
VO_AR003_670,807910a0,13,804d2c50
VO_AR003_670,807910a0,14,804d2d98
VO_AR003_670,807910a0,15,804d2f20
VO_AR003_670,807910a0,16,804d2f90
VO_AR003_670,807910a0,17,804d5c98
VO_AR003_670,807910a0,18,804d31b0
VO_AR003_670,807910a0,19,804d3214
VO_AR003_670,807910a0,20,804d3238
VO_AR003_670,807910a0,21,804d3298
VO_AR003_670,807910a0,22,804d32bc
VO_AR003_670,807910a0,23,804d3704
VO_AR003_670,807910a0,24,804d3e10
VO_AR003_670,807910a0,25,804d3c08
VO_AR003_670,807910a0,26,804d3c88
VO_AR003_670,807910a0,27,804d3cfc
VO_AR003_670,807910a0,28,804d3d70
VO_AR003_670,807910a0,29,804d3ecc
VO_AR003_670,807910a0,30,804d3f78
VO_AR003_670,807910a0,31,804d5c98
VO_AR003_670,807910a0,32,804d5c98
VO_AR003_670,807910a0,33,804d5c98
VO_AR003_670,807910a0,34,804d5c98
VO_AR003_670,807910a0,35,804d5c98
VO_AR003_670,807910a0,36,804d5c98
VO_AR003_670,807910a0,37,804d428c
VO_AR003_670,807910a0,38,804d436c
VO_AR003_670,807910a0,39,804d451c
VO_AR003_670,807910a0,40,804d44dc
VO_AR003_670,807910a0,41,804d4ba8
VO_AR003_670,807910a0,42,804d5560
VO_AR003_670,807910a0,43,804d5c98
VO_AR003_670,807910a0,44,804d5590
VO_AR003_670,807910a0,45,804d5630
VO_AR003_670,807910a0,46,804d5ae4
VO_AR003_670,807910a0,47,804d5b50
VO_AR003_670,807910a0,48,804d5b70
VO_AR003_670,807910a0,49,804d5bd8
VO_AR003_670,807910a0,50,804d5bd8
VO_AR003_670,807910a0,51,804d5bd8
VO_AR003_670,807910a0,52,804d5c70
VO_AR003_670,807910a0,53,804d5c98
VO_AR003_670,807910a0,54,804d289c
VO_AR003_680,807910a4,0,804d4d98
VO_AR003_680,807910a4,1,804d4f2c
VO_AR003_680,807910a4,2,804d50ac
VO_AR003_680,807910a4,3,804d5188
VO_AR003_680,807910a4,4,804d52bc
VO_AR003_680,807910a4,5,804d54a8
VO_AR003_680,807910a4,6,804d54dc
VO_AR003_680,807910a4,7,804d2b28
VO_AR003_680,807910a4,8,804d2b5c
VO_AR003_680,807910a4,9,804d2a9c
VO_AR003_680,807910a4,10,804d2bc4
VO_AR003_680,807910a4,11,804d2bf8
VO_AR003_680,807910a4,12,804d2c50
VO_AR003_680,807910a4,13,804d2d98
VO_AR003_680,807910a4,14,804d2f20
VO_AR003_680,807910a4,15,804d2f90
VO_AR003_680,807910a4,16,804d5c98
VO_AR003_680,807910a4,17,804d31b0
VO_AR003_680,807910a4,18,804d3214
VO_AR003_680,807910a4,19,804d3238
VO_AR003_680,807910a4,20,804d3298
VO_AR003_680,807910a4,21,804d32bc
VO_AR003_680,807910a4,22,804d3704
VO_AR003_680,807910a4,23,804d3e10
VO_AR003_680,807910a4,24,804d3c08
VO_AR003_680,807910a4,25,804d3c88
VO_AR003_680,807910a4,26,804d3cfc
VO_AR003_680,807910a4,27,804d3d70
VO_AR003_680,807910a4,28,804d3ecc
VO_AR003_680,807910a4,29,804d3f78
VO_AR003_680,807910a4,30,804d5c98
VO_AR003_680,807910a4,31,804d5c98
VO_AR003_680,807910a4,32,804d5c98
VO_AR003_680,807910a4,33,804d5c98
VO_AR003_680,807910a4,34,804d5c98
VO_AR003_680,807910a4,35,804d5c98
VO_AR003_680,807910a4,36,804d428c
VO_AR003_680,807910a4,37,804d436c
VO_AR003_680,807910a4,38,804d451c
VO_AR003_680,807910a4,39,804d44dc
VO_AR003_680,807910a4,40,804d4ba8
VO_AR003_680,807910a4,41,804d5560
VO_AR003_680,807910a4,42,804d5c98
VO_AR003_680,807910a4,43,804d5590
VO_AR003_680,807910a4,44,804d5630
VO_AR003_680,807910a4,45,804d5ae4
VO_AR003_680,807910a4,46,804d5b50
VO_AR003_680,807910a4,47,804d5b70
VO_AR003_680,807910a4,48,804d5bd8
VO_AR003_680,807910a4,49,804d5bd8
VO_AR003_680,807910a4,50,804d5bd8
VO_AR003_680,807910a4,51,804d5c70
VO_AR003_680,807910a4,52,804d5c98
VO_AR003_680,807910a4,53,804d289c
atn::BaseNode,80778bb0,0,800a8c48
atn::BaseNode,80778bb0,1,800a794c
atn::BaseNode,80778bb0,2,800a7acc
atn::BaseNode,80778bb0,3,800a8468
atn::BaseNode,80778bb0,4,800a8740
atn::BaseNode,80778bb0,5,800a85cc
atn::BaseNode,80778bb0,6,800a8fe8
atn::BaseNode,80778bb0,7,800a8fe0
atn::BaseNode,80778bb0,8,800a8fa4
atn::BaseNode,80778bb0,9,800a8a80
atn::BaseNode,80778bb0,10,800a8fc4
atn::BaseNode,80778bb0,11,800a8cb8
atn::Bgm,80777580,0,800595d8
atn::Bgm,80777580,1,80058c20
atn::Bgm,80777580,2,80058d0c
atn::Bgm,80777580,3,80058df8
atn::Bgm,80777580,4,800591d4
atn::Bgm,80777580,5,8004d254
atn::ColliBase,807776c0,0,8005d84c
atn::ColliBase,807776c0,1,8005da34
atn::ColliBase,807776c0,2,8005dc54
atn::ColliBase,807776c0,3,8005dc2c
atn::ColliBox,80777628,0,80059468
atn::ColliBox,80777628,1,80057124
atn::ColliBox,80777628,2,80057280
atn::ColliBox,80777628,3,800573e4
atn::ColliBox,80777628,4,80057450
atn::ColliBox,80777628,5,80057474
atn::ColliCapsule,80777660,0,800593f4
atn::ColliCapsule,80777660,1,80056f30
atn::ColliCapsule,80777660,2,80056f9c
atn::ColliCapsule,80777660,3,80057008
atn::ColliCapsule,80777660,4,80057074
atn::ColliCapsule,80777660,5,80057094
atn::ColliObject,807775f0,0,800594dc
atn::ColliObject,807775f0,1,80057be8
atn::ColliObject,807775f0,2,80057c94
atn::ColliObject,807775f0,3,80057d40
atn::ColliObject,807775f0,4,80057dec
atn::ColliObject,807775f0,5,80057e38
atn::ColliSphere,80777698,0,80056e40
atn::ColliSphere,80777698,1,8004cf34
atn::ColliSphere,80777698,2,8004d114
atn::ColliSphere,80777698,3,8004d11c
atn::ColliSphere,80777698,4,8004d310
atn::ColliSphere,80777698,5,8004d254
atn::ColliTree,807775b8,0,80059550
atn::ColliTree,807775b8,1,80058120
atn::ColliTree,807775b8,2,8005823c
atn::ColliTree,807775b8,3,80058358
atn::ColliTree,807775b8,4,80058474
atn::ColliTree,807775b8,5,8005886c
atn::ConstantCurve,80777750,0,8005cc98
atn::ConstantCurve,80777750,1,8005ce94
atn::ConstantCurve,80777750,2,8005dcc8
atn::ConstantCurve,80777750,3,8005dcb8
atn::CosinusCurve,80777780,0,8005c248
atn::CosinusCurve,80777780,1,8005caa4
atn::CosinusCurve,80777780,2,8005dd1c
atn::CosinusCurve,80777780,3,8005dd0c
"atn::CsvBase<char, 44, 13, 34>",807772e0,0,80041c4c
"atn::CsvBase<char, 44, 13, 34>",807772e0,1,80041ce4
"atn::CsvBase<char, 44, 13, 34>",807772e0,2,8004312c
"atn::CsvBase<char, 44, 13, 34>",807772e0,3,80043128
"atn::CsvBase<char, 44, 13, 34>",807772e0,4,80013cac
"atn::CsvBase<char, 9, 13, 34>",807774e8,0,800458f4
"atn::CsvBase<char, 9, 13, 34>",807774e8,1,8004620c
"atn::CsvBase<char, 9, 13, 34>",807774e8,2,80046208
"atn::CsvBase<char, 9, 13, 34>",807774e8,3,80046200
"atn::CsvBase<char, 9, 13, 34>",807774e8,4,80045a68
"atn::CsvBase<char, 9, 13, 34>",807774e8,5,800461fc
"atn::CsvBase<wchar_t, 9, 13, 34>",8078b618,0,803b9140
"atn::CsvBase<wchar_t, 9, 13, 34>",8078b618,1,803b91dc
"atn::CsvBase<wchar_t, 9, 13, 34>",8078b618,2,803b97c4
"atn::CsvBase<wchar_t, 9, 13, 34>",8078b618,3,80043128
"atn::CsvBase<wchar_t, 9, 13, 34>",8078b618,4,80013cac
atn::D2A_Common,80782a78,0,801eef74
atn::D2A_Common,80782a78,1,801ef894
atn::D2A_Common,80782a78,2,801ef944
atn::D2A_Common,80782a78,3,801ef7e0
atn::D2A_Data,80782a98,0,801efb90
atn::D2A_Data,80782a98,1,801edccc
atn::D2A_Data,80782a98,2,801edcc8
atn::D2A_Data,80782a98,3,801ed90c
atn::D2A_Data,80782a98,4,801efbe8
atn::D2A_Data,80782a98,5,801edcc0
atn::D2A_Data,80782a98,6,801edcbc
atn::D2A_Frame,80782ad0,0,801f0b04
atn::D2A_Frame,80782ad0,1,801edccc
atn::D2A_Frame,80782ad0,2,801edcc8
atn::D2A_Frame,80782ad0,3,801ed90c
atn::D2A_Frame,80782ad0,4,801f0b5c
atn::D2A_Frame,80782ad0,5,801edcc0
atn::D2A_Frame,80782ad0,6,801edcbc
atn::D2A_Line,80782b08,0,801f0ef4
atn::D2A_Line,80782b08,1,801f0f74
atn::D2A_Line,80782b08,2,801f1048
atn::D2A_Line,80782b08,3,801f1094
atn::D2A_Line,80782b08,4,80013cac
atn::D2A_Reference,80782c00,0,801f4230
atn::D2A_Reference,80782c00,1,801f42a8
atn::D2A_Reference,80782c00,2,801f43e8
atn::D2A_Reference,80782c00,3,801f4514
atn::D2A_Reference,80782c00,4,80013cac
"atn::D2A_TaskInstanceBase<32, 8>",80782ce8,0,801f51c8
"atn::D2A_TaskInstanceBase<32, 8>",80782ce8,1,801f5360
"atn::D2A_TaskInstanceBase<32, 8>",80782ce8,2,801f53c4
"atn::D2A_TaskInstanceBase<32, 8>",80782ce8,3,801f5460
"atn::D2A_TaskInstanceBase<32, 8>",80782ce8,4,80013cac
"atn::D2A_TaskInstanceBase<8, 2>",80782ca8,0,801f66a4
"atn::D2A_TaskInstanceBase<8, 2>",80782ca8,1,801f683c
"atn::D2A_TaskInstanceBase<8, 2>",80782ca8,2,801f68a0
"atn::D2A_TaskInstanceBase<8, 2>",80782ca8,3,801f693c
"atn::D2A_TaskInstanceBase<8, 2>",80782ca8,4,80013cac
atn::D2A_Texture,80782db0,0,801ff234
atn::D2A_Texture,80782db0,1,801edccc
atn::D2A_Texture,80782db0,2,801edcc8
atn::D2A_Texture,80782db0,3,801ed90c
atn::D2A_Texture,80782db0,4,801ff28c
atn::D2A_Texture,80782db0,5,801edcc0
atn::D2A_Texture,80782db0,6,801edcbc
atn::D2A_Window,80782de8,0,8020205c
atn::D2A_Window,80782de8,1,80202138
atn::D2A_Window,80782de8,2,802021d0
atn::D2A_Window,80782de8,3,80202260
atn::D2A_Window,80782de8,4,80013cac
atn::D3Anime,80782e20,0,80202c4c
atn::D3Anime,80782e20,1,80202d20
atn::D3Anime,80782e20,2,80202db8
atn::D3Anime,80782e20,3,80202e48
atn::D3Anime,80782e20,4,80013cac
atn::D3AnimeInstance,80782e58,0,80204690
atn::D3AnimeInstance,80782e58,1,802048f8
atn::D3AnimeInstance,80782e58,2,8020494c
atn::DLAllocator,80778608,0,80087270
atn::DLAllocator,80778608,1,800897d0
atn::DLAllocator,80778608,2,800897d4
atn::DLAllocator,80778608,3,8008730c
atn::DLAllocator,80778608,4,80087320
atn::DLAllocator,80778608,5,8008954c
atn::DLAllocator,80778608,6,80089488
atn::DLAllocator,80778608,7,800895c0
atn::DLAllocator,80778608,8,80089854
atn::DLAllocator,80778608,9,800875ec
atn::DrawHelper,807777d0,0,80068d70
atn::DrawHelper,807777d0,1,80046218
atn::DrawHelper,807777d0,2,800685e4
atn::DrawHelper,807777d0,3,80046200
atn::DrawHelper,807777d0,4,80046214
atn::DrawHelper,807777d0,5,800461fc
atn::DrawHelper::ComDrawColliObject,807778d0,0,80068c70
atn::DrawHelper::ComDrawColliObject,807778d0,1,80046218
atn::DrawHelper::ComDrawColliObject,807778d0,2,800678bc
atn::DrawHelper::ComDrawColliObject,807778d0,3,80046200
atn::DrawHelper::ComDrawColliObject,807778d0,4,80046214
atn::DrawHelper::ComDrawColliObject,807778d0,5,800461fc
atn::DrawHelper::ComDrawColliTree,80777890,0,80068cb0
atn::DrawHelper::ComDrawColliTree,80777890,1,80046218
atn::DrawHelper::ComDrawColliTree,80777890,2,80067eb8
atn::DrawHelper::ComDrawColliTree,80777890,3,80046200
atn::DrawHelper::ComDrawColliTree,80777890,4,80046214
atn::DrawHelper::ComDrawColliTree,80777890,5,800461fc
atn::DrawHelper::ComDrawD3TextureMask,80777850,0,80068cf0
atn::DrawHelper::ComDrawD3TextureMask,80777850,1,80046218
atn::DrawHelper::ComDrawD3TextureMask,80777850,2,80067ffc
atn::DrawHelper::ComDrawD3TextureMask,80777850,3,80046200
atn::DrawHelper::ComDrawD3TextureMask,80777850,4,80046214
atn::DrawHelper::ComDrawD3TextureMask,80777850,5,800461fc
atn::DrawHelper::ComDrawFont,80777958,0,80068c30
atn::DrawHelper::ComDrawFont,80777958,1,80046218
atn::DrawHelper::ComDrawFont,80777958,2,80066a74
atn::DrawHelper::ComDrawFont,80777958,3,80046200
atn::DrawHelper::ComDrawFont,80777958,4,80046214
atn::DrawHelper::ComDrawFont,80777958,5,800461fc
atn::DrawHelper::ComDrawFontSideFade,80777918,0,80061dec
atn::DrawHelper::ComDrawFontSideFade,80777918,1,80046218
atn::DrawHelper::ComDrawFontSideFade,80777918,2,80067480
atn::DrawHelper::ComDrawFontSideFade,80777918,3,80046200
atn::DrawHelper::ComDrawFontSideFade,80777918,4,80046214
atn::DrawHelper::ComDrawFontSideFade,80777918,5,800461fc
atn::DrawHelper::ComDrawTexture,80777aa8,0,80068b70
atn::DrawHelper::ComDrawTexture,80777aa8,1,80046218
atn::DrawHelper::ComDrawTexture,80777aa8,2,80065060
atn::DrawHelper::ComDrawTexture,80777aa8,3,80046200
atn::DrawHelper::ComDrawTexture,80777aa8,4,80046214
atn::DrawHelper::ComDrawTexture,80777aa8,5,800461fc
atn::DrawHelper::ComDrawTextureAdd,80777a68,0,8005fd40
atn::DrawHelper::ComDrawTextureAdd,80777a68,1,80046218
atn::DrawHelper::ComDrawTextureAdd,80777a68,2,8006533c
atn::DrawHelper::ComDrawTextureAdd,80777a68,3,80046200
atn::DrawHelper::ComDrawTextureAdd,80777a68,4,80046214
atn::DrawHelper::ComDrawTextureAdd,80777a68,5,800461fc
atn::DrawHelper::ComDrawTextureMask,80777a28,0,80068bb0
atn::DrawHelper::ComDrawTextureMask,80777a28,1,80046218
atn::DrawHelper::ComDrawTextureMask,80777a28,2,800656c8
atn::DrawHelper::ComDrawTextureMask,80777a28,3,80046200
atn::DrawHelper::ComDrawTextureMask,80777a28,4,80046214
atn::DrawHelper::ComDrawTextureMask,80777a28,5,800461fc
atn::DrawHelper::ComDrawTextureMaskMono,807779a0,0,80068bf0
atn::DrawHelper::ComDrawTextureMaskMono,807779a0,1,80046218
atn::DrawHelper::ComDrawTextureMaskMono,807779a0,2,80066098
atn::DrawHelper::ComDrawTextureMaskMono,807779a0,3,80046200
atn::DrawHelper::ComDrawTextureMaskMono,807779a0,4,80046214
atn::DrawHelper::ComDrawTextureMaskMono,807779a0,5,800461fc
atn::DrawHelper::ComDrawTextureMono,807779e8,0,800602a8
atn::DrawHelper::ComDrawTextureMono,807779e8,1,80046218
atn::DrawHelper::ComDrawTextureMono,807779e8,2,80065b34
atn::DrawHelper::ComDrawTextureMono,807779e8,3,80046200
atn::DrawHelper::ComDrawTextureMono,807779e8,4,80046214
atn::DrawHelper::ComDrawTextureMono,807779e8,5,800461fc
atn::DrawHelper::ComDrawWindow,80777810,0,80068d30
atn::DrawHelper::ComDrawWindow,80777810,1,80046218
atn::DrawHelper::ComDrawWindow,80777810,2,80068164
atn::DrawHelper::ComDrawWindow,80777810,3,80046200
atn::DrawHelper::ComDrawWindow,80777810,4,80046214
atn::DrawHelper::ComDrawWindow,80777810,5,800461fc
atn::DrawHelper::DrawCommand,80777b00,0,8006a6bc
atn::DrawHelper::DrawCommand,80777b00,1,8006a72c
atn::DrawHelper::DrawCommand,80777b00,2,8006a940
atn::DrawHelper::DrawCommand,80777b00,3,8006a734
atn::DrawHelper::DrawCommand,80777b00,4,80013cac
atn::EffectManager,80783c18,0,8023c080
atn::EffectManager,80783c18,1,8023c0c0
atn::EffectManager,80783c18,2,8023c6f4
atn::EffectManager,80783c18,3,8023d308
atn::EffectManager,80783c18,4,8023de24
atn::EffectManager,80783c18,5,8023ea78
atn::EffectManager,80783c18,6,8023f5a4
atn::EffectManager,80783c18,7,8023f5e0
atn::EffectManager,80783c18,8,8023fd90
atn::EffectManagerCallback,80795848,0,80571804
atn::EffectManagerCallback,80795848,1,8057185c
atn::EffectManagerCallback,80795848,2,80571980
atn::EffectManagerCallback,80795848,3,80571a2c
atn::EffectManagerCallback,80795848,4,80013cac
atn::FadeCapture,80777b40,0,8006a318
atn::FadeCapture,80777b40,1,8006a944
atn::FadeCapture,80777b40,2,8006a940
atn::FadeCapture,80777b40,3,8006a374
atn::FadeCapture,80777b40,4,80013cac
atn::FadeColor,80777b80,0,8006a09c
atn::FadeColor,80777b80,1,8006a944
atn::FadeColor,80777b80,2,8006a940
atn::FadeColor,80777b80,3,8006a94c
atn::FadeColor,80777b80,4,80013cac
atn::IPostFx,80778d30,0,800a9254
atn::IPostFx,80778d30,1,80046218
atn::IPostFx,80778d30,2,800aae2c
atn::IPostFx,80778d30,3,80046200
atn::IPostFx,80778d30,4,80046214
atn::IPostFx,80778d30,5,800461fc
atn::IRenderLayer,80778f88,0,800b3938
atn::IRenderLayer,80778f88,1,800b320c
atn::IRenderLayer,80778f88,2,800b3870
atn::IRenderLayer,80778f88,3,800b326c
atn::IRenderLayer,80778f88,4,800b3328
atn::IRenderLayer,80778f88,5,800b3770
atn::IRenderLayer,80778f88,6,800b3454
atn::ITextureCacheManager,80779750,0,800d71d4
atn::ITextureCacheManager,80779750,1,80046218
atn::ITextureCacheManager,80779750,2,800d7278
atn::ITextureCacheManager,80779750,3,800d8104
atn::ITextureCacheManager,80779750,4,800d8100
atn::ITextureCacheManager,80779750,5,800461fc
atn::ITextureCompositor,80779860,0,800dbd58
atn::ITextureCompositor,80779860,1,800dbf5c
atn::ITextureCompositor,80779860,2,800dbf64
atn::ITextureCompositor,80779860,3,800da9a4
atn::ITextureCompositor,80779860,4,80013cac
atn::LH_ColliTree,8078fcb0,0,8047304c
atn::LH_ColliTree,8078fcb0,1,80473184
atn::LH_ColliTree,8078fcb0,2,8046f5b4
atn::LH_Effect,8078fd18,0,80473b20
atn::LH_Effect,8078fd18,1,80473bc0
atn::LH_Effect,8078fd18,2,8046f5b4
atn::LH_Model,8078fe20,0,8047656c
atn::LH_Model,8078fe20,1,804765c4
atn::LH_Model,8078fe20,2,8046f5b4
atn::LH_Motion,8078fe70,0,804768ec
atn::LH_Motion,8078fe70,1,804769d8
atn::LH_Motion,8078fe70,2,8046f5b4
atn::LH_MotionCommandData,8078fec0,0,80476d64
atn::LH_MotionCommandData,8078fec0,1,80476df8
atn::LH_MotionCommandData,8078fec0,2,8046f5b4
atn::LH_Scene,8078ff80,0,80478054
atn::LH_Scene,8078ff80,1,804780ac
atn::LH_Scene,8078ff80,2,8046f5b4
atn::LH_Texture,8078ffd0,0,804783dc
atn::LH_Texture,8078ffd0,1,8047845c
atn::LH_Texture,8078ffd0,2,8046f5b4
atn::LH_Xsca,80790020,0,8047882c
atn::LH_Xsca,80790020,1,804788b4
atn::LH_Xsca,80790020,2,804788bc
atn::LH_Xsca,80790020,3,80478a70
atn::LH_Xsca,80790020,4,80013cac
atn::Layer2D3D,80778fc8,0,800b38f8
atn::Layer2D3D,80778fc8,1,800b320c
atn::Layer2D3D,80778fc8,2,800b3870
atn::Layer2D3D,80778fc8,3,800b326c
atn::Layer2D3D,80778fc8,4,800b3328
atn::Layer2D3D,80778fc8,5,800b365c
atn::Layer2D3D,80778fc8,6,800b375c
atn::LayerOcclusionCPU,807790e0,0,800b671c
atn::LayerOcclusionCPU,807790e0,1,800b320c
atn::LayerOcclusionCPU,807790e0,2,800b3870
atn::LayerOcclusionCPU,807790e0,3,800b326c
atn::LayerOcclusionCPU,807790e0,4,800b3328
atn::LayerOcclusionCPU,807790e0,5,800b66e0
atn::LayerOcclusionCPU,807790e0,6,800b3454
atn::LayerPost3D,80779120,0,800b687c
atn::LayerPost3D,80779120,1,800b320c
atn::LayerPost3D,80779120,2,800b6878
atn::LayerPost3D,80779120,3,800b678c
atn::LayerPost3D,80779120,4,800b3208
atn::LayerPost3D,80779120,5,800b67f8
atn::LayerPost3D,80779120,6,800b6860
atn::LayerPostFx,80779158,0,800b6b90
atn::LayerPostFx,80779158,1,800b320c
atn::LayerPostFx,80779158,2,800b3870
atn::LayerPostFx,80779158,3,800b326c
atn::LayerPostFx,80779158,4,800b3328
atn::LayerPostFx,80779158,5,800b6994
atn::LayerPostFx,80779158,6,800b6a00
atn::LayerPrerender,80779040,0,800b2e5c
atn::LayerPrerender,80779040,1,800b320c
atn::LayerPrerender,80779040,2,800b3228
atn::LayerPrerender,80779040,3,800b3464
atn::LayerPrerender,80779040,4,800b3208
atn::LayerPrerender,80779040,5,800b34c0
atn::LayerPrerender,80779040,6,800b35f4
atn::LayerReflect,80779198,0,800b955c
atn::LayerReflect,80779198,1,800b320c
atn::LayerReflect,80779198,2,800b79e4
atn::LayerReflect,80779198,3,800b326c
atn::LayerReflect,80779198,4,800b3328
atn::LayerReflect,80779198,5,800b8964
atn::LayerReflect,80779198,6,800b8f40
atn::LayerShadow,807791d8,0,800c0dbc
atn::LayerShadow,807791d8,1,800c0dec
atn::LayerShadow,807791d8,2,800c0dec
atn::LayerShadow,807791d8,3,800c0dec
atn::LayerShadow,807791d8,4,800c0e20
atn::LayerShadow,807791d8,5,800c0fa4
atn::LayerShadow,807791d8,6,800c0d88
atn::LayerShadow,807791d8,7,800c0dbc
atn::LayerShadow,807791d8,8,800c0ff8
atn::LayerShadow,807791d8,9,800c102c
atn::LayerShadow,807791d8,10,800c102c
atn::LayerShadow,807791d8,11,800c105c
atn::LayerShadow,807791d8,12,800c105c
atn::LayerShadow,807791d8,13,800c105c
atn::LayerShadow,807791d8,14,800c1090
atn::LayerShadow,807791d8,15,800c1214
atn::LayerShadow,807791d8,16,800c0ff8
atn::LayerShadow,807791d8,17,800c102c
atn::LayerShadow,807791d8,18,800c1214
atn::LayerShadow,807791d8,19,800c1214
atn::LayerShadow,807791d8,20,800c1214
atn::LayerShadow,807791d8,21,800c1214
atn::LayerShadow,807791d8,22,800c1214
atn::LayerShadow,807791d8,23,800c1214
atn::LayerShadow,807791d8,24,800c1214
atn::LayerShadow,807791d8,25,800c1214
atn::LayerShadow,807791d8,26,800c1214
atn::LayerShadow,807791d8,27,800c1214
atn::LayerShadow,807791d8,28,800c1214
atn::LayerShadow,807791d8,29,800c1214
atn::LayerShadow,807791d8,30,800c1090
atn::LayerZPrePass,80779008,0,800b38b8
atn::LayerZPrePass,80779008,1,800b320c
atn::LayerZPrePass,80779008,2,800b3874
atn::LayerZPrePass,80779008,3,800b35f8
atn::LayerZPrePass,80779008,4,800b3208
atn::LayerZPrePass,80779008,5,800b3654
atn::LayerZPrePass,80779008,6,800b3658
atn::LinearAllocator,80778cd8,0,800a9194
atn::LinearAllocator,80778cd8,1,80046218
atn::LinearAllocator,80778cd8,2,800a9e64
atn::LinearAllocator,80778cd8,3,80046200
atn::LinearAllocator,80778cd8,4,80046214
atn::LinearAllocator,80778cd8,5,800461fc
atn::LoadColliObject,8078fc30,0,80058020
atn::LoadColliObject,8078fc30,1,80472a50
atn::LoadColliTree,8078fc88,0,80058b20
atn::LoadColliTree,8078fc88,1,80472d80
atn::LoadCore,8078fc60,0,80472cac
atn::LoadCore,8078fc60,1,80472d04
atn::LoadCore,8078fc60,2,8046f5b4
atn::LoadEffect,8078fcf0,0,8023756c
atn::LoadEffect,8078fcf0,1,804738e0
atn::LoadEfp,8078fd40,0,800440dc
atn::LoadEfp,8078fd40,1,80473c3c
atn::LoadMaterial,8078fda0,0,8008a714
atn::LoadMaterial,8078fda0,1,8047462c
atn::LoadModel,8078fdf8,0,80089c8c
atn::LoadModel,8078fdf8,1,80475e14
atn::LoadMotion,8078fe48,0,80097128
atn::LoadMotion,8078fe48,1,80476664
atn::LoadMotionCommandData,8078fe98,0,80120ff0
atn::LoadMotionCommandData,8078fe98,1,80476a74
atn::LoadMotionSet,8078fee8,0,8013606c
atn::LoadMotionSet,8078fee8,1,80477448
atn::LoadScene,8078ff58,0,800c1f5c
atn::LoadScene,8078ff58,1,80477d60
atn::LoadTexture,8078ffa8,0,800d57b0
atn::LoadTexture,8078ffa8,1,804781b8
atn::LoadXsca,8078fff8,0,800ef7a0
atn::LoadXsca,8078fff8,1,804784cc
atn::MindowsBool,80778728,0,8008991c
atn::MindowsBool,80778728,1,800867a8
atn::MindowsBool,80778728,2,800867b4
atn::MindowsBool,80778728,3,80086844
atn::MindowsBool,80778728,4,8008689c
atn::MindowsBool,80778728,5,800895b8
atn::MindowsBool,80778728,6,80089528
atn::MindowsBool,80778728,7,8008984c
atn::MindowsBool,80778728,8,800897c8
atn::MindowsBool,80778728,9,800875ec
atn::MindowsFlag,807786e0,0,800898dc
atn::MindowsFlag,807786e0,1,800897d0
atn::MindowsFlag,807786e0,2,800897d4
atn::MindowsFlag,807786e0,3,80086e30
atn::MindowsFlag,807786e0,4,80086e70
atn::MindowsFlag,807786e0,5,800895b8
atn::MindowsFlag,807786e0,6,80089528
atn::MindowsFlag,807786e0,7,8008984c
atn::MindowsFlag,807786e0,8,800897c8
atn::MindowsFlag,807786e0,9,800875ec
atn::MindowsFloat,80778770,0,8008995c
atn::MindowsFloat,80778770,1,80085b40
atn::MindowsFloat,80778770,2,80085b4c
atn::MindowsFloat,80778770,3,80085be8
atn::MindowsFloat,80778770,4,80086560
atn::MindowsFloat,80778770,5,800895b8
atn::MindowsFloat,80778770,6,80089528
atn::MindowsFloat,80778770,7,8008984c
atn::MindowsFloat,80778770,8,800897c8
atn::MindowsFloat,80778770,9,800875ec
atn::MindowsFolder,80778650,0,8008985c
atn::MindowsFolder,80778650,1,80086ae4
atn::MindowsFolder,80778650,2,80086af0
atn::MindowsFolder,80778650,3,80086b88
atn::MindowsFolder,80778650,4,80086be0
atn::MindowsFolder,80778650,5,800895b8
atn::MindowsFolder,80778650,6,80089528
atn::MindowsFolder,80778650,7,8008984c
atn::MindowsFolder,80778650,8,800897c8
atn::MindowsFolder,80778650,9,800875ec
atn::MindowsInt,80778800,0,80084fd8
atn::MindowsInt,80778800,1,800897d0
atn::MindowsInt,80778800,2,800897d4
atn::MindowsRadian,80778698,0,8008989c
atn::MindowsRadian,80778698,1,800897d0
atn::MindowsRadian,80778698,2,800897d4
atn::MindowsRadian,80778698,3,80087040
atn::MindowsRadian,80778698,4,80087098
atn::MindowsRadian,80778698,5,800895b8
atn::MindowsRadian,80778698,6,80089528
atn::MindowsRadian,80778698,7,8008984c
atn::MindowsRadian,80778698,8,800897c8
atn::MindowsRadian,80778698,9,800875ec
atn::MindowsUInt,807787b8,0,8008999c
atn::MindowsUInt,807787b8,1,80085018
atn::MindowsUInt,807787b8,2,80085024
atn::MindowsUInt,807787b8,3,800850b4
atn::MindowsUInt,807787b8,4,800858fc
atn::MindowsUInt,807787b8,5,800895b8
atn::MindowsUInt,807787b8,6,80089528
atn::MindowsUInt,807787b8,7,8008984c
atn::MindowsUInt,807787b8,8,800897c8
atn::MindowsUInt,807787b8,9,800875ec
atn::Model,807788c8,0,8008a76c
atn::Model,807788c8,1,80099f68
atn::Model,807788c8,2,8008e304
atn::Model,807788c8,3,8008fa24
atn::Model,807788c8,4,8008d6c0
atn::Model,807788c8,5,800902bc
atn::Model,807788c8,6,8008b96c
atn::Model,807788c8,7,8008b974
atn::NandManager,80778ad0,0,800a6ca4
atn::NandManager,80778ad0,1,800a6ccc
atn::NandManager,80778ad0,2,800a6cf4
atn::NandManager,80778ad0,3,800a6d1c
atn::NandManager,80778ad0,4,800a6da0
atn::NandManager,80778ad0,5,800a6dd4
atn::NandManager,80778ad0,6,800a6e08
atn::NandManager,80778ad0,7,800a6d44
atn::NandManager,80778ad0,8,800a6e54
atn::NandManager,80778ad0,9,800a6e54
atn::NandManager,80778ad0,10,800a6e54
atn::NandManager,80778ad0,11,800a6e54
atn::NandManager,80778ad0,12,800a6e54
atn::NandManager,80778ad0,13,800a6e54
atn::NandManager,80778ad0,14,800a6e34
atn::OperatorNode,80778b58,0,800a7314
atn::OperatorNode,80778b58,1,800a72f8
atn::OperatorNode,80778b58,2,800a72f0
atn::PBoneInterface,80778c60,0,800a9450
atn::PBoneInterface,80778c60,1,800a90fc
atn::PBoneInterface,80778c60,2,800a9100
atn::PBoneInterface,80778c60,3,800a9104
atn::PBoneInterface,80778c60,4,80013cac
atn::PBoneOutForce,80778c08,0,800a78e0
atn::PBoneOutForce,80778c08,1,800a794c
atn::PBoneOutForce,80778c08,2,800a7acc
atn::PBoneOutForce,80778c08,3,800a8468
atn::PBoneOutForce,80778c08,4,800a8740
atn::PBoneOutForce,80778c08,5,800a85cc
atn::PBoneOutForce,80778c08,6,800a8fe8
atn::PBoneOutForce,80778c08,7,800a8fe0
atn::PBoneOutForce,80778c08,8,800a873c
atn::PBoneOutForce,80778c08,9,800a8a80
atn::PBoneOutForce,80778c08,10,800a8fc4
atn::PBoneOutForce,80778c08,11,800a81f8
atn::ParseTree,80778b30,0,800a72b0
atn::ParseTree,80778b30,1,800a70f4
atn::ParseTree,80778b30,2,800a70ec
atn::Polynomial1Curve,80777720,0,8005d08c
atn::Polynomial1Curve,80777720,1,8005d27c
atn::Polynomial1Curve,80777720,2,8005dcb0
atn::Polynomial1Curve,80777720,3,8005dca0
atn::Polynomial2Curve,807776f0,0,8005d464
atn::Polynomial2Curve,807776f0,1,8005d664
atn::Polynomial2Curve,807776f0,2,8005dc90
atn::Polynomial2Curve,807776f0,3,8005dc74
atn::PostFxColorMatrix,80778d70,0,800a92f0
atn::PostFxColorMatrix,80778d70,1,80046218
atn::PostFxColorMatrix,80778d70,2,800abd94
atn::PostFxColorMatrix,80778d70,3,80046200
atn::PostFxColorMatrix,80778d70,4,80046214
atn::PostFxColorMatrix,80778d70,5,800461fc
atn::PostFxDamage,80778db0,0,800a91d4
atn::PostFxDamage,80778db0,1,80046218
atn::PostFxDamage,80778db0,2,800ac6dc
atn::PostFxDamage,80778db0,3,80046200
atn::PostFxDamage,80778db0,4,80046214
atn::PostFxDamage,80778db0,5,800461fc
atn::PostFxDof,80778df0,0,800a93c4
atn::PostFxDof,80778df0,1,80046218
atn::PostFxDof,80778df0,2,800ad834
atn::PostFxDof,80778df0,3,80046200
atn::PostFxDof,80778df0,4,80046214
atn::PostFxDof,80778df0,5,800461fc
atn::PostFxGamma,80778e30,0,800a9294
atn::PostFxGamma,80778e30,1,80046218
atn::PostFxGamma,80778e30,2,800af544
atn::PostFxGamma,80778e30,3,80046200
atn::PostFxGamma,80778e30,4,80046214
atn::PostFxGamma,80778e30,5,800461fc
atn::PostFxGodRay,80778e70,0,800a9214
atn::PostFxGodRay,80778e70,1,80046218
atn::PostFxGodRay,80778e70,2,800affec
atn::PostFxGodRay,80778e70,3,80046200
atn::PostFxGodRay,80778e70,4,80046214
atn::PostFxGodRay,80778e70,5,800461fc
atn::PostFxManager,80778ca0,0,800a9154
atn::PostFxManager,80778ca0,1,800a9738
atn::PostFxManager,80778ca0,2,800a9818
atn::PostFxManager,80778ca0,3,800a9808
atn::PostFxManager,80778ca0,4,800a9800
atn::PostFxManager,80778ca0,5,800a97fc
atn::PostFxMotionBlur,80778eb0,0,800a9330
atn::PostFxMotionBlur,80778eb0,1,80046218
atn::PostFxMotionBlur,80778eb0,2,800b105c
atn::PostFxMotionBlur,80778eb0,3,80046200
atn::PostFxMotionBlur,80778eb0,4,80046214
atn::PostFxMotionBlur,80778eb0,5,800461fc
atn::PostFxRain,80778ef0,0,800b1bac
atn::PostFxRain,80778ef0,1,80046218
atn::PostFxRain,80778ef0,2,800b1c30
atn::PostFxRain,80778ef0,3,800b2e18
atn::PostFxRain,80778ef0,4,800b2e28
atn::PostFxRain,80778ef0,5,800461fc
atn::Rain,80778f28,0,800b322c
atn::Rain,80778f28,1,800b320c
atn::Rain,80778f28,2,800b3228
atn::Rain,80778f28,3,800b3464
atn::Rain,80778f28,4,800b3208
atn::Rain,80778f28,5,800b2e9c
atn::Rain,80778f28,6,800b2ea0
atn::SequenceHolder::SequenceUnit,80779328,0,800c3950
atn::SequenceHolder::SequenceUnit,80779328,1,800c37d8
atn::SequenceHolder::SequenceUnitParam1<const GameLoadTask::Option>,80796738,0,805747ec
atn::SequenceHolder::SequenceUnitParam1<const GameLoadTask::Option>,80796738,1,80574d20
atn::SequenceHolder::SequenceUnitParam1<const GameTask::Option>,80796760,0,80574754
atn::SequenceHolder::SequenceUnitParam1<const GameTask::Option>,80796760,1,80574ee0
atn::Singleton<Event::BehaviorFollow>,80779e60,0,8010e3f0
atn::Singleton<Event::BehaviorFollow>,80779e60,1,8010e604
atn::Singleton<Event::BehaviorGesture>,80779e98,0,8010e7b8
atn::Singleton<Event::BehaviorGesture>,80779e98,1,8010e60c
atn::Singleton<Event::BehaviorMoveTo>,80779ed0,0,8010ecf4
atn::Singleton<Event::BehaviorMoveTo>,80779ed0,1,8010ebe0
atn::Singleton<Event::BehaviorMoveTo>,80779ed0,2,8010ecbc
atn::Singleton<Event::BehaviorMoveTo>,80779ed0,3,80043128
atn::Singleton<Event::BehaviorMoveTo>,80779ed0,4,80013cac
atn::SingletonNoStatic<Event::ActionActorBehavior>,80794b10,0,80558a14
atn::SingletonNoStatic<Event::ActionActorBehavior>,80794b10,1,80558a58
atn::SingletonNoStatic<Event::ActionActorBehavior>,80794b10,2,80558bbc
atn::SingletonNoStatic<Event::ActionActorBehavior>,80794b10,3,80558c00
atn::SingletonNoStatic<Event::ActionActorBehavior>,80794b10,4,80558c28
atn::SingletonNoStatic<Event::ActionActorBehavior>,80794b10,5,80558c94
atn::SingletonNoStatic<Event::ActionActorBehavior>,80794b10,6,80558cbc
atn::SingletonNoStatic<Event::ActionActorBehavior>,80794b10,7,80558d14
atn::SingletonNoStatic<Event::ActionActorBehavior>,80794b10,8,80558d74
atn::SingletonNoStatic<Event::ActionActorEyes>,80794cc8,0,8055a3f4
atn::SingletonNoStatic<Event::ActionActorEyes>,80794cc8,1,80553924
atn::SingletonNoStatic<Event::ActionActorFacial>,80794d00,0,8055a3fc
atn::SingletonNoStatic<Event::ActionActorFacial>,80794d00,1,8055353c
atn::SingletonNoStatic<Event::ActionActorHeading>,80794c58,0,8055a3ec
atn::SingletonNoStatic<Event::ActionActorHeading>,80794c58,1,805553d8
atn::SingletonNoStatic<Event::ActionActorMaterial>,80794b78,0,8055a3e4
atn::SingletonNoStatic<Event::ActionActorMaterial>,80794b78,1,8055936c
atn::SingletonNoStatic<Event::ActionActorMotion>,80794d38,0,805534a8
atn::SingletonNoStatic<Event::ActionActorMotion>,80794d38,1,80552464
atn::SingletonNoStatic<Event::ActionActorNode>,80794c20,0,80555b88
atn::SingletonNoStatic<Event::ActionActorNode>,80794c20,1,805567a8
atn::SingletonNoStatic<Event::ActionActorPose>,80794c90,0,805549ec
atn::SingletonNoStatic<Event::ActionActorPose>,80794c90,1,80554df0
atn::SingletonNoStatic<Event::ActionActorSetting>,80794be8,0,80556c08
atn::SingletonNoStatic<Event::ActionActorSetting>,80794be8,1,80557abc
atn::SingletonNoStatic<Event::ActionActorWind>,80794bb0,0,80559020
atn::SingletonNoStatic<Event::ActionActorWind>,80794bb0,1,805588f0
atn::SingletonNoStatic<Event::ActionAmbientLight>,807952d8,0,805630f4
atn::SingletonNoStatic<Event::ActionAmbientLight>,807952d8,1,80560f08
atn::SingletonNoStatic<Event::ActionAnimationPlay>,80795620,0,80563134
atn::SingletonNoStatic<Event::ActionAnimationPlay>,80795620,1,8055dbf8
atn::SingletonNoStatic<Event::ActionAudioEffect>,80795428,0,80563114
atn::SingletonNoStatic<Event::ActionAudioEffect>,80795428,1,8056014c
atn::SingletonNoStatic<Event::ActionBrightness>,807951c0,0,805630d4
atn::SingletonNoStatic<Event::ActionBrightness>,807951c0,1,805616a4
atn::SingletonNoStatic<Event::ActionCameraChange>,80795118,0,805630c4
atn::SingletonNoStatic<Event::ActionCameraChange>,80795118,1,805625a0
atn::SingletonNoStatic<Event::ActionCameraEffect>,80794f10,0,8055b5e8
atn::SingletonNoStatic<Event::ActionCameraEffect>,80794f10,1,8055a4a0
atn::SingletonNoStatic<Event::ActionCameraFocus>,80794e68,0,8055b980
atn::SingletonNoStatic<Event::ActionCameraFocus>,80794e68,1,8055b900
atn::SingletonNoStatic<Event::ActionCameraInertia>,80794df8,0,8055dbe0
atn::SingletonNoStatic<Event::ActionCameraInertia>,80794df8,1,8055d818
atn::SingletonNoStatic<Event::ActionCameraMotion>,80794e30,0,8055dbe8
atn::SingletonNoStatic<Event::ActionCameraMotion>,80794e30,1,8055d6b8
atn::SingletonNoStatic<Event::ActionCameraSetting>,80794ea0,0,8055dbf0
atn::SingletonNoStatic<Event::ActionCameraSetting>,80794ea0,1,8055b72c
atn::SingletonNoStatic<Event::ActionCameraShake>,80794ed8,0,8055d0bc
atn::SingletonNoStatic<Event::ActionCameraShake>,80794ed8,1,8055bcac
atn::SingletonNoStatic<Event::ActionCheck>,807955e8,0,8055e258
atn::SingletonNoStatic<Event::ActionCheck>,807955e8,1,8055e354
atn::SingletonNoStatic<Event::ActionCloudMap>,807952a0,0,805630ec
atn::SingletonNoStatic<Event::ActionCloudMap>,807952a0,1,80560f9c
atn::SingletonNoStatic<Event::ActionColorGradation>,80795150,0,80561bd4
atn::SingletonNoStatic<Event::ActionColorGradation>,80795150,1,8056248c
atn::SingletonNoStatic<Event::ActionColorMatrix>,80795188,0,805630cc
atn::SingletonNoStatic<Event::ActionColorMatrix>,80795188,1,805616f0
atn::SingletonNoStatic<Event::ActionCutAdjust>,80794fc8,0,805630a4
atn::SingletonNoStatic<Event::ActionCutAdjust>,80794fc8,1,80562d50
atn::SingletonNoStatic<Event::ActionDialogSpeaker>,80795038,0,80562b84
atn::SingletonNoStatic<Event::ActionDialogSpeaker>,80795038,1,80562b8c
atn::SingletonNoStatic<Event::ActionDialogText>,80795000,0,805630ac
atn::SingletonNoStatic<Event::ActionDialogText>,80795000,1,80562bec
atn::SingletonNoStatic<Event::ActionEnvSound>,80795498,0,8055fd3c
atn::SingletonNoStatic<Event::ActionEnvSound>,80795498,1,8055f690
atn::SingletonNoStatic<Event::ActionGameSetting>,80795070,0,805630b4
atn::SingletonNoStatic<Event::ActionGameSetting>,80795070,1,805628e0
atn::SingletonNoStatic<Event::ActionGodRay>,80795348,0,80560d90
atn::SingletonNoStatic<Event::ActionGodRay>,80795348,1,805609ac
atn::SingletonNoStatic<Event::ActionLightSurround>,807951f8,0,805630dc
atn::SingletonNoStatic<Event::ActionLightSurround>,807951f8,1,80561568
atn::SingletonNoStatic<Event::ActionLocatorHide>,807950e0,0,8056173c
atn::SingletonNoStatic<Event::ActionLocatorHide>,807950e0,1,80561b20
atn::SingletonNoStatic<Event::ActionMapReflect>,807950a8,0,805630bc
atn::SingletonNoStatic<Event::ActionMapReflect>,807950a8,1,805626e8
atn::SingletonNoStatic<Event::ActionMessageChoice>,80795578,0,8056312c
atn::SingletonNoStatic<Event::ActionMessageChoice>,80795578,1,8055f040
atn::SingletonNoStatic<Event::ActionMessagePrint>,80795508,0,80563124
atn::SingletonNoStatic<Event::ActionMessagePrint>,80795508,1,8055f328
atn::SingletonNoStatic<Event::ActionMessageWindow>,80795540,0,8055f234
atn::SingletonNoStatic<Event::ActionMessageWindow>,80795540,1,8055f154
atn::SingletonNoStatic<Event::ActionMoviePlay>,80795380,0,80560928
atn::SingletonNoStatic<Event::ActionMoviePlay>,80795380,1,80560798
atn::SingletonNoStatic<Event::ActionMultiAudio>,807953b8,0,80563104
atn::SingletonNoStatic<Event::ActionMultiAudio>,807953b8,1,805602b0
atn::SingletonNoStatic<Event::ActionMusicPlay>,80795460,0,8056311c
atn::SingletonNoStatic<Event::ActionMusicPlay>,80795460,1,8055fe0c
atn::SingletonNoStatic<Event::ActionNotify>,807955b0,0,8055e724
atn::SingletonNoStatic<Event::ActionNotify>,807955b0,1,8055e520
atn::SingletonNoStatic<Event::ActionPointLight>,80795268,0,805611c0
atn::SingletonNoStatic<Event::ActionPointLight>,80795268,1,80561248
atn::SingletonNoStatic<Event::ActionSoundPlay>,807954d0,0,8055f46c
atn::SingletonNoStatic<Event::ActionSoundPlay>,807954d0,1,8055f474
atn::SingletonNoStatic<Event::ActionSpotLight>,80795230,0,805630e4
atn::SingletonNoStatic<Event::ActionSpotLight>,80795230,1,8056142c
atn::SingletonNoStatic<Event::ActionSunLight>,80795310,0,805630fc
atn::SingletonNoStatic<Event::ActionSunLight>,80795310,1,80560e9c
atn::SingletonNoStatic<Event::ActionVoicePlay>,807953f0,0,8056310c
atn::SingletonNoStatic<Event::ActionVoicePlay>,807953f0,1,8056023c
atn::SingletonNoStatic<MP::ManagerMP>,807916d8,0,804d201c
atn::SingletonNoStatic<MP::ManagerMP>,807916d8,1,804d250c
atn::SingletonNoStatic<MP::ManagerMP>,807916d8,2,804d25d4
atn::SingletonNoStatic<MP::ManagerMP>,807916d8,3,804f7f58
atn::SingletonNoStatic<MP::ManagerMP>,807916d8,4,80013cac
atn::SmallAllocator<6>,80778590,0,80082ac8
atn::SmallAllocator<6>,80778590,1,80083614
atn::SmallAllocator<6>,80778590,2,80083e10
atn::SmallAllocator<6>,80778590,3,80084e0c
atn::SmallAllocator<6>,80778590,4,80084e44
atn::SmallAllocator<6>,80778590,5,80084e4c
atn::SoundManager,807796a8,0,800d1d04
atn::SoundManager,807796a8,1,800d1d0c
atn::SoundManager,807796a8,2,800d1d14
atn::SoundManager,807796a8,3,800d1d1c
atn::SoundManager,807796a8,4,800d1d24
atn::SoundManager,807796a8,5,800d1d2c
atn::TextureCacheManager8x32,80779720,0,800d6b60
atn::TextureCacheManager8x32,80779720,1,800d6b5c
atn::TextureComposite,80779788,0,800d818c
atn::TextureComposite,80779788,1,800d7f18
atn::TextureCompositeCopy,807797d8,0,800d810c
atn::TextureCompositeCopy,807797d8,1,800d775c
atn::TextureCompositeCopyAlpha,807797b0,0,800d814c
atn::TextureCompositeCopyAlpha,807797b0,1,800d7d00
atn::VariableNode,80778b80,0,800a7364
atn::VariableNode,80778b80,1,800a735c
atn::VariableNode,80778b80,2,800a7354
atn::Video,80779948,0,800de0c8
atn::Video,80779948,1,800de0d0
atn::Video,80779948,2,800de0d8
atn::Video,80779948,3,800de2c8
atn::Video,80779948,4,800de2c8
atn::Video,80779948,5,800de2c8
atn::Video,80779948,6,800de0e0
atn::Video,80779948,7,800de0e8
atn::Video,80779948,8,800de0f0
atn::Video,80779948,9,800de0f8
atn::Video,80779948,10,800de100
atn::Video,80779948,11,800de108
atn::Video,80779948,12,800de2c8
atn::Video,80779948,13,800de110
atn::Video,80779948,14,800de118
atn::Video,80779948,15,800de120
atn::Video,80779948,16,800de128
atn::Video,80779948,17,800de130
atn::net::Crypt,80790928,0,804af5f4
atn::net::Crypt,80790928,1,804afa2c
atn::net::Crypt,80790928,2,804afa88
atn::net::Crypt,80790928,3,804afa94
atn::net::Crypt,80790928,4,804afbb0
atn::net::Crypt,80790928,5,804afbe8
atn::net::Crypt,80790928,6,804afccc
atn::net::Crypt,80790928,7,804afd28
atn::net::Crypt,80790928,8,804b0050
atn::net::Crypt,80790928,9,804b03c4
atn::net::Crypt,80790928,10,804b02cc
atn::net::Crypt,80790928,11,804b03e0
atn::net::Crypt,80790928,12,804b0a50
atn::net::Crypt,80790928,13,804b0854
atn::net::Crypt,80790928,14,804b0904
atn::net::Crypt,80790928,15,804b043c
atn::net::Crypt,80790928,16,804b0598
atn::net::Crypt,80790928,17,804b092c
atn::net::Crypt,80790928,18,804b0a50
atn::net::Crypt,80790928,19,804b0904
atn::net::Crypt,80790928,20,804b0960
atn::net::Crypt,80790928,21,804b0ad0
atn::net::Crypt,80790928,22,804b0c84
atn::net::Crypt,80790928,23,804b0c98
atn::net::Crypt,80790928,24,804b0db4
atn::net::Crypt,80790928,25,804b0d0c
atn::net::Crypt,80790928,26,804b0ad0
atn::net::Crypt,80790928,27,804b0b5c
atn::net::Crypt,80790928,28,804b0d24
atn::net::Crypt,80790928,29,804b0f28
atn::net::Crypt,80790928,30,804b0c28
atn::net::Crypt,80790928,31,804b0f28
atn::net::Crypt,80790928,32,804b0f28
atn::net::Crypt,80790928,33,804b0f28
atn::net::Crypt,80790928,34,804b0f10
atn::net::Crypt,80790928,35,804b0b30
atn::net::Crypt,80790928,36,804b0de8
atn::net::Crypt,80790928,37,804b12a4
atn::net::Crypt,80790928,38,804b12a4
atn::net::Crypt,80790928,39,804b0fac
atn::net::Crypt,80790928,40,804b0fb4
atn::net::Crypt,80790928,41,804b1000
atn::net::Crypt,80790928,42,804b108c
atn::net::Crypt,80790928,43,804b1094
atn::net::Crypt,80790928,44,804b12a4
atn::net::Crypt,80790928,45,804b10b0
atn::net::Crypt,80790928,46,804b115c
atn::net::Crypt,80790928,47,804b11f8
atn::net::Crypt,80790928,48,804b1200
atn::net::Crypt,80790928,49,804b12a4
atn::net::Crypt,80790928,50,804b1234
atn::net::Crypt,80790928,51,804b12a4
atn::net::Crypt,80790928,52,804b12a4
atn::net::Crypt,80790928,53,804b1164
atn::net::Crypt,80790928,54,804b11e8
atn::net::Crypt,80790928,55,804b11f0
atn::net::Crypt,80790928,56,804b128c
atn::net::Crypt,80790928,57,804b33ac
atn::net::Crypt,80790928,58,804b33ac
atn::net::Crypt,80790928,59,804b2ca4
atn::net::Crypt,80790928,60,804b2d78
atn::net::Crypt,80790928,61,804b2e5c
atn::net::Crypt,80790928,62,804b2ee0
atn::net::Crypt,80790928,63,804b3030
atn::net::Crypt,80790928,64,804b3294
atn::net::Crypt,80790928,65,804b30b8
atn::net::Crypt,80790928,66,804b30d4
atn::net::Crypt,80790928,67,804b320c
atn::net::Crypt,80790928,68,804b33ac
atn::net::Crypt,80790928,69,804b3180
atn::net::Crypt,80790928,70,804b3218
atn::net::Crypt,80790928,71,804b33ac
atn::net::Crypt,80790928,72,804b3280
atn::net::Crypt,80790928,73,804b33ac
atn::net::Crypt,80790928,74,804b30ec
atn::net::Crypt,80790928,75,804b30e0
atn::net::Crypt,80790928,76,804b3304
atn::net::Crypt,80790928,77,804b333c
atn::net::Crypt,80790928,78,804b33ac
atn::net::Crypt,80790928,79,804b3360
atn::net::FuncMessage,80792a68,0,80501434
atn::net::FuncMessage,80792a68,1,80501494
atn::net::FuncMessage,80792a68,2,8050158c
atn::net::FuncMessage,80792a68,3,80043128
atn::net::FuncMessage,80792a68,4,80013cac
atn::net::PPDATAR,80793138,0,8050db78
atn::net::PPDATAR,80793138,1,8050dbec
"atn::ptr_string_base<wchar_t, 0>",80783000,0,8020e850
"atn::ptr_string_base<wchar_t, 0>",80783000,1,8020e858
"atn::ptr_string_base<wchar_t, 0>",80783000,2,8020e8d0
"atn::ptr_string_base<wchar_t, 0>",80783000,3,8020e864
"atn::ptr_string_base<wchar_t, 0>",80783000,4,8020e8d0
"atn::ptr_string_base<wchar_t, 0>",80783000,5,8020e870
"atn::ptr_string_base<wchar_t, 0>",80783000,6,8020e87c
"atn::ptr_string_base<wchar_t, 0>",80783000,7,8020e8d0
"atn::ptr_string_base<wchar_t, 0>",80783000,8,8020e8d0
"atn::ptr_string_base<wchar_t, 0>",80783000,9,8020e888
"atn::ptr_string_base<wchar_t, 0>",80783000,10,8020e8d0
"atn::ptr_string_base<wchar_t, 0>",80783000,11,8020e894
"atn::ptr_string_base<wchar_t, 0>",80783000,12,8020e8a0
"atn::ptr_string_base<wchar_t, 0>",80783000,13,8020e8d0
"atn::ptr_string_base<wchar_t, 0>",80783000,14,8020e8d0
"atn::ptr_string_base<wchar_t, 0>",80783000,15,8020e8d0
"atn::ptr_string_base<wchar_t, 0>",80783000,16,8020e8d0
"atn::ptr_string_base<wchar_t, 0>",80783000,17,8020e8d0
"atn::ptr_string_base<wchar_t, 0>",80783000,18,8020e8d0
"atn::ptr_string_base<wchar_t, 0>",80783000,19,8020e8d0
"atn::ptr_string_base<wchar_t, 0>",80783000,20,8020e8d0
"atn::ptr_string_base<wchar_t, 0>",80783000,21,8020e8d0
"atn::ptr_string_base<wchar_t, 0>",80783000,22,8020e8ac
"atn::ptr_string_base<wchar_t, 0>",80783000,23,8020e8b8
"atn::ptr_string_base<wchar_t, 0>",80783000,24,8020e8c4
"boost::_bi::bind_t<atn::Texture *, boost::_mfi::mf1<atn::Texture *, atn::ModelBase, const std::basic_string<char, std::char_traits<char>, std::allocator<char>> &>, boost::_bi::list2<boost::_bi::value<atn::ModelBase *>, boost::arg<1>>>",80778880,0,800971d4
"boost::_bi::bind_t<atn::Texture *, boost::_mfi::mf1<atn::Texture *, atn::ModelBase, const std::basic_string<char, std::char_traits<char>, std::allocator<char>> &>, boost::_bi::list2<boost::_bi::value<atn::ModelBase *>, boost::arg<1>>>",80778880,1,80099f68
"boost::_bi::bind_t<atn::Texture *, boost::_mfi::mf1<atn::Texture *, atn::ModelBase, const std::basic_string<char, std::char_traits<char>, std::allocator<char>> &>, boost::_bi::list2<boost::_bi::value<atn::ModelBase *>, boost::arg<1>>>",80778880,2,8008e304
"boost::_bi::bind_t<atn::Texture *, boost::_mfi::mf1<atn::Texture *, atn::ModelBase, const std::basic_string<char, std::char_traits<char>, std::allocator<char>> &>, boost::_bi::list2<boost::_bi::value<atn::ModelBase *>, boost::arg<1>>>",80778880,3,8008fa24
"boost::_bi::bind_t<atn::Texture *, boost::_mfi::mf1<atn::Texture *, atn::ModelBase, const std::basic_string<char, std::char_traits<char>, std::allocator<char>> &>, boost::_bi::list2<boost::_bi::value<atn::ModelBase *>, boost::arg<1>>>",80778880,4,8008d6c0
"boost::_bi::bind_t<atn::Texture *, boost::_mfi::mf1<atn::Texture *, atn::ModelBase, const std::basic_string<char, std::char_traits<char>, std::allocator<char>> &>, boost::_bi::list2<boost::_bi::value<atn::ModelBase *>, boost::arg<1>>>",80778880,5,800902bc
"boost::_bi::bind_t<atn::Texture *, boost::_mfi::mf1<atn::Texture *, atn::ModelBase, const std::basic_string<char, std::char_traits<char>, std::allocator<char>> &>, boost::_bi::list2<boost::_bi::value<atn::ModelBase *>, boost::arg<1>>>",80778880,6,80097b74
"boost::_bi::bind_t<atn::Texture *, boost::_mfi::mf1<atn::Texture *, atn::ModelBase, const std::basic_string<char, std::char_traits<char>, std::allocator<char>> &>, boost::_bi::list2<boost::_bi::value<atn::ModelBase *>, boost::arg<1>>>",80778880,7,800977f0
"boost::_bi::bind_t<void, boost::_mfi::mf0<void, ErrorManager>, boost::_bi::list1<boost::_bi::value<ErrorManager *>>>",80790090,0,80489db0
"boost::_bi::bind_t<void, boost::_mfi::mf0<void, ErrorManager>, boost::_bi::list1<boost::_bi::value<ErrorManager *>>>",80790090,1,80489de8
"boost::_bi::bind_t<void, boost::_mfi::mf0<void, ErrorManager>, boost::_bi::list1<boost::_bi::value<ErrorManager *>>>",80790090,2,80489e28
"boost::_bi::bind_t<void, boost::_mfi::mf0<void, ErrorManager>, boost::_bi::list1<boost::_bi::value<ErrorManager *>>>",80790090,3,80489e9c
"boost::_bi::bind_t<void, boost::_mfi::mf0<void, ErrorManager>, boost::_bi::list1<boost::_bi::value<ErrorManager *>>>",80790090,4,80489f90
"boost::_bi::bind_t<void, boost::_mfi::mf0<void, ErrorManager>, boost::_bi::list1<boost::_bi::value<ErrorManager *>>>",80790090,5,80489f50
"boost::_bi::bind_t<void, boost::_mfi::mf0<void, ErrorManager>, boost::_bi::list1<boost::_bi::value<ErrorManager *>>>",80790090,6,80489f10
"boost::_bi::bind_t<void, boost::_mfi::mf0<void, ErrorManager>, boost::_bi::list1<boost::_bi::value<ErrorManager *>>>",80790090,7,8048a004
"boost::_bi::bind_t<void, boost::_mfi::mf0<void, ResetShutdown>, boost::_bi::list1<boost::_bi::value<ResetShutdown *>>>",80790098,0,80489e28
"boost::_bi::bind_t<void, boost::_mfi::mf0<void, ResetShutdown>, boost::_bi::list1<boost::_bi::value<ResetShutdown *>>>",80790098,1,80489e9c
"boost::_bi::bind_t<void, boost::_mfi::mf0<void, ResetShutdown>, boost::_bi::list1<boost::_bi::value<ResetShutdown *>>>",80790098,2,80489f90
"boost::_bi::bind_t<void, boost::_mfi::mf0<void, ResetShutdown>, boost::_bi::list1<boost::_bi::value<ResetShutdown *>>>",80790098,3,80489f50
"boost::_bi::bind_t<void, boost::_mfi::mf0<void, ResetShutdown>, boost::_bi::list1<boost::_bi::value<ResetShutdown *>>>",80790098,4,80489f10
"boost::_bi::bind_t<void, boost::_mfi::mf0<void, ResetShutdown>, boost::_bi::list1<boost::_bi::value<ResetShutdown *>>>",80790098,5,8048a004
"boost::_bi::bind_t<void, boost::_mfi::mf1<void, CharaTask, chr::ControlBase *>, boost::_bi::list2<boost::_bi::value<CharaTask *>, boost::_bi::value<chr::ControlCannonTarget *>>>",8077efc8,0,801a222c
"boost::_bi::bind_t<void, boost::_mfi::mf1<void, CharaTask, chr::ControlBase *>, boost::_bi::list2<boost::_bi::value<CharaTask *>, boost::_bi::value<chr::ControlCannonTarget *>>>",8077efc8,1,801a1d9c
"boost::_bi::bind_t<void, boost::_mfi::mf1<void, CharaTask, chr::ControlBase *>, boost::_bi::list2<boost::_bi::value<CharaTask *>, boost::_bi::value<chr::ControlCannonTarget *>>>",8077efc8,2,801a2058
"boost::_bi::bind_t<void, boost::_mfi::mf1<void, CharaTask, chr::ControlBase *>, boost::_bi::list2<boost::_bi::value<CharaTask *>, boost::_bi::value<chr::ControlCannonTarget *>>>",8077efc8,3,80192578
"boost::_bi::bind_t<void, boost::_mfi::mf1<void, CharaTask, chr::ControlBase *>, boost::_bi::list2<boost::_bi::value<CharaTask *>, boost::_bi::value<chr::ControlCannonTarget *>>>",8077efc8,4,80192590
"boost::_bi::bind_t<void, boost::_mfi::mf1<void, CharaTask, chr::ControlBase *>, boost::_bi::list2<boost::_bi::value<CharaTask *>, boost::_bi::value<chr::ControlCannonTarget *>>>",8077efc8,5,800e70a8
"boost::_bi::bind_t<void, boost::_mfi::mf1<void, CharaTask, chr::ControlBase *>, boost::_bi::list2<boost::_bi::value<CharaTask *>, boost::_bi::value<chr::ControlCannonTarget *>>>",8077efc8,6,80158c9c
"boost::_bi::bind_t<void, boost::_mfi::mf1<void, CharaTask, chr::ControlBase *>, boost::_bi::list2<boost::_bi::value<CharaTask *>, boost::_bi::value<chr::ControlCannonTarget *>>>",8077efc8,7,80158d58
"boost::_bi::bind_t<void, boost::_mfi::mf1<void, CharaTask, chr::ControlBase *>, boost::_bi::list2<boost::_bi::value<CharaTask *>, boost::_bi::value<chr::ControlCannonTarget *>>>",8077efc8,8,80158e14
"boost::_bi::bind_t<void, boost::_mfi::mf1<void, CharaTask, chr::ControlBase *>, boost::_bi::list2<boost::_bi::value<CharaTask *>, boost::_bi::value<chr::ControlCannonTarget *>>>",8077efc8,9,800fcd1c
"boost::_bi::bind_t<void, boost::_mfi::mf1<void, CharaTask, chr::ControlBase *>, boost::_bi::list2<boost::_bi::value<CharaTask *>, boost::_bi::value<chr::ControlCannonTarget *>>>",8077efc8,10,800e60fc
"boost::_bi::bind_t<void, boost::_mfi::mf1<void, CharaTask, chr::ControlBase *>, boost::_bi::list2<boost::_bi::value<CharaTask *>, boost::_bi::value<chr::ControlCannonTarget *>>>",8077efc8,11,8017a220
"boost::_bi::bind_t<void, boost::_mfi::mf1<void, CharaTask, chr::ControlBase *>, boost::_bi::list2<boost::_bi::value<CharaTask *>, boost::_bi::value<chr::ControlCannonTarget *>>>",8077efc8,12,8017a2f8
"boost::_bi::bind_t<void, boost::_mfi::mf1<void, CharaTask, chr::ControlBase *>, boost::_bi::list2<boost::_bi::value<CharaTask *>, boost::_bi::value<chr::ControlCannonTarget *>>>",8077efc8,13,801446e8
"boost::_bi::bind_t<void, boost::_mfi::mf1<void, CharaTask, chr::ControlBase *>, boost::_bi::list2<boost::_bi::value<CharaTask *>, boost::_bi::value<chr::ControlCannonTarget *>>>",8077efc8,14,80147a0c
"boost::_bi::bind_t<void, boost::_mfi::mf1<void, CharaTask, chr::ControlBase *>, boost::_bi::list2<boost::_bi::value<CharaTask *>, boost::_bi::value<chr::ControlCannonTarget *>>>",8077efc8,15,80188088
"boost::_bi::bind_t<void, boost::_mfi::mf1<void, CharaTask, chr::ControlBase *>, boost::_bi::list2<boost::_bi::value<CharaTask *>, boost::_bi::value<chr::ControlCannonTarget *>>>",8077efc8,16,80188080
"boost::_bi::bind_t<void, boost::_mfi::mf1<void, CharaTask, chr::ControlBase *>, boost::_bi::list2<boost::_bi::value<CharaTask *>, boost::_bi::value<chr::ControlCannonTarget *>>>",8077efc8,17,80188064
"boost::_bi::bind_t<void, boost::_mfi::mf1<void, CharaTask, chr::ControlBase *>, boost::_bi::list2<boost::_bi::value<CharaTask *>, boost::_bi::value<chr::ControlCannonTarget *>>>",8077efc8,18,800ee5a4
"boost::_bi::bind_t<void, boost::_mfi::mf1<void, CharaTask, chr::ControlBase *>, boost::_bi::list2<boost::_bi::value<CharaTask *>, boost::_bi::value<chr::ControlCannonTarget *>>>",8077efc8,19,80151180
"boost::_bi::bind_t<void, boost::_mfi::mf1<void, CharaTask, chr::ControlBase *>, boost::_bi::list2<boost::_bi::value<CharaTask *>, boost::_bi::value<chr::ControlCannonTarget *>>>",8077efc8,20,801a21a4
"boost::_bi::bind_t<void, boost::_mfi::mf1<void, CharaTask, chr::ControlBase *>, boost::_bi::list2<boost::_bi::value<CharaTask *>, boost::_bi::value<chr::ControlCannonTarget *>>>",8077efc8,21,80188060
"boost::_bi::bind_t<void, boost::_mfi::mf1<void, CharaTask, chr::ControlBase *>, boost::_bi::list2<boost::_bi::value<CharaTask *>, boost::_bi::value<chr::ControlChargeAttack *>>>",8077f300,0,801a777c
"boost::_bi::bind_t<void, boost::_mfi::mf1<void, CharaTask, chr::ControlBase *>, boost::_bi::list2<boost::_bi::value<CharaTask *>, boost::_bi::value<chr::ControlChargeAttack *>>>",8077f300,1,801a73a4
"boost::_bi::bind_t<void, boost::_mfi::mf1<void, CharaTask, chr::ControlBase *>, boost::_bi::list2<boost::_bi::value<CharaTask *>, boost::_bi::value<chr::ControlChargeAttack *>>>",8077f300,2,80192758
"boost::_bi::bind_t<void, boost::_mfi::mf1<void, CharaTask, chr::ControlBase *>, boost::_bi::list2<boost::_bi::value<CharaTask *>, boost::_bi::value<chr::ControlChargeAttack *>>>",8077f300,3,80192578
"boost::_bi::bind_t<void, boost::_mfi::mf1<void, CharaTask, chr::ControlBase *>, boost::_bi::list2<boost::_bi::value<CharaTask *>, boost::_bi::value<chr::ControlChargeAttack *>>>",8077f300,4,80192590
"boost::_bi::bind_t<void, boost::_mfi::mf1<void, CharaTask, chr::ControlBase *>, boost::_bi::list2<boost::_bi::value<CharaTask *>, boost::_bi::value<chr::ControlChargeAttack *>>>",8077f300,5,801a7644
"boost::_bi::bind_t<void, boost::_mfi::mf1<void, CharaTask, chr::ControlBase *>, boost::_bi::list2<boost::_bi::value<CharaTask *>, boost::_bi::value<chr::ControlChargeAttack *>>>",8077f300,6,80158c9c
"boost::_bi::bind_t<void, boost::_mfi::mf1<void, CharaTask, chr::ControlBase *>, boost::_bi::list2<boost::_bi::value<CharaTask *>, boost::_bi::value<chr::ControlChargeAttack *>>>",8077f300,7,80158d58
"boost::_bi::bind_t<void, boost::_mfi::mf1<void, CharaTask, chr::ControlBase *>, boost::_bi::list2<boost::_bi::value<CharaTask *>, boost::_bi::value<chr::ControlChargeAttack *>>>",8077f300,8,80158e14
"boost::_bi::bind_t<void, boost::_mfi::mf1<void, CharaTask, chr::ControlBase *>, boost::_bi::list2<boost::_bi::value<CharaTask *>, boost::_bi::value<chr::ControlChargeAttack *>>>",8077f300,9,800fcd1c
"boost::_bi::bind_t<void, boost::_mfi::mf1<void, CharaTask, chr::ControlBase *>, boost::_bi::list2<boost::_bi::value<CharaTask *>, boost::_bi::value<chr::ControlChargeAttack *>>>",8077f300,10,800e60fc
"boost::_bi::bind_t<void, boost::_mfi::mf1<void, CharaTask, chr::ControlBase *>, boost::_bi::list2<boost::_bi::value<CharaTask *>, boost::_bi::value<chr::ControlChargeAttack *>>>",8077f300,11,8017a220
"boost::_bi::bind_t<void, boost::_mfi::mf1<void, CharaTask, chr::ControlBase *>, boost::_bi::list2<boost::_bi::value<CharaTask *>, boost::_bi::value<chr::ControlChargeAttack *>>>",8077f300,12,8017a2f8
"boost::_bi::bind_t<void, boost::_mfi::mf1<void, CharaTask, chr::ControlBase *>, boost::_bi::list2<boost::_bi::value<CharaTask *>, boost::_bi::value<chr::ControlChargeAttack *>>>",8077f300,13,801446e8
"boost::_bi::bind_t<void, boost::_mfi::mf1<void, CharaTask, chr::ControlBase *>, boost::_bi::list2<boost::_bi::value<CharaTask *>, boost::_bi::value<chr::ControlChargeAttack *>>>",8077f300,14,80147a0c
"boost::_bi::bind_t<void, boost::_mfi::mf1<void, CharaTask, chr::ControlBase *>, boost::_bi::list2<boost::_bi::value<CharaTask *>, boost::_bi::value<chr::ControlChargeAttack *>>>",8077f300,15,80188088
"boost::_bi::bind_t<void, boost::_mfi::mf1<void, CharaTask, chr::ControlBase *>, boost::_bi::list2<boost::_bi::value<CharaTask *>, boost::_bi::value<chr::ControlChargeAttack *>>>",8077f300,16,80188080
"boost::_bi::bind_t<void, boost::_mfi::mf1<void, CharaTask, chr::ControlBase *>, boost::_bi::list2<boost::_bi::value<CharaTask *>, boost::_bi::value<chr::ControlChargeAttack *>>>",8077f300,17,80188064
"boost::_bi::bind_t<void, boost::_mfi::mf1<void, CharaTask, chr::ControlBase *>, boost::_bi::list2<boost::_bi::value<CharaTask *>, boost::_bi::value<chr::ControlChargeAttack *>>>",8077f300,18,800ee5a4
"boost::_bi::bind_t<void, boost::_mfi::mf1<void, CharaTask, chr::ControlBase *>, boost::_bi::list2<boost::_bi::value<CharaTask *>, boost::_bi::value<chr::ControlChargeAttack *>>>",8077f300,19,80151180
"boost::_bi::bind_t<void, boost::_mfi::mf1<void, CharaTask, chr::ControlBase *>, boost::_bi::list2<boost::_bi::value<CharaTask *>, boost::_bi::value<chr::ControlChargeAttack *>>>",8077f300,20,80147a10
"boost::_bi::bind_t<void, boost::_mfi::mf1<void, CharaTask, chr::ControlBase *>, boost::_bi::list2<boost::_bi::value<CharaTask *>, boost::_bi::value<chr::ControlChargeAttack *>>>",8077f300,21,80188060
"boost::_bi::bind_t<void, boost::_mfi::mf1<void, CharaTask, chr::ControlBase *>, boost::_bi::list2<boost::_bi::value<CharaTask *>, boost::_bi::value<chr::ControlChaseHeld *>>>",8077f6f0,0,801aab24
"boost::_bi::bind_t<void, boost::_mfi::mf1<void, CharaTask, chr::ControlBase *>, boost::_bi::list2<boost::_bi::value<CharaTask *>, boost::_bi::value<chr::ControlChaseHeld *>>>",8077f6f0,1,801a90e4
"boost::_bi::bind_t<void, boost::_mfi::mf1<void, CharaTask, chr::ControlBase *>, boost::_bi::list2<boost::_bi::value<CharaTask *>, boost::_bi::value<chr::ControlChaseHeld *>>>",8077f6f0,2,80192758
"boost::_bi::bind_t<void, boost::_mfi::mf1<void, CharaTask, chr::ControlBase *>, boost::_bi::list2<boost::_bi::value<CharaTask *>, boost::_bi::value<chr::ControlChaseHeld *>>>",8077f6f0,3,80192578
"boost::_bi::bind_t<void, boost::_mfi::mf1<void, CharaTask, chr::ControlBase *>, boost::_bi::list2<boost::_bi::value<CharaTask *>, boost::_bi::value<chr::ControlChaseHeld *>>>",8077f6f0,4,80192590
"boost::_bi::bind_t<void, boost::_mfi::mf1<void, CharaTask, chr::ControlBase *>, boost::_bi::list2<boost::_bi::value<CharaTask *>, boost::_bi::value<chr::ControlChaseHeld *>>>",8077f6f0,5,800e70a8
"boost::_bi::bind_t<void, boost::_mfi::mf1<void, CharaTask, chr::ControlBase *>, boost::_bi::list2<boost::_bi::value<CharaTask *>, boost::_bi::value<chr::ControlChaseHeld *>>>",8077f6f0,6,80158c9c
"boost::_bi::bind_t<void, boost::_mfi::mf1<void, CharaTask, chr::ControlBase *>, boost::_bi::list2<boost::_bi::value<CharaTask *>, boost::_bi::value<chr::ControlChaseHeld *>>>",8077f6f0,7,80158d58
"boost::_bi::bind_t<void, boost::_mfi::mf1<void, CharaTask, chr::ControlBase *>, boost::_bi::list2<boost::_bi::value<CharaTask *>, boost::_bi::value<chr::ControlChaseHeld *>>>",8077f6f0,8,80158e14
"boost::_bi::bind_t<void, boost::_mfi::mf1<void, CharaTask, chr::ControlBase *>, boost::_bi::list2<boost::_bi::value<CharaTask *>, boost::_bi::value<chr::ControlChaseHeld *>>>",8077f6f0,9,800fcd1c
"boost::_bi::bind_t<void, boost::_mfi::mf1<void, CharaTask, chr::ControlBase *>, boost::_bi::list2<boost::_bi::value<CharaTask *>, boost::_bi::value<chr::ControlChaseHeld *>>>",8077f6f0,10,800e60fc
"boost::_bi::bind_t<void, boost::_mfi::mf1<void, CharaTask, chr::ControlBase *>, boost::_bi::list2<boost::_bi::value<CharaTask *>, boost::_bi::value<chr::ControlChaseHeld *>>>",8077f6f0,11,8017a220
"boost::_bi::bind_t<void, boost::_mfi::mf1<void, CharaTask, chr::ControlBase *>, boost::_bi::list2<boost::_bi::value<CharaTask *>, boost::_bi::value<chr::ControlChaseHeld *>>>",8077f6f0,12,8017a2f8
"boost::_bi::bind_t<void, boost::_mfi::mf1<void, CharaTask, chr::ControlBase *>, boost::_bi::list2<boost::_bi::value<CharaTask *>, boost::_bi::value<chr::ControlChaseHeld *>>>",8077f6f0,13,801aa95c
"boost::_bi::bind_t<void, boost::_mfi::mf1<void, CharaTask, chr::ControlBase *>, boost::_bi::list2<boost::_bi::value<CharaTask *>, boost::_bi::value<chr::ControlChaseHeld *>>>",8077f6f0,14,80147a0c
"boost::_bi::bind_t<void, boost::_mfi::mf1<void, CharaTask, chr::ControlBase *>, boost::_bi::list2<boost::_bi::value<CharaTask *>, boost::_bi::value<chr::ControlChaseHeld *>>>",8077f6f0,15,80188088
"boost::_bi::bind_t<void, boost::_mfi::mf1<void, CharaTask, chr::ControlBase *>, boost::_bi::list2<boost::_bi::value<CharaTask *>, boost::_bi::value<chr::ControlChaseHeld *>>>",8077f6f0,16,80188080
"boost::_bi::bind_t<void, boost::_mfi::mf1<void, CharaTask, chr::ControlBase *>, boost::_bi::list2<boost::_bi::value<CharaTask *>, boost::_bi::value<chr::ControlChaseHeld *>>>",8077f6f0,17,80188064
"boost::_bi::bind_t<void, boost::_mfi::mf1<void, CharaTask, chr::ControlBase *>, boost::_bi::list2<boost::_bi::value<CharaTask *>, boost::_bi::value<chr::ControlChaseHeld *>>>",8077f6f0,18,800ee5a4
"boost::_bi::bind_t<void, boost::_mfi::mf1<void, CharaTask, chr::ControlBase *>, boost::_bi::list2<boost::_bi::value<CharaTask *>, boost::_bi::value<chr::ControlChaseHeld *>>>",8077f6f0,19,80151180
"boost::_bi::bind_t<void, boost::_mfi::mf1<void, CharaTask, chr::ControlBase *>, boost::_bi::list2<boost::_bi::value<CharaTask *>, boost::_bi::value<chr::ControlChaseHeld *>>>",8077f6f0,20,80147a10
"boost::_bi::bind_t<void, boost::_mfi::mf1<void, CharaTask, chr::ControlBase *>, boost::_bi::list2<boost::_bi::value<CharaTask *>, boost::_bi::value<chr::ControlChaseHeld *>>>",8077f6f0,21,80188060
"boost::_bi::bind_t<void, boost::_mfi::mf1<void, CharaTask, chr::ControlBase *>, boost::_bi::list2<boost::_bi::value<CharaTask *>, boost::_bi::value<chr::ControlDragged *>>>",80780688,0,801b2e9c
"boost::_bi::bind_t<void, boost::_mfi::mf1<void, CharaTask, chr::ControlBase *>, boost::_bi::list2<boost::_bi::value<CharaTask *>, boost::_bi::value<chr::ControlDragged *>>>",80780688,1,801b2e14
"boost::_bi::bind_t<void, boost::_mfi::mf1<void, CharaTask, chr::ControlBase *>, boost::_bi::list2<boost::_bi::value<CharaTask *>, boost::_bi::value<chr::ControlDragged *>>>",80780688,2,80192758
"boost::_bi::bind_t<void, boost::_mfi::mf1<void, CharaTask, chr::ControlBase *>, boost::_bi::list2<boost::_bi::value<CharaTask *>, boost::_bi::value<chr::ControlDragged *>>>",80780688,3,80192578
"boost::_bi::bind_t<void, boost::_mfi::mf1<void, CharaTask, chr::ControlBase *>, boost::_bi::list2<boost::_bi::value<CharaTask *>, boost::_bi::value<chr::ControlDragged *>>>",80780688,4,80192590
"boost::_bi::bind_t<void, boost::_mfi::mf1<void, CharaTask, chr::ControlBase *>, boost::_bi::list2<boost::_bi::value<CharaTask *>, boost::_bi::value<chr::ControlDragged *>>>",80780688,5,800e70a8
"boost::_bi::bind_t<void, boost::_mfi::mf1<void, CharaTask, chr::ControlBase *>, boost::_bi::list2<boost::_bi::value<CharaTask *>, boost::_bi::value<chr::ControlDragged *>>>",80780688,6,80158c9c
"boost::_bi::bind_t<void, boost::_mfi::mf1<void, CharaTask, chr::ControlBase *>, boost::_bi::list2<boost::_bi::value<CharaTask *>, boost::_bi::value<chr::ControlDragged *>>>",80780688,7,80158d58
"boost::_bi::bind_t<void, boost::_mfi::mf1<void, CharaTask, chr::ControlBase *>, boost::_bi::list2<boost::_bi::value<CharaTask *>, boost::_bi::value<chr::ControlDragged *>>>",80780688,8,80158e14
"boost::_bi::bind_t<void, boost::_mfi::mf1<void, CharaTask, chr::ControlBase *>, boost::_bi::list2<boost::_bi::value<CharaTask *>, boost::_bi::value<chr::ControlDragged *>>>",80780688,9,800fcd1c
"boost::_bi::bind_t<void, boost::_mfi::mf1<void, CharaTask, chr::ControlBase *>, boost::_bi::list2<boost::_bi::value<CharaTask *>, boost::_bi::value<chr::ControlDragged *>>>",80780688,10,800e60fc
"boost::_bi::bind_t<void, boost::_mfi::mf1<void, CharaTask, chr::ControlBase *>, boost::_bi::list2<boost::_bi::value<CharaTask *>, boost::_bi::value<chr::ControlDragged *>>>",80780688,11,8017a220
"boost::_bi::bind_t<void, boost::_mfi::mf1<void, CharaTask, chr::ControlBase *>, boost::_bi::list2<boost::_bi::value<CharaTask *>, boost::_bi::value<chr::ControlDragged *>>>",80780688,12,8017a2f8
"boost::_bi::bind_t<void, boost::_mfi::mf1<void, CharaTask, chr::ControlBase *>, boost::_bi::list2<boost::_bi::value<CharaTask *>, boost::_bi::value<chr::ControlDragged *>>>",80780688,13,801446e8
"boost::_bi::bind_t<void, boost::_mfi::mf1<void, CharaTask, chr::ControlBase *>, boost::_bi::list2<boost::_bi::value<CharaTask *>, boost::_bi::value<chr::ControlDragged *>>>",80780688,14,80147a0c
"boost::_bi::bind_t<void, boost::_mfi::mf1<void, CharaTask, chr::ControlBase *>, boost::_bi::list2<boost::_bi::value<CharaTask *>, boost::_bi::value<chr::ControlDragged *>>>",80780688,15,80188088
"boost::_bi::bind_t<void, boost::_mfi::mf1<void, CharaTask, chr::ControlBase *>, boost::_bi::list2<boost::_bi::value<CharaTask *>, boost::_bi::value<chr::ControlDragged *>>>",80780688,16,80188080
"boost::_bi::bind_t<void, boost::_mfi::mf1<void, CharaTask, chr::ControlBase *>, boost::_bi::list2<boost::_bi::value<CharaTask *>, boost::_bi::value<chr::ControlDragged *>>>",80780688,17,80188064
"boost::_bi::bind_t<void, boost::_mfi::mf1<void, CharaTask, chr::ControlBase *>, boost::_bi::list2<boost::_bi::value<CharaTask *>, boost::_bi::value<chr::ControlDragged *>>>",80780688,18,800ee5a4
"boost::_bi::bind_t<void, boost::_mfi::mf1<void, CharaTask, chr::ControlBase *>, boost::_bi::list2<boost::_bi::value<CharaTask *>, boost::_bi::value<chr::ControlDragged *>>>",80780688,19,80151180
"boost::_bi::bind_t<void, boost::_mfi::mf1<void, CharaTask, chr::ControlBase *>, boost::_bi::list2<boost::_bi::value<CharaTask *>, boost::_bi::value<chr::ControlDragged *>>>",80780688,20,80147a10
"boost::_bi::bind_t<void, boost::_mfi::mf1<void, CharaTask, chr::ControlBase *>, boost::_bi::list2<boost::_bi::value<CharaTask *>, boost::_bi::value<chr::ControlDragged *>>>",80780688,21,80188060
"boost::_bi::bind_t<void, boost::_mfi::mf1<void, CharaTask, chr::ControlBase *>, boost::_bi::list2<boost::_bi::value<CharaTask *>, boost::_bi::value<chr::ControlGrapple *>>>",80780bf8,0,801b73b0
"boost::_bi::bind_t<void, boost::_mfi::mf1<void, CharaTask, chr::ControlBase *>, boost::_bi::list2<boost::_bi::value<CharaTask *>, boost::_bi::value<chr::ControlGrapple *>>>",80780bf8,1,801b7218
"boost::_bi::bind_t<void, boost::_mfi::mf1<void, CharaTask, chr::ControlBase *>, boost::_bi::list2<boost::_bi::value<CharaTask *>, boost::_bi::value<chr::ControlGrapple *>>>",80780bf8,2,80192758
"boost::_bi::bind_t<void, boost::_mfi::mf1<void, CharaTask, chr::ControlBase *>, boost::_bi::list2<boost::_bi::value<CharaTask *>, boost::_bi::value<chr::ControlGrapple *>>>",80780bf8,3,80192578
"boost::_bi::bind_t<void, boost::_mfi::mf1<void, CharaTask, chr::ControlBase *>, boost::_bi::list2<boost::_bi::value<CharaTask *>, boost::_bi::value<chr::ControlGrapple *>>>",80780bf8,4,80192590
"boost::_bi::bind_t<void, boost::_mfi::mf1<void, CharaTask, chr::ControlBase *>, boost::_bi::list2<boost::_bi::value<CharaTask *>, boost::_bi::value<chr::ControlGrapple *>>>",80780bf8,5,800e70a8
"boost::_bi::bind_t<void, boost::_mfi::mf1<void, CharaTask, chr::ControlBase *>, boost::_bi::list2<boost::_bi::value<CharaTask *>, boost::_bi::value<chr::ControlGrapple *>>>",80780bf8,6,80158c9c
"boost::_bi::bind_t<void, boost::_mfi::mf1<void, CharaTask, chr::ControlBase *>, boost::_bi::list2<boost::_bi::value<CharaTask *>, boost::_bi::value<chr::ControlGrapple *>>>",80780bf8,7,80158d58
"boost::_bi::bind_t<void, boost::_mfi::mf1<void, CharaTask, chr::ControlBase *>, boost::_bi::list2<boost::_bi::value<CharaTask *>, boost::_bi::value<chr::ControlGrapple *>>>",80780bf8,8,80158e14
"boost::_bi::bind_t<void, boost::_mfi::mf1<void, CharaTask, chr::ControlBase *>, boost::_bi::list2<boost::_bi::value<CharaTask *>, boost::_bi::value<chr::ControlGrapple *>>>",80780bf8,9,800fcd1c
"boost::_bi::bind_t<void, boost::_mfi::mf1<void, CharaTask, chr::ControlBase *>, boost::_bi::list2<boost::_bi::value<CharaTask *>, boost::_bi::value<chr::ControlGrapple *>>>",80780bf8,10,800e60fc
"boost::_bi::bind_t<void, boost::_mfi::mf1<void, CharaTask, chr::ControlBase *>, boost::_bi::list2<boost::_bi::value<CharaTask *>, boost::_bi::value<chr::ControlGrapple *>>>",80780bf8,11,8017a220
"boost::_bi::bind_t<void, boost::_mfi::mf1<void, CharaTask, chr::ControlBase *>, boost::_bi::list2<boost::_bi::value<CharaTask *>, boost::_bi::value<chr::ControlGrapple *>>>",80780bf8,12,8017a2f8
"boost::_bi::bind_t<void, boost::_mfi::mf1<void, CharaTask, chr::ControlBase *>, boost::_bi::list2<boost::_bi::value<CharaTask *>, boost::_bi::value<chr::ControlGrapple *>>>",80780bf8,13,801446e8
"boost::_bi::bind_t<void, boost::_mfi::mf1<void, CharaTask, chr::ControlBase *>, boost::_bi::list2<boost::_bi::value<CharaTask *>, boost::_bi::value<chr::ControlGrapple *>>>",80780bf8,14,80147a0c
"boost::_bi::bind_t<void, boost::_mfi::mf1<void, CharaTask, chr::ControlBase *>, boost::_bi::list2<boost::_bi::value<CharaTask *>, boost::_bi::value<chr::ControlGrapple *>>>",80780bf8,15,80188088
"boost::_bi::bind_t<void, boost::_mfi::mf1<void, CharaTask, chr::ControlBase *>, boost::_bi::list2<boost::_bi::value<CharaTask *>, boost::_bi::value<chr::ControlGrapple *>>>",80780bf8,16,80188080
"boost::_bi::bind_t<void, boost::_mfi::mf1<void, CharaTask, chr::ControlBase *>, boost::_bi::list2<boost::_bi::value<CharaTask *>, boost::_bi::value<chr::ControlGrapple *>>>",80780bf8,17,80188064
"boost::_bi::bind_t<void, boost::_mfi::mf1<void, CharaTask, chr::ControlBase *>, boost::_bi::list2<boost::_bi::value<CharaTask *>, boost::_bi::value<chr::ControlGrapple *>>>",80780bf8,18,800ee5a4
"boost::_bi::bind_t<void, boost::_mfi::mf1<void, CharaTask, chr::ControlBase *>, boost::_bi::list2<boost::_bi::value<CharaTask *>, boost::_bi::value<chr::ControlGrapple *>>>",80780bf8,19,80151180
"boost::_bi::bind_t<void, boost::_mfi::mf1<void, CharaTask, chr::ControlBase *>, boost::_bi::list2<boost::_bi::value<CharaTask *>, boost::_bi::value<chr::ControlGrapple *>>>",80780bf8,20,80147a10
"boost::_bi::bind_t<void, boost::_mfi::mf1<void, CharaTask, chr::ControlBase *>, boost::_bi::list2<boost::_bi::value<CharaTask *>, boost::_bi::value<chr::ControlGrapple *>>>",80780bf8,21,80188060
"boost::_bi::bind_t<void, boost::_mfi::mf1<void, CharaTask, chr::ControlBase *>, boost::_bi::list2<boost::_bi::value<CharaTask *>, boost::_bi::value<chr::ControlKnockdown *>>>",8077d6a8,0,80192538
"boost::_bi::bind_t<void, boost::_mfi::mf1<void, CharaTask, chr::ControlBase *>, boost::_bi::list2<boost::_bi::value<CharaTask *>, boost::_bi::value<chr::ControlKnockdown *>>>",8077d6a8,1,80192190
"boost::_bi::bind_t<void, boost::_mfi::mf1<void, CharaTask, chr::ControlBase *>, boost::_bi::list2<boost::_bi::value<CharaTask *>, boost::_bi::value<chr::ControlKnockdown *>>>",8077d6a8,2,80192198
"boost::_bi::bind_t<void, boost::_mfi::mf1<void, CharaTask, chr::ControlBase *>, boost::_bi::list2<boost::_bi::value<CharaTask *>, boost::_bi::value<chr::ControlKnockdown *>>>",8077d6a8,3,80192578
"boost::_bi::bind_t<void, boost::_mfi::mf1<void, CharaTask, chr::ControlBase *>, boost::_bi::list2<boost::_bi::value<CharaTask *>, boost::_bi::value<chr::ControlKnockdown *>>>",8077d6a8,4,80192590
"boost::_bi::bind_t<void, boost::_mfi::mf1<void, CharaTask, chr::ControlBase *>, boost::_bi::list2<boost::_bi::value<CharaTask *>, boost::_bi::value<chr::ControlKnockdown *>>>",8077d6a8,5,800e70a8
"boost::_bi::bind_t<void, boost::_mfi::mf1<void, CharaTask, chr::ControlBase *>, boost::_bi::list2<boost::_bi::value<CharaTask *>, boost::_bi::value<chr::ControlKnockdown *>>>",8077d6a8,6,80158c9c
"boost::_bi::bind_t<void, boost::_mfi::mf1<void, CharaTask, chr::ControlBase *>, boost::_bi::list2<boost::_bi::value<CharaTask *>, boost::_bi::value<chr::ControlKnockdown *>>>",8077d6a8,7,80158d58
"boost::_bi::bind_t<void, boost::_mfi::mf1<void, CharaTask, chr::ControlBase *>, boost::_bi::list2<boost::_bi::value<CharaTask *>, boost::_bi::value<chr::ControlKnockdown *>>>",8077d6a8,8,80158e14
"boost::_bi::bind_t<void, boost::_mfi::mf1<void, CharaTask, chr::ControlBase *>, boost::_bi::list2<boost::_bi::value<CharaTask *>, boost::_bi::value<chr::ControlKnockdown *>>>",8077d6a8,9,800fcd1c
"boost::_bi::bind_t<void, boost::_mfi::mf1<void, CharaTask, chr::ControlBase *>, boost::_bi::list2<boost::_bi::value<CharaTask *>, boost::_bi::value<chr::ControlKnockdown *>>>",8077d6a8,10,800e60fc
"boost::_bi::bind_t<void, boost::_mfi::mf1<void, CharaTask, chr::ControlBase *>, boost::_bi::list2<boost::_bi::value<CharaTask *>, boost::_bi::value<chr::ControlKnockdown *>>>",8077d6a8,11,8017a220
"boost::_bi::bind_t<void, boost::_mfi::mf1<void, CharaTask, chr::ControlBase *>, boost::_bi::list2<boost::_bi::value<CharaTask *>, boost::_bi::value<chr::ControlKnockdown *>>>",8077d6a8,12,8017a2f8
"boost::_bi::bind_t<void, boost::_mfi::mf1<void, CharaTask, chr::ControlBase *>, boost::_bi::list2<boost::_bi::value<CharaTask *>, boost::_bi::value<chr::ControlKnockdown *>>>",8077d6a8,13,801446e8
"boost::_bi::bind_t<void, boost::_mfi::mf1<void, CharaTask, chr::ControlBase *>, boost::_bi::list2<boost::_bi::value<CharaTask *>, boost::_bi::value<chr::ControlKnockdown *>>>",8077d6a8,14,80147a0c
"boost::_bi::bind_t<void, boost::_mfi::mf1<void, CharaTask, chr::ControlBase *>, boost::_bi::list2<boost::_bi::value<CharaTask *>, boost::_bi::value<chr::ControlKnockdown *>>>",8077d6a8,15,80188088
"boost::_bi::bind_t<void, boost::_mfi::mf1<void, CharaTask, chr::ControlBase *>, boost::_bi::list2<boost::_bi::value<CharaTask *>, boost::_bi::value<chr::ControlKnockdown *>>>",8077d6a8,16,80188080
"boost::_bi::bind_t<void, boost::_mfi::mf1<void, CharaTask, chr::ControlBase *>, boost::_bi::list2<boost::_bi::value<CharaTask *>, boost::_bi::value<chr::ControlKnockdown *>>>",8077d6a8,17,80188064
"boost::_bi::bind_t<void, boost::_mfi::mf1<void, CharaTask, chr::ControlBase *>, boost::_bi::list2<boost::_bi::value<CharaTask *>, boost::_bi::value<chr::ControlKnockdown *>>>",8077d6a8,18,800ee5a4
"boost::_bi::bind_t<void, boost::_mfi::mf1<void, CharaTask, chr::ControlBase *>, boost::_bi::list2<boost::_bi::value<CharaTask *>, boost::_bi::value<chr::ControlKnockdown *>>>",8077d6a8,19,80151180
"boost::_bi::bind_t<void, boost::_mfi::mf1<void, CharaTask, chr::ControlBase *>, boost::_bi::list2<boost::_bi::value<CharaTask *>, boost::_bi::value<chr::ControlKnockdown *>>>",8077d6a8,20,80147a10
"boost::_bi::bind_t<void, boost::_mfi::mf1<void, CharaTask, chr::ControlBase *>, boost::_bi::list2<boost::_bi::value<CharaTask *>, boost::_bi::value<chr::ControlKnockdown *>>>",8077d6a8,21,80188060
"boost::_bi::bind_t<void, boost::_mfi::mf1<void, CharaTask, chr::ControlBase *>, boost::_bi::list2<boost::_bi::value<CharaTask *>, boost::_bi::value<chr::ControlRelease *>>>",8077f190,0,801a2cac
"boost::_bi::bind_t<void, boost::_mfi::mf1<void, CharaTask, chr::ControlBase *>, boost::_bi::list2<boost::_bi::value<CharaTask *>, boost::_bi::value<chr::ControlRelease *>>>",8077f190,1,801a2b58
"boost::_bi::bind_t<void, boost::_mfi::mf1<void, CharaTask, chr::ControlBase *>, boost::_bi::list2<boost::_bi::value<CharaTask *>, boost::_bi::value<chr::ControlRelease *>>>",8077f190,2,80192758
"boost::_bi::bind_t<void, boost::_mfi::mf1<void, CharaTask, chr::ControlBase *>, boost::_bi::list2<boost::_bi::value<CharaTask *>, boost::_bi::value<chr::ControlRelease *>>>",8077f190,3,80192578
"boost::_bi::bind_t<void, boost::_mfi::mf1<void, CharaTask, chr::ControlBase *>, boost::_bi::list2<boost::_bi::value<CharaTask *>, boost::_bi::value<chr::ControlRelease *>>>",8077f190,4,80192590
"boost::_bi::bind_t<void, boost::_mfi::mf1<void, CharaTask, chr::ControlBase *>, boost::_bi::list2<boost::_bi::value<CharaTask *>, boost::_bi::value<chr::ControlRelease *>>>",8077f190,5,800e70a8
"boost::_bi::bind_t<void, boost::_mfi::mf1<void, CharaTask, chr::ControlBase *>, boost::_bi::list2<boost::_bi::value<CharaTask *>, boost::_bi::value<chr::ControlRelease *>>>",8077f190,6,80158c9c
"boost::_bi::bind_t<void, boost::_mfi::mf1<void, CharaTask, chr::ControlBase *>, boost::_bi::list2<boost::_bi::value<CharaTask *>, boost::_bi::value<chr::ControlRelease *>>>",8077f190,7,80158d58
"boost::_bi::bind_t<void, boost::_mfi::mf1<void, CharaTask, chr::ControlBase *>, boost::_bi::list2<boost::_bi::value<CharaTask *>, boost::_bi::value<chr::ControlRelease *>>>",8077f190,8,80158e14
"boost::_bi::bind_t<void, boost::_mfi::mf1<void, CharaTask, chr::ControlBase *>, boost::_bi::list2<boost::_bi::value<CharaTask *>, boost::_bi::value<chr::ControlRelease *>>>",8077f190,9,800fcd1c
"boost::_bi::bind_t<void, boost::_mfi::mf1<void, CharaTask, chr::ControlBase *>, boost::_bi::list2<boost::_bi::value<CharaTask *>, boost::_bi::value<chr::ControlRelease *>>>",8077f190,10,800e60fc
"boost::_bi::bind_t<void, boost::_mfi::mf1<void, CharaTask, chr::ControlBase *>, boost::_bi::list2<boost::_bi::value<CharaTask *>, boost::_bi::value<chr::ControlRelease *>>>",8077f190,11,8017a220
"boost::_bi::bind_t<void, boost::_mfi::mf1<void, CharaTask, chr::ControlBase *>, boost::_bi::list2<boost::_bi::value<CharaTask *>, boost::_bi::value<chr::ControlRelease *>>>",8077f190,12,8017a2f8
"boost::_bi::bind_t<void, boost::_mfi::mf1<void, CharaTask, chr::ControlBase *>, boost::_bi::list2<boost::_bi::value<CharaTask *>, boost::_bi::value<chr::ControlRelease *>>>",8077f190,13,801446e8
"boost::_bi::bind_t<void, boost::_mfi::mf1<void, CharaTask, chr::ControlBase *>, boost::_bi::list2<boost::_bi::value<CharaTask *>, boost::_bi::value<chr::ControlRelease *>>>",8077f190,14,80147a0c
"boost::_bi::bind_t<void, boost::_mfi::mf1<void, CharaTask, chr::ControlBase *>, boost::_bi::list2<boost::_bi::value<CharaTask *>, boost::_bi::value<chr::ControlRelease *>>>",8077f190,15,80188088
"boost::_bi::bind_t<void, boost::_mfi::mf1<void, CharaTask, chr::ControlBase *>, boost::_bi::list2<boost::_bi::value<CharaTask *>, boost::_bi::value<chr::ControlRelease *>>>",8077f190,16,80188080
"boost::_bi::bind_t<void, boost::_mfi::mf1<void, CharaTask, chr::ControlBase *>, boost::_bi::list2<boost::_bi::value<CharaTask *>, boost::_bi::value<chr::ControlRelease *>>>",8077f190,17,80188064
"boost::_bi::bind_t<void, boost::_mfi::mf1<void, CharaTask, chr::ControlBase *>, boost::_bi::list2<boost::_bi::value<CharaTask *>, boost::_bi::value<chr::ControlRelease *>>>",8077f190,18,800ee5a4
"boost::_bi::bind_t<void, boost::_mfi::mf1<void, CharaTask, chr::ControlBase *>, boost::_bi::list2<boost::_bi::value<CharaTask *>, boost::_bi::value<chr::ControlRelease *>>>",8077f190,19,80151180
"boost::_bi::bind_t<void, boost::_mfi::mf1<void, CharaTask, chr::ControlBase *>, boost::_bi::list2<boost::_bi::value<CharaTask *>, boost::_bi::value<chr::ControlRelease *>>>",8077f190,20,80147a10
"boost::_bi::bind_t<void, boost::_mfi::mf1<void, CharaTask, chr::ControlBase *>, boost::_bi::list2<boost::_bi::value<CharaTask *>, boost::_bi::value<chr::ControlRelease *>>>",8077f190,21,80188060
"boost::_bi::bind_t<void, boost::_mfi::mf1<void, CharaTask, chr::ControlBase *>, boost::_bi::list2<boost::_bi::value<CharaTask *>, boost::_bi::value<chr::ControlRide *>>>",80781ee8,0,801c78d8
"boost::_bi::bind_t<void, boost::_mfi::mf1<void, CharaTask, chr::ControlBase *>, boost::_bi::list2<boost::_bi::value<CharaTask *>, boost::_bi::value<chr::ControlRide *>>>",80781ee8,1,801c71a8
"boost::_bi::bind_t<void, boost::_mfi::mf1<void, CharaTask, chr::ControlBase *>, boost::_bi::list2<boost::_bi::value<CharaTask *>, boost::_bi::value<chr::ControlRide *>>>",80781ee8,2,801c7390
"boost::_bi::bind_t<void, boost::_mfi::mf1<void, CharaTask, chr::ControlBase *>, boost::_bi::list2<boost::_bi::value<CharaTask *>, boost::_bi::value<chr::ControlRide *>>>",80781ee8,3,80192578
"boost::_bi::bind_t<void, boost::_mfi::mf1<void, CharaTask, chr::ControlBase *>, boost::_bi::list2<boost::_bi::value<CharaTask *>, boost::_bi::value<chr::ControlRide *>>>",80781ee8,4,80192590
"boost::_bi::bind_t<void, boost::_mfi::mf1<void, CharaTask, chr::ControlBase *>, boost::_bi::list2<boost::_bi::value<CharaTask *>, boost::_bi::value<chr::ControlRide *>>>",80781ee8,5,801c7350
"boost::_bi::bind_t<void, boost::_mfi::mf1<void, CharaTask, chr::ControlBase *>, boost::_bi::list2<boost::_bi::value<CharaTask *>, boost::_bi::value<chr::ControlRide *>>>",80781ee8,6,80158c9c
"boost::_bi::bind_t<void, boost::_mfi::mf1<void, CharaTask, chr::ControlBase *>, boost::_bi::list2<boost::_bi::value<CharaTask *>, boost::_bi::value<chr::ControlRide *>>>",80781ee8,7,80158d58
"boost::_bi::bind_t<void, boost::_mfi::mf1<void, CharaTask, chr::ControlBase *>, boost::_bi::list2<boost::_bi::value<CharaTask *>, boost::_bi::value<chr::ControlRide *>>>",80781ee8,8,80158e14
"boost::_bi::bind_t<void, boost::_mfi::mf1<void, CharaTask, chr::ControlBase *>, boost::_bi::list2<boost::_bi::value<CharaTask *>, boost::_bi::value<chr::ControlRide *>>>",80781ee8,9,800fcd1c
"boost::_bi::bind_t<void, boost::_mfi::mf1<void, CharaTask, chr::ControlBase *>, boost::_bi::list2<boost::_bi::value<CharaTask *>, boost::_bi::value<chr::ControlRide *>>>",80781ee8,10,800e60fc
"boost::_bi::bind_t<void, boost::_mfi::mf1<void, CharaTask, chr::ControlBase *>, boost::_bi::list2<boost::_bi::value<CharaTask *>, boost::_bi::value<chr::ControlRide *>>>",80781ee8,11,8017a220
"boost::_bi::bind_t<void, boost::_mfi::mf1<void, CharaTask, chr::ControlBase *>, boost::_bi::list2<boost::_bi::value<CharaTask *>, boost::_bi::value<chr::ControlRide *>>>",80781ee8,12,8017a2f8
"boost::_bi::bind_t<void, boost::_mfi::mf1<void, CharaTask, chr::ControlBase *>, boost::_bi::list2<boost::_bi::value<CharaTask *>, boost::_bi::value<chr::ControlRide *>>>",80781ee8,13,801446e8
"boost::_bi::bind_t<void, boost::_mfi::mf1<void, CharaTask, chr::ControlBase *>, boost::_bi::list2<boost::_bi::value<CharaTask *>, boost::_bi::value<chr::ControlRide *>>>",80781ee8,14,80147a0c
"boost::_bi::bind_t<void, boost::_mfi::mf1<void, CharaTask, chr::ControlBase *>, boost::_bi::list2<boost::_bi::value<CharaTask *>, boost::_bi::value<chr::ControlRide *>>>",80781ee8,15,80188088
"boost::_bi::bind_t<void, boost::_mfi::mf1<void, CharaTask, chr::ControlBase *>, boost::_bi::list2<boost::_bi::value<CharaTask *>, boost::_bi::value<chr::ControlRide *>>>",80781ee8,16,80188080
"boost::_bi::bind_t<void, boost::_mfi::mf1<void, CharaTask, chr::ControlBase *>, boost::_bi::list2<boost::_bi::value<CharaTask *>, boost::_bi::value<chr::ControlRide *>>>",80781ee8,17,80188064
"boost::_bi::bind_t<void, boost::_mfi::mf1<void, CharaTask, chr::ControlBase *>, boost::_bi::list2<boost::_bi::value<CharaTask *>, boost::_bi::value<chr::ControlRide *>>>",80781ee8,18,800ee5a4
"boost::_bi::bind_t<void, boost::_mfi::mf1<void, CharaTask, chr::ControlBase *>, boost::_bi::list2<boost::_bi::value<CharaTask *>, boost::_bi::value<chr::ControlRide *>>>",80781ee8,19,80151180
"boost::_bi::bind_t<void, boost::_mfi::mf1<void, CharaTask, chr::ControlBase *>, boost::_bi::list2<boost::_bi::value<CharaTask *>, boost::_bi::value<chr::ControlRide *>>>",80781ee8,20,80147a10
"boost::_bi::bind_t<void, boost::_mfi::mf1<void, CharaTask, chr::ControlBase *>, boost::_bi::list2<boost::_bi::value<CharaTask *>, boost::_bi::value<chr::ControlRide *>>>",80781ee8,21,80188060
"boost::_bi::bind_t<void, boost::_mfi::mf1<void, CharaTask, chr::ControlBase *>, boost::_bi::list2<boost::_bi::value<CharaTask *>, boost::_bi::value<chr::ControlThrustForGhoul *>>>",80787de8,0,8030a07c
"boost::_bi::bind_t<void, boost::_mfi::mf1<void, CharaTask, chr::ControlBase *>, boost::_bi::list2<boost::_bi::value<CharaTask *>, boost::_bi::value<chr::ControlThrustForGhoul *>>>",80787de8,1,80305edc
"boost::_bi::bind_t<void, boost::_mfi::mf1<void, CharaTask, chr::ControlBase *>, boost::_bi::list2<boost::_bi::value<CharaTask *>, boost::_bi::value<chr::ControlThrustForGhoul *>>>",80787de8,2,8030646c
"boost::_bi::bind_t<void, boost::_mfi::mf1<void, CharaTask, chr::ControlBase *>, boost::_bi::list2<boost::_bi::value<CharaTask *>, boost::_bi::value<chr::ControlThrustForGhoul *>>>",80787de8,3,803066f0
"boost::_bi::bind_t<void, boost::_mfi::mf1<void, CharaTask, chr::ControlBase *>, boost::_bi::list2<boost::_bi::value<CharaTask *>, boost::_bi::value<chr::ControlThrustForGhoul *>>>",80787de8,4,80013cac
"boost::_bi::bind_t<void, boost::_mfi::mf1<void, CharaTask, chr::ControlBase *>, boost::_bi::list2<boost::_bi::value<CharaTask *>, boost::_bi::value<chr::ControlThrustForGhoul *>>>",80787de8,5,800ef3e0
"boost::_bi::bind_t<void, boost::_mfi::mf1<void, CharaTask, chr::ControlBase *>, boost::_bi::list2<boost::_bi::value<CharaTask *>, boost::_bi::value<chr::ControlThrustForGhoul *>>>",80787de8,6,80308d14
"boost::_bi::bind_t<void, boost::_mfi::mf1<void, CharaTask, chr::ControlBase *>, boost::_bi::list2<boost::_bi::value<CharaTask *>, boost::_bi::value<chr::ControlThrustForGhoul *>>>",80787de8,7,8025589c
"boost::_bi::bind_t<void, boost::_mfi::mf1<void, CharaTask, chr::ControlBase *>, boost::_bi::list2<boost::_bi::value<CharaTask *>, boost::_bi::value<chr::ControlThrustForGhoul *>>>",80787de8,8,800ef3dc
"boost::_bi::bind_t<void, boost::_mfi::mf1<void, CharaTask, chr::ControlBase *>, boost::_bi::list2<boost::_bi::value<CharaTask *>, boost::_bi::value<chr::ControlThrustForGhoul *>>>",80787de8,9,800ebf1c
"boost::_bi::bind_t<void, boost::_mfi::mf1<void, CharaTask, chr::ControlBase *>, boost::_bi::list2<boost::_bi::value<CharaTask *>, boost::_bi::value<chr::ControlThrustForGhoul *>>>",80787de8,10,80309e6c
"boost::_bi::bind_t<void, boost::_mfi::mf1<void, CharaTask, chr::ControlBase *>, boost::_bi::list2<boost::_bi::value<CharaTask *>, boost::_bi::value<chr::ControlThrustForGhoul *>>>",80787de8,11,8013c564
"boost::_bi::bind_t<void, boost::_mfi::mf1<void, CharaTask, chr::ControlBase *>, boost::_bi::list2<boost::_bi::value<CharaTask *>, boost::_bi::value<chr::ControlThrustForGhoul *>>>",80787de8,12,800ef3d8
"boost::_bi::bind_t<void, boost::_mfi::mf1<void, CharaTask, chr::ControlBase *>, boost::_bi::list2<boost::_bi::value<CharaTask *>, boost::_bi::value<chr::ControlThrustForGhoul *>>>",80787de8,13,805a4018
"boost::_bi::bind_t<void, boost::_mfi::mf1<void, CharaTask, chr::ControlBase *>, boost::_bi::list2<boost::_bi::value<CharaTask *>, boost::_bi::value<chr::ControlThrustForGhoul *>>>",80787de8,14,803067e0
"boost::_bi::bind_t<void, boost::_mfi::mf1<void, CharaTask, chr::ControlBase *>, boost::_bi::list2<boost::_bi::value<CharaTask *>, boost::_bi::value<chr::ControlThrustForGhoul *>>>",80787de8,15,800e8630
"boost::_bi::bind_t<void, boost::_mfi::mf1<void, CharaTask, chr::ControlBase *>, boost::_bi::list2<boost::_bi::value<CharaTask *>, boost::_bi::value<chr::ControlThrustForGhoul *>>>",80787de8,16,80153004
"boost::_bi::bind_t<void, boost::_mfi::mf1<void, CharaTask, chr::ControlBase *>, boost::_bi::list2<boost::_bi::value<CharaTask *>, boost::_bi::value<chr::ControlThrustForGhoul *>>>",80787de8,17,80152a24
"boost::_bi::bind_t<void, boost::_mfi::mf1<void, CharaTask, chr::ControlBase *>, boost::_bi::list2<boost::_bi::value<CharaTask *>, boost::_bi::value<chr::ControlThrustForGhoul *>>>",80787de8,18,80308e6c
"boost::_bi::bind_t<void, boost::_mfi::mf1<void, CharaTask, chr::ControlBase *>, boost::_bi::list2<boost::_bi::value<CharaTask *>, boost::_bi::value<chr::ControlThrustForGhoul *>>>",80787de8,19,80309698
"boost::_bi::bind_t<void, boost::_mfi::mf1<void, CharaTask, chr::ControlBase *>, boost::_bi::list2<boost::_bi::value<CharaTask *>, boost::_bi::value<chr::ControlThrustForGhoul *>>>",80787de8,20,800ef394
"boost::_bi::bind_t<void, boost::_mfi::mf1<void, CharaTask, chr::ControlBase *>, boost::_bi::list2<boost::_bi::value<CharaTask *>, boost::_bi::value<chr::ControlThrustForGhoul *>>>",80787de8,21,801501f0
"boost::_bi::bind_t<void, boost::_mfi::mf1<void, CharaTask, chr::ControlBase *>, boost::_bi::list2<boost::_bi::value<CharaTask *>, boost::_bi::value<chr::ControlThrustForGhoul *>>>",80787de8,22,800ef38c
"boost::_bi::bind_t<void, boost::_mfi::mf1<void, CharaTask, chr::ControlBase *>, boost::_bi::list2<boost::_bi::value<CharaTask *>, boost::_bi::value<chr::ControlThrustForGhoul *>>>",80787de8,23,80309704
"boost::_bi::bind_t<void, boost::_mfi::mf1<void, CharaTask, chr::ControlBase *>, boost::_bi::list2<boost::_bi::value<CharaTask *>, boost::_bi::value<chr::ControlThrustForGhoul *>>>",80787de8,24,8035b8b0
"boost::_bi::bind_t<void, boost::_mfi::mf1<void, CharaTask, chr::ControlBase *>, boost::_bi::list2<boost::_bi::value<CharaTask *>, boost::_bi::value<chr::ControlThrustForGhoul *>>>",80787de8,25,8035bbcc
"boost::_bi::bind_t<void, boost::_mfi::mf1<void, CharaTask, chr::ControlBase *>, boost::_bi::list2<boost::_bi::value<CharaTask *>, boost::_bi::value<chr::ControlThrustForGhoul *>>>",80787de8,26,800e8fa4
"boost::_bi::bind_t<void, boost::_mfi::mf1<void, CharaTask, chr::ControlBase *>, boost::_bi::list2<boost::_bi::value<CharaTask *>, boost::_bi::value<chr::ControlThrustForGhoul *>>>",80787de8,27,80155494
"boost::_bi::bind_t<void, boost::_mfi::mf1<void, CharaTask, chr::ControlBase *>, boost::_bi::list2<boost::_bi::value<CharaTask *>, boost::_bi::value<chr::ControlThrustForGhoul *>>>",80787de8,28,80158d60
"boost::_bi::bind_t<void, boost::_mfi::mf1<void, CharaTask, chr::ControlBase *>, boost::_bi::list2<boost::_bi::value<CharaTask *>, boost::_bi::value<chr::ControlThrustForGhoul *>>>",80787de8,29,8015dbc8
"boost::_bi::bind_t<void, boost::_mfi::mf1<void, CharaTask, chr::ControlBase *>, boost::_bi::list2<boost::_bi::value<CharaTask *>, boost::_bi::value<chr::ControlThrustForGhoul *>>>",80787de8,30,801606dc
"boost::_bi::bind_t<void, boost::_mfi::mf1<void, CharaTask, chr::ControlBase *>, boost::_bi::list2<boost::_bi::value<CharaTask *>, boost::_bi::value<chr::ControlThrustForGhoul *>>>",80787de8,31,80160f54
"boost::_bi::bind_t<void, boost::_mfi::mf1<void, CharaTask, chr::ControlBase *>, boost::_bi::list2<boost::_bi::value<CharaTask *>, boost::_bi::value<chr::ControlThrustForGhoul *>>>",80787de8,32,80168fcc
"boost::_bi::bind_t<void, boost::_mfi::mf1<void, CharaTask, chr::ControlBase *>, boost::_bi::list2<boost::_bi::value<CharaTask *>, boost::_bi::value<chr::ControlThrustForGhoul *>>>",80787de8,33,80169c0c
"boost::_bi::bind_t<void, boost::_mfi::mf1<void, CharaTask, chr::ControlBase *>, boost::_bi::list2<boost::_bi::value<CharaTask *>, boost::_bi::value<chr::ControlThrustForGhoul *>>>",80787de8,34,8030a074
"boost::_bi::bind_t<void, boost::_mfi::mf1<void, CharaTask, chr::ControlBase *>, boost::_bi::list2<boost::_bi::value<CharaTask *>, boost::_bi::value<chr::ControlThrustForGhoul *>>>",80787de8,35,800ef370
"boost::_bi::bind_t<void, boost::_mfi::mf1<void, CharaTask, chr::ControlBase *>, boost::_bi::list2<boost::_bi::value<CharaTask *>, boost::_bi::value<chr::ControlThrustForGhoul *>>>",80787de8,36,80176b68
"boost::_bi::bind_t<void, boost::_mfi::mf1<void, CharaTask, chr::ControlBase *>, boost::_bi::list2<boost::_bi::value<CharaTask *>, boost::_bi::value<chr::ControlThrustForGhoul *>>>",80787de8,37,80176d2c
"boost::_bi::bind_t<void, boost::_mfi::mf1<void, CharaTask, chr::ControlBase *>, boost::_bi::list2<boost::_bi::value<CharaTask *>, boost::_bi::value<chr::ControlThrustForGhoul *>>>",80787de8,38,800ef368
"boost::_bi::bind_t<void, boost::_mfi::mf1<void, CharaTask, chr::ControlBase *>, boost::_bi::list2<boost::_bi::value<CharaTask *>, boost::_bi::value<chr::ControlThrustForGhoul *>>>",80787de8,39,800ee494
"boost::_bi::bind_t<void, boost::_mfi::mf1<void, CharaTask, chr::ControlBase *>, boost::_bi::list2<boost::_bi::value<CharaTask *>, boost::_bi::value<chr::ControlThrustForGhoul *>>>",80787de8,40,80041a20
"boost::_bi::bind_t<void, boost::_mfi::mf1<void, CharaTask, chr::ControlBase *>, boost::_bi::list2<boost::_bi::value<CharaTask *>, boost::_bi::value<chr::ControlThrustForGhoul *>>>",80787de8,41,800ef324
"boost::_bi::bind_t<void, boost::_mfi::mf1<void, CharaTask, chr::ControlBase *>, boost::_bi::list2<boost::_bi::value<CharaTask *>, boost::_bi::value<chr::ControlThrustForGhoul *>>>",80787de8,42,803097ac
"boost::_bi::bind_t<void, boost::_mfi::mf1<void, CharaTask, chr::ControlBase *>, boost::_bi::list2<boost::_bi::value<CharaTask *>, boost::_bi::value<chr::ControlThrustForGhoul *>>>",80787de8,43,803098d0
"boost::_bi::bind_t<void, boost::_mfi::mf1<void, CharaTask, chr::ControlBase *>, boost::_bi::list2<boost::_bi::value<CharaTask *>, boost::_bi::value<chr::ControlThrustForGhoul *>>>",80787de8,44,8017b0f8
"boost::_bi::bind_t<void, boost::_mfi::mf1<void, CharaTask, chr::ControlBase *>, boost::_bi::list2<boost::_bi::value<CharaTask *>, boost::_bi::value<chr::ControlThrustForGhoul *>>>",80787de8,45,800ef308
"boost::_bi::bind_t<void, boost::_mfi::mf1<void, CharaTask, chr::ControlBase *>, boost::_bi::list2<boost::_bi::value<CharaTask *>, boost::_bi::value<chr::ControlThrustForGhoul *>>>",80787de8,46,800ef304
"boost::_bi::bind_t<void, boost::_mfi::mf1<void, CharaTask, chr::ControlBase *>, boost::_bi::list2<boost::_bi::value<CharaTask *>, boost::_bi::value<chr::ControlThrustForGhoul *>>>",80787de8,47,8017bc58
"boost::_bi::bind_t<void, boost::_mfi::mf1<void, CharaTask, chr::ControlBase *>, boost::_bi::list2<boost::_bi::value<CharaTask *>, boost::_bi::value<chr::ControlThrustForGhoul *>>>",80787de8,48,800ef2f0
"boost::_bi::bind_t<void, boost::_mfi::mf1<void, CharaTask, chr::ControlBase *>, boost::_bi::list2<boost::_bi::value<CharaTask *>, boost::_bi::value<chr::ControlThrustForGhoul *>>>",80787de8,49,8017bddc
"boost::_bi::bind_t<void, boost::_mfi::mf1<void, CharaTask, chr::ControlBase *>, boost::_bi::list2<boost::_bi::value<CharaTask *>, boost::_bi::value<chr::ControlThrustForGhoul *>>>",80787de8,50,8017c4c4
"boost::_bi::bind_t<void, boost::_mfi::mf1<void, CharaTask, chr::ControlBase *>, boost::_bi::list2<boost::_bi::value<CharaTask *>, boost::_bi::value<chr::ControlThrustForGhoul *>>>",80787de8,51,800ef2b4
"boost::_bi::bind_t<void, boost::_mfi::mf1<void, CharaTask, chr::ControlBase *>, boost::_bi::list2<boost::_bi::value<CharaTask *>, boost::_bi::value<chr::ControlThrustForGhoul *>>>",80787de8,52,8017c52c
"boost::_bi::bind_t<void, boost::_mfi::mf1<void, CharaTask, chr::ControlBase *>, boost::_bi::list2<boost::_bi::value<CharaTask *>, boost::_bi::value<chr::ControlThrustForGhoul *>>>",80787de8,53,800ef270
"boost::_bi::bind_t<void, boost::_mfi::mf1<void, CharaTask, chr::ControlBase *>, boost::_bi::list2<boost::_bi::value<CharaTask *>, boost::_bi::value<chr::ControlThrustForGhoul *>>>",80787de8,54,800ef080
"boost::_bi::bind_t<void, boost::_mfi::mf1<void, CharaTask, chr::ControlBase *>, boost::_bi::list2<boost::_bi::value<CharaTask *>, boost::_bi::value<chr::ControlThrustForGhoul *>>>",80787de8,55,800ee4d8
"boost::_bi::bind_t<void, boost::_mfi::mf1<void, CharaTask, chr::ControlBase *>, boost::_bi::list2<boost::_bi::value<CharaTask *>, boost::_bi::value<chr::ControlThrustForGhoul *>>>",80787de8,56,800eafd4
"boost::_bi::bind_t<void, boost::_mfi::mf1<void, CharaTask, chr::ControlBase *>, boost::_bi::list2<boost::_bi::value<CharaTask *>, boost::_bi::value<chr::ControlThrustForGhoul *>>>",80787de8,57,800ea9d4
"boost::_bi::bind_t<void, boost::_mfi::mf1<void, CharaTask, chr::ControlBase *>, boost::_bi::list2<boost::_bi::value<CharaTask *>, boost::_bi::value<chr::ControlThrustForGhoul *>>>",80787de8,58,800eacec
"boost::_bi::bind_t<void, boost::_mfi::mf1<void, CharaTask, chr::ControlBase *>, boost::_bi::list2<boost::_bi::value<CharaTask *>, boost::_bi::value<chr::ControlThrustForGhoul *>>>",80787de8,59,80180594
"boost::_bi::bind_t<void, boost::_mfi::mf1<void, CharaTask, chr::ControlBase *>, boost::_bi::list2<boost::_bi::value<CharaTask *>, boost::_bi::value<chr::ControlThrustForGhoul *>>>",80787de8,60,805a3f5c
"boost::_bi::bind_t<void, boost::_mfi::mf1<void, CharaTask, chr::ControlBase *>, boost::_bi::list2<boost::_bi::value<CharaTask *>, boost::_bi::value<chr::ControlThrustForGhoul *>>>",80787de8,61,80306af8
"boost::_bi::bind_t<void, boost::_mfi::mf1<void, CharaTask, chr::ControlBase *>, boost::_bi::list2<boost::_bi::value<CharaTask *>, boost::_bi::value<chr::ControlThrustForGhoul *>>>",80787de8,62,80306b40
"boost::_bi::bind_t<void, boost::_mfi::mf1<void, CharaTask, chr::ControlBase *>, boost::_bi::list2<boost::_bi::value<CharaTask *>, boost::_bi::value<chr::ControlThrustForGhoul *>>>",80787de8,63,80306eb0
"boost::_bi::bind_t<void, boost::_mfi::mf1<void, CharaTask, chr::ControlBase *>, boost::_bi::list2<boost::_bi::value<CharaTask *>, boost::_bi::value<chr::ControlThrustForGhoul *>>>",80787de8,64,803073c4
"boost::_bi::bind_t<void, boost::_mfi::mf1<void, CharaTask, chr::ControlBase *>, boost::_bi::list2<boost::_bi::value<CharaTask *>, boost::_bi::value<chr::ControlThrustForGhoul *>>>",80787de8,65,803066f4
"boost::_bi::bind_t<void, boost::_mfi::mf1<void, CharaTask, chr::ControlBase *>, boost::_bi::list2<boost::_bi::value<CharaTask *>, boost::_bi::value<chr::ControlThrustForGhoul *>>>",80787de8,66,805a4f5c
"boost::_bi::bind_t<void, boost::_mfi::mf1<void, CharaTask, chr::ControlBase *>, boost::_bi::list2<boost::_bi::value<CharaTask *>, boost::_bi::value<chr::ControlThrustForGhoul *>>>",80787de8,67,805a4f70
"boost::_bi::bind_t<void, boost::_mfi::mf1<void, CharaTask, chr::ControlBase *>, boost::_bi::list2<boost::_bi::value<CharaTask *>, boost::_bi::value<chr::ControlThrustForGhoul *>>>",80787de8,68,805a4f84
"boost::_bi::bind_t<void, boost::_mfi::mf1<void, CharaTask, chr::ControlBase *>, boost::_bi::list2<boost::_bi::value<CharaTask *>, boost::_bi::value<chr::ControlThrustForKraken *>>>",80786e18,0,802d7a3c
"boost::_bi::bind_t<void, boost::_mfi::mf1<void, CharaTask, chr::ControlBase *>, boost::_bi::list2<boost::_bi::value<CharaTask *>, boost::_bi::value<chr::ControlThrustForKraken *>>>",80786e18,1,802d7e80
"boost::_bi::bind_t<void, boost::_mfi::mf1<void, CharaTask, chr::ControlBase *>, boost::_bi::list2<boost::_bi::value<CharaTask *>, boost::_bi::value<chr::ControlThrustForKraken *>>>",80786e18,2,802d8b7c
"boost::_bi::bind_t<void, boost::_mfi::mf1<void, CharaTask, chr::ControlBase *>, boost::_bi::list2<boost::_bi::value<CharaTask *>, boost::_bi::value<chr::ControlThrustForKraken *>>>",80786e18,3,802d9234
"boost::_bi::bind_t<void, boost::_mfi::mf1<void, CharaTask, chr::ControlBase *>, boost::_bi::list2<boost::_bi::value<CharaTask *>, boost::_bi::value<chr::ControlThrustForKraken *>>>",80786e18,4,80013cac
"boost::_bi::bind_t<void, boost::_mfi::mf1<void, CharaTask, chr::ControlBase *>, boost::_bi::list2<boost::_bi::value<CharaTask *>, boost::_bi::value<chr::ControlThrustForKraken *>>>",80786e18,5,800ef3e0
"boost::_bi::bind_t<void, boost::_mfi::mf1<void, CharaTask, chr::ControlBase *>, boost::_bi::list2<boost::_bi::value<CharaTask *>, boost::_bi::value<chr::ControlThrustForKraken *>>>",80786e18,6,802d9834
"boost::_bi::bind_t<void, boost::_mfi::mf1<void, CharaTask, chr::ControlBase *>, boost::_bi::list2<boost::_bi::value<CharaTask *>, boost::_bi::value<chr::ControlThrustForKraken *>>>",80786e18,7,801437d0
"boost::_bi::bind_t<void, boost::_mfi::mf1<void, CharaTask, chr::ControlBase *>, boost::_bi::list2<boost::_bi::value<CharaTask *>, boost::_bi::value<chr::ControlThrustForKraken *>>>",80786e18,8,800ef3dc
"boost::_bi::bind_t<void, boost::_mfi::mf1<void, CharaTask, chr::ControlBase *>, boost::_bi::list2<boost::_bi::value<CharaTask *>, boost::_bi::value<chr::ControlThrustForKraken *>>>",80786e18,9,800ebf1c
"boost::_bi::bind_t<void, boost::_mfi::mf1<void, CharaTask, chr::ControlBase *>, boost::_bi::list2<boost::_bi::value<CharaTask *>, boost::_bi::value<chr::ControlThrustForKraken *>>>",80786e18,10,8014bdb0
"boost::_bi::bind_t<void, boost::_mfi::mf1<void, CharaTask, chr::ControlBase *>, boost::_bi::list2<boost::_bi::value<CharaTask *>, boost::_bi::value<chr::ControlThrustForKraken *>>>",80786e18,11,8013c564
"boost::_bi::bind_t<void, boost::_mfi::mf1<void, CharaTask, chr::ControlBase *>, boost::_bi::list2<boost::_bi::value<CharaTask *>, boost::_bi::value<chr::ControlThrustForKraken *>>>",80786e18,12,800ef3d8
"boost::_bi::bind_t<void, boost::_mfi::mf1<void, CharaTask, chr::ControlBase *>, boost::_bi::list2<boost::_bi::value<CharaTask *>, boost::_bi::value<chr::ControlThrustForKraken *>>>",80786e18,13,802d9248
"boost::_bi::bind_t<void, boost::_mfi::mf1<void, CharaTask, chr::ControlBase *>, boost::_bi::list2<boost::_bi::value<CharaTask *>, boost::_bi::value<chr::ControlThrustForKraken *>>>",80786e18,14,802d92cc
"boost::_bi::bind_t<void, boost::_mfi::mf1<void, CharaTask, chr::ControlBase *>, boost::_bi::list2<boost::_bi::value<CharaTask *>, boost::_bi::value<chr::ControlThrustForKraken *>>>",80786e18,15,800e8630
"boost::_bi::bind_t<void, boost::_mfi::mf1<void, CharaTask, chr::ControlBase *>, boost::_bi::list2<boost::_bi::value<CharaTask *>, boost::_bi::value<chr::ControlThrustForKraken *>>>",80786e18,16,80153004
"boost::_bi::bind_t<void, boost::_mfi::mf1<void, CharaTask, chr::ControlBase *>, boost::_bi::list2<boost::_bi::value<CharaTask *>, boost::_bi::value<chr::ControlThrustForKraken *>>>",80786e18,17,80152a24
"boost::_bi::bind_t<void, boost::_mfi::mf1<void, CharaTask, chr::ControlBase *>, boost::_bi::list2<boost::_bi::value<CharaTask *>, boost::_bi::value<chr::ControlThrustForKraken *>>>",80786e18,18,802d92e4
"boost::_bi::bind_t<void, boost::_mfi::mf1<void, CharaTask, chr::ControlBase *>, boost::_bi::list2<boost::_bi::value<CharaTask *>, boost::_bi::value<chr::ControlThrustForKraken *>>>",80786e18,19,802d977c
"boost::_bi::bind_t<void, boost::_mfi::mf1<void, CharaTask, chr::ControlBase *>, boost::_bi::list2<boost::_bi::value<CharaTask *>, boost::_bi::value<chr::ControlThrustForKraken *>>>",80786e18,20,800ef394
"boost::_bi::bind_t<void, boost::_mfi::mf1<void, CharaTask, chr::ControlBase *>, boost::_bi::list2<boost::_bi::value<CharaTask *>, boost::_bi::value<chr::ControlThrustForKraken *>>>",80786e18,21,801501f0
"boost::_bi::bind_t<void, boost::_mfi::mf1<void, CharaTask, chr::ControlBase *>, boost::_bi::list2<boost::_bi::value<CharaTask *>, boost::_bi::value<chr::ControlThrustForKraken *>>>",80786e18,22,800ef38c
"boost::_bi::bind_t<void, boost::_mfi::mf1<void, CharaTask, chr::ControlBase *>, boost::_bi::list2<boost::_bi::value<CharaTask *>, boost::_bi::value<chr::ControlThrustForKraken *>>>",80786e18,23,80138d70
"boost::_bi::bind_t<void, boost::_mfi::mf1<void, CharaTask, chr::ControlBase *>, boost::_bi::list2<boost::_bi::value<CharaTask *>, boost::_bi::value<chr::ControlThrustForKraken *>>>",80786e18,24,8035b8b0
"boost::_bi::bind_t<void, boost::_mfi::mf1<void, CharaTask, chr::ControlBase *>, boost::_bi::list2<boost::_bi::value<CharaTask *>, boost::_bi::value<chr::ControlThrustForKraken *>>>",80786e18,25,8035bbcc
"boost::_bi::bind_t<void, boost::_mfi::mf1<void, CharaTask, chr::ControlBase *>, boost::_bi::list2<boost::_bi::value<CharaTask *>, boost::_bi::value<chr::ControlThrustForKraken *>>>",80786e18,26,800e8fa4
"boost::_bi::bind_t<void, boost::_mfi::mf1<void, CharaTask, chr::ControlBase *>, boost::_bi::list2<boost::_bi::value<CharaTask *>, boost::_bi::value<chr::ControlThrustForKraken *>>>",80786e18,27,80155494
"boost::_bi::bind_t<void, boost::_mfi::mf1<void, CharaTask, chr::ControlBase *>, boost::_bi::list2<boost::_bi::value<CharaTask *>, boost::_bi::value<chr::ControlThrustForKraken *>>>",80786e18,28,80158d60
"boost::_bi::bind_t<void, boost::_mfi::mf1<void, CharaTask, chr::ControlBase *>, boost::_bi::list2<boost::_bi::value<CharaTask *>, boost::_bi::value<chr::ControlThrustForKraken *>>>",80786e18,29,8015dbc8
"boost::_bi::bind_t<void, boost::_mfi::mf1<void, CharaTask, chr::ControlBase *>, boost::_bi::list2<boost::_bi::value<CharaTask *>, boost::_bi::value<chr::ControlThrustForKraken *>>>",80786e18,30,801606dc
"boost::_bi::bind_t<void, boost::_mfi::mf1<void, CharaTask, chr::ControlBase *>, boost::_bi::list2<boost::_bi::value<CharaTask *>, boost::_bi::value<chr::ControlThrustForKraken *>>>",80786e18,31,80160f54
"boost::_bi::bind_t<void, boost::_mfi::mf1<void, CharaTask, chr::ControlBase *>, boost::_bi::list2<boost::_bi::value<CharaTask *>, boost::_bi::value<chr::ControlThrustForKraken *>>>",80786e18,32,80168fcc
"boost::_bi::bind_t<void, boost::_mfi::mf1<void, CharaTask, chr::ControlBase *>, boost::_bi::list2<boost::_bi::value<CharaTask *>, boost::_bi::value<chr::ControlThrustForKraken *>>>",80786e18,33,80169c0c
"boost::_bi::bind_t<void, boost::_mfi::mf1<void, CharaTask, chr::ControlBase *>, boost::_bi::list2<boost::_bi::value<CharaTask *>, boost::_bi::value<chr::ControlThrustForKraken *>>>",80786e18,34,802ddcf4
"boost::_bi::bind_t<void, boost::_mfi::mf1<void, CharaTask, chr::ControlBase *>, boost::_bi::list2<boost::_bi::value<CharaTask *>, boost::_bi::value<chr::ControlThrustForKraken *>>>",80786e18,35,802ddcdc
"boost::_bi::bind_t<void, boost::_mfi::mf1<void, CharaTask, chr::ControlBase *>, boost::_bi::list2<boost::_bi::value<CharaTask *>, boost::_bi::value<chr::ControlThrustForKraken *>>>",80786e18,36,80176b68
"boost::_bi::bind_t<void, boost::_mfi::mf1<void, CharaTask, chr::ControlBase *>, boost::_bi::list2<boost::_bi::value<CharaTask *>, boost::_bi::value<chr::ControlThrustForKraken *>>>",80786e18,37,80176d2c
"boost::_bi::bind_t<void, boost::_mfi::mf1<void, CharaTask, chr::ControlBase *>, boost::_bi::list2<boost::_bi::value<CharaTask *>, boost::_bi::value<chr::ControlThrustForKraken *>>>",80786e18,38,800ef368
"boost::_bi::bind_t<void, boost::_mfi::mf1<void, CharaTask, chr::ControlBase *>, boost::_bi::list2<boost::_bi::value<CharaTask *>, boost::_bi::value<chr::ControlThrustForKraken *>>>",80786e18,39,800ee494
"boost::_bi::bind_t<void, boost::_mfi::mf1<void, CharaTask, chr::ControlBase *>, boost::_bi::list2<boost::_bi::value<CharaTask *>, boost::_bi::value<chr::ControlThrustForKraken *>>>",80786e18,40,80041a20
"boost::_bi::bind_t<void, boost::_mfi::mf1<void, CharaTask, chr::ControlBase *>, boost::_bi::list2<boost::_bi::value<CharaTask *>, boost::_bi::value<chr::ControlThrustForKraken *>>>",80786e18,41,800ef324
"boost::_bi::bind_t<void, boost::_mfi::mf1<void, CharaTask, chr::ControlBase *>, boost::_bi::list2<boost::_bi::value<CharaTask *>, boost::_bi::value<chr::ControlThrustForKraken *>>>",80786e18,42,802d9938
"boost::_bi::bind_t<void, boost::_mfi::mf1<void, CharaTask, chr::ControlBase *>, boost::_bi::list2<boost::_bi::value<CharaTask *>, boost::_bi::value<chr::ControlThrustForKraken *>>>",80786e18,43,802d99d8
"boost::_bi::bind_t<void, boost::_mfi::mf1<void, CharaTask, chr::ControlBase *>, boost::_bi::list2<boost::_bi::value<CharaTask *>, boost::_bi::value<chr::ControlThrustForKraken *>>>",80786e18,44,8017b0f8
"boost::_bi::bind_t<void, boost::_mfi::mf1<void, CharaTask, chr::ControlBase *>, boost::_bi::list2<boost::_bi::value<CharaTask *>, boost::_bi::value<chr::ControlThrustForKraken *>>>",80786e18,45,800ef308
"boost::_bi::bind_t<void, boost::_mfi::mf1<void, CharaTask, chr::ControlBase *>, boost::_bi::list2<boost::_bi::value<CharaTask *>, boost::_bi::value<chr::ControlThrustForKraken *>>>",80786e18,46,800ef304
"boost::_bi::bind_t<void, boost::_mfi::mf1<void, CharaTask, chr::ControlBase *>, boost::_bi::list2<boost::_bi::value<CharaTask *>, boost::_bi::value<chr::ControlThrustForKraken *>>>",80786e18,47,8017bc58
"boost::_bi::bind_t<void, boost::_mfi::mf1<void, CharaTask, chr::ControlBase *>, boost::_bi::list2<boost::_bi::value<CharaTask *>, boost::_bi::value<chr::ControlThrustForKraken *>>>",80786e18,48,802ddc3c
"boost::_bi::bind_t<void, boost::_mfi::mf1<void, CharaTask, chr::ControlBase *>, boost::_bi::list2<boost::_bi::value<CharaTask *>, boost::_bi::value<chr::ControlThrustForKraken *>>>",80786e18,49,802d9d5c
"boost::_bi::bind_t<void, boost::_mfi::mf1<void, CharaTask, chr::ControlBase *>, boost::_bi::list2<boost::_bi::value<CharaTask *>, boost::_bi::value<chr::ControlThrustForKraken *>>>",80786e18,50,802da01c
"boost::_bi::bind_t<void, boost::_mfi::mf1<void, CharaTask, chr::ControlBase *>, boost::_bi::list2<boost::_bi::value<CharaTask *>, boost::_bi::value<chr::ControlThrustForKraken *>>>",80786e18,51,802ddc34
"boost::_bi::bind_t<void, boost::_mfi::mf1<void, CharaTask, chr::ControlBase *>, boost::_bi::list2<boost::_bi::value<CharaTask *>, boost::_bi::value<chr::ControlThrustForKraken *>>>",80786e18,52,802da0c8
"boost::_bi::bind_t<void, boost::_mfi::mf1<void, CharaTask, chr::ControlBase *>, boost::_bi::list2<boost::_bi::value<CharaTask *>, boost::_bi::value<chr::ControlThrustForKraken *>>>",80786e18,53,802ddc2c
"boost::_bi::bind_t<void, boost::_mfi::mf1<void, CharaTask, chr::ControlBase *>, boost::_bi::list2<boost::_bi::value<CharaTask *>, boost::_bi::value<chr::ControlThrustForKraken *>>>",80786e18,54,800ef080
"boost::_bi::bind_t<void, boost::_mfi::mf1<void, CharaTask, chr::ControlBase *>, boost::_bi::list2<boost::_bi::value<CharaTask *>, boost::_bi::value<chr::ControlThrustForKraken *>>>",80786e18,55,800ee4d8
"boost::_bi::bind_t<void, boost::_mfi::mf1<void, CharaTask, chr::ControlBase *>, boost::_bi::list2<boost::_bi::value<CharaTask *>, boost::_bi::value<chr::ControlThrustForKraken *>>>",80786e18,56,800eafd4
"boost::_bi::bind_t<void, boost::_mfi::mf1<void, CharaTask, chr::ControlBase *>, boost::_bi::list2<boost::_bi::value<CharaTask *>, boost::_bi::value<chr::ControlThrustForKraken *>>>",80786e18,57,802dbe04
"boost::_bi::bind_t<void, boost::_mfi::mf1<void, CharaTask, chr::ControlBase *>, boost::_bi::list2<boost::_bi::value<CharaTask *>, boost::_bi::value<chr::ControlThrustForKraken *>>>",80786e18,58,800eacec
"boost::_bi::bind_t<void, boost::_mfi::mf1<void, CharaTask, chr::ControlBase *>, boost::_bi::list2<boost::_bi::value<CharaTask *>, boost::_bi::value<chr::ControlThrustForKraken *>>>",80786e18,59,80180594
"boost::_bi::bind_t<void, boost::_mfi::mf1<void, CharaTask, chr::ControlBase *>, boost::_bi::list2<boost::_bi::value<CharaTask *>, boost::_bi::value<chr::ControlThrustForQuarkStand *>>>",80789548,0,80354398
"boost::_bi::bind_t<void, boost::_mfi::mf1<void, CharaTask, chr::ControlBase *>, boost::_bi::list2<boost::_bi::value<CharaTask *>, boost::_bi::value<chr::ControlThrustForQuarkStand *>>>",80789548,1,80345ba8
"boost::_bi::bind_t<void, boost::_mfi::mf1<void, CharaTask, chr::ControlBase *>, boost::_bi::list2<boost::_bi::value<CharaTask *>, boost::_bi::value<chr::ControlThrustForQuarkStand *>>>",80789548,2,80346384
"boost::_bi::bind_t<void, boost::_mfi::mf1<void, CharaTask, chr::ControlBase *>, boost::_bi::list2<boost::_bi::value<CharaTask *>, boost::_bi::value<chr::ControlThrustForQuarkStand *>>>",80789548,3,800e41fc
"boost::_bi::bind_t<void, boost::_mfi::mf1<void, CharaTask, chr::ControlBase *>, boost::_bi::list2<boost::_bi::value<CharaTask *>, boost::_bi::value<chr::ControlThrustForQuarkStand *>>>",80789548,4,80013cac
"boost::_bi::bind_t<void, boost::_mfi::mf1<void, CharaTask, chr::ControlBase *>, boost::_bi::list2<boost::_bi::value<CharaTask *>, boost::_bi::value<chr::ControlThrustForQuarkStand *>>>",80789548,5,800ef3e0
"boost::_bi::bind_t<void, boost::_mfi::mf1<void, CharaTask, chr::ControlBase *>, boost::_bi::list2<boost::_bi::value<CharaTask *>, boost::_bi::value<chr::ControlThrustForQuarkStand *>>>",80789548,6,80147b04
"boost::_bi::bind_t<void, boost::_mfi::mf1<void, CharaTask, chr::ControlBase *>, boost::_bi::list2<boost::_bi::value<CharaTask *>, boost::_bi::value<chr::ControlThrustForQuarkStand *>>>",80789548,7,801437d0
"boost::_bi::bind_t<void, boost::_mfi::mf1<void, CharaTask, chr::ControlBase *>, boost::_bi::list2<boost::_bi::value<CharaTask *>, boost::_bi::value<chr::ControlThrustForQuarkStand *>>>",80789548,8,800ef3dc
"boost::_bi::bind_t<void, boost::_mfi::mf1<void, CharaTask, chr::ControlBase *>, boost::_bi::list2<boost::_bi::value<CharaTask *>, boost::_bi::value<chr::ControlThrustForQuarkStand *>>>",80789548,9,800ebf1c
"boost::_bi::bind_t<void, boost::_mfi::mf1<void, CharaTask, chr::ControlBase *>, boost::_bi::list2<boost::_bi::value<CharaTask *>, boost::_bi::value<chr::ControlThrustForQuarkStand *>>>",80789548,10,8014bdb0
"boost::_bi::bind_t<void, boost::_mfi::mf1<void, CharaTask, chr::ControlBase *>, boost::_bi::list2<boost::_bi::value<CharaTask *>, boost::_bi::value<chr::ControlThrustForQuarkStand *>>>",80789548,11,8013c564
"boost::_bi::bind_t<void, boost::_mfi::mf1<void, CharaTask, chr::ControlBase *>, boost::_bi::list2<boost::_bi::value<CharaTask *>, boost::_bi::value<chr::ControlThrustForQuarkStand *>>>",80789548,12,800ef3d8
"boost::_bi::bind_t<void, boost::_mfi::mf1<void, CharaTask, chr::ControlBase *>, boost::_bi::list2<boost::_bi::value<CharaTask *>, boost::_bi::value<chr::ControlThrustForQuarkStand *>>>",80789548,13,80346990
"boost::_bi::bind_t<void, boost::_mfi::mf1<void, CharaTask, chr::ControlBase *>, boost::_bi::list2<boost::_bi::value<CharaTask *>, boost::_bi::value<chr::ControlThrustForQuarkStand *>>>",80789548,14,80346a34
"boost::_bi::bind_t<void, boost::_mfi::mf1<void, CharaTask, chr::ControlBase *>, boost::_bi::list2<boost::_bi::value<CharaTask *>, boost::_bi::value<chr::ControlThrustForQuarkStand *>>>",80789548,15,800e8630
"boost::_bi::bind_t<void, boost::_mfi::mf1<void, CharaTask, chr::ControlBase *>, boost::_bi::list2<boost::_bi::value<CharaTask *>, boost::_bi::value<chr::ControlThrustForQuarkStand *>>>",80789548,16,80153004
"boost::_bi::bind_t<void, boost::_mfi::mf1<void, CharaTask, chr::ControlBase *>, boost::_bi::list2<boost::_bi::value<CharaTask *>, boost::_bi::value<chr::ControlThrustForQuarkStand *>>>",80789548,17,80152a24
"boost::_bi::bind_t<void, boost::_mfi::mf1<void, CharaTask, chr::ControlBase *>, boost::_bi::list2<boost::_bi::value<CharaTask *>, boost::_bi::value<chr::ControlThrustForQuarkStand *>>>",80789548,18,80347218
"boost::_bi::bind_t<void, boost::_mfi::mf1<void, CharaTask, chr::ControlBase *>, boost::_bi::list2<boost::_bi::value<CharaTask *>, boost::_bi::value<chr::ControlThrustForQuarkStand *>>>",80789548,19,803482dc
"boost::_bi::bind_t<void, boost::_mfi::mf1<void, CharaTask, chr::ControlBase *>, boost::_bi::list2<boost::_bi::value<CharaTask *>, boost::_bi::value<chr::ControlThrustForQuarkStand *>>>",80789548,20,800ef394
"boost::_bi::bind_t<void, boost::_mfi::mf1<void, CharaTask, chr::ControlBase *>, boost::_bi::list2<boost::_bi::value<CharaTask *>, boost::_bi::value<chr::ControlThrustForQuarkStand *>>>",80789548,21,801501f0
"boost::_bi::bind_t<void, boost::_mfi::mf1<void, CharaTask, chr::ControlBase *>, boost::_bi::list2<boost::_bi::value<CharaTask *>, boost::_bi::value<chr::ControlThrustForQuarkStand *>>>",80789548,22,800ef38c
"boost::_bi::bind_t<void, boost::_mfi::mf1<void, CharaTask, chr::ControlBase *>, boost::_bi::list2<boost::_bi::value<CharaTask *>, boost::_bi::value<chr::ControlThrustForQuarkStand *>>>",80789548,23,80348550
"boost::_bi::bind_t<void, boost::_mfi::mf1<void, CharaTask, chr::ControlBase *>, boost::_bi::list2<boost::_bi::value<CharaTask *>, boost::_bi::value<chr::ControlThrustForQuarkStand *>>>",80789548,24,8035b8b0
"boost::_bi::bind_t<void, boost::_mfi::mf1<void, CharaTask, chr::ControlBase *>, boost::_bi::list2<boost::_bi::value<CharaTask *>, boost::_bi::value<chr::ControlThrustForQuarkStand *>>>",80789548,25,8035bbcc
"boost::_bi::bind_t<void, boost::_mfi::mf1<void, CharaTask, chr::ControlBase *>, boost::_bi::list2<boost::_bi::value<CharaTask *>, boost::_bi::value<chr::ControlThrustForQuarkStand *>>>",80789548,26,800e8fa4
"boost::_bi::bind_t<void, boost::_mfi::mf1<void, CharaTask, chr::ControlBase *>, boost::_bi::list2<boost::_bi::value<CharaTask *>, boost::_bi::value<chr::ControlThrustForQuarkStand *>>>",80789548,27,80155494
"boost::_bi::bind_t<void, boost::_mfi::mf1<void, CharaTask, chr::ControlBase *>, boost::_bi::list2<boost::_bi::value<CharaTask *>, boost::_bi::value<chr::ControlThrustForQuarkStand *>>>",80789548,28,80353de8
"boost::_bi::bind_t<void, boost::_mfi::mf1<void, CharaTask, chr::ControlBase *>, boost::_bi::list2<boost::_bi::value<CharaTask *>, boost::_bi::value<chr::ControlThrustForQuarkStand *>>>",80789548,29,8015dbc8
"boost::_bi::bind_t<void, boost::_mfi::mf1<void, CharaTask, chr::ControlBase *>, boost::_bi::list2<boost::_bi::value<CharaTask *>, boost::_bi::value<chr::ControlThrustForQuarkStand *>>>",80789548,30,801606dc
"boost::_bi::bind_t<void, boost::_mfi::mf1<void, CharaTask, chr::ControlBase *>, boost::_bi::list2<boost::_bi::value<CharaTask *>, boost::_bi::value<chr::ControlThrustForQuarkStand *>>>",80789548,31,80160f54
"boost::_bi::bind_t<void, boost::_mfi::mf1<void, CharaTask, chr::ControlBase *>, boost::_bi::list2<boost::_bi::value<CharaTask *>, boost::_bi::value<chr::ControlThrustForQuarkStand *>>>",80789548,32,80168fcc
"boost::_bi::bind_t<void, boost::_mfi::mf1<void, CharaTask, chr::ControlBase *>, boost::_bi::list2<boost::_bi::value<CharaTask *>, boost::_bi::value<chr::ControlThrustForQuarkStand *>>>",80789548,33,80169c0c
"boost::_bi::bind_t<void, boost::_mfi::mf1<void, CharaTask, chr::ControlBase *>, boost::_bi::list2<boost::_bi::value<CharaTask *>, boost::_bi::value<chr::ControlThrustForQuarkStand *>>>",80789548,34,800ef2ac
"boost::_bi::bind_t<void, boost::_mfi::mf1<void, CharaTask, chr::ControlBase *>, boost::_bi::list2<boost::_bi::value<CharaTask *>, boost::_bi::value<chr::ControlThrustForQuarkStand *>>>",80789548,35,800ef370
"boost::_bi::bind_t<void, boost::_mfi::mf1<void, CharaTask, chr::ControlBase *>, boost::_bi::list2<boost::_bi::value<CharaTask *>, boost::_bi::value<chr::ControlThrustForQuarkStand *>>>",80789548,36,80353f50
"boost::_bi::bind_t<void, boost::_mfi::mf1<void, CharaTask, chr::ControlBase *>, boost::_bi::list2<boost::_bi::value<CharaTask *>, boost::_bi::value<chr::ControlThrustForQuarkStand *>>>",80789548,37,803540bc
"boost::_bi::bind_t<void, boost::_mfi::mf1<void, CharaTask, chr::ControlBase *>, boost::_bi::list2<boost::_bi::value<CharaTask *>, boost::_bi::value<chr::ControlThrustForQuarkStand *>>>",80789548,38,800ef368
"boost::_bi::bind_t<void, boost::_mfi::mf1<void, CharaTask, chr::ControlBase *>, boost::_bi::list2<boost::_bi::value<CharaTask *>, boost::_bi::value<chr::ControlThrustForQuarkStand *>>>",80789548,39,800ee494
"boost::_bi::bind_t<void, boost::_mfi::mf1<void, CharaTask, chr::ControlBase *>, boost::_bi::list2<boost::_bi::value<CharaTask *>, boost::_bi::value<chr::ControlThrustForQuarkStand *>>>",80789548,40,80041a20
"boost::_bi::bind_t<void, boost::_mfi::mf1<void, CharaTask, chr::ControlBase *>, boost::_bi::list2<boost::_bi::value<CharaTask *>, boost::_bi::value<chr::ControlThrustForQuarkStand *>>>",80789548,41,800ef324
"boost::_bi::bind_t<void, boost::_mfi::mf1<void, CharaTask, chr::ControlBase *>, boost::_bi::list2<boost::_bi::value<CharaTask *>, boost::_bi::value<chr::ControlThrustForQuarkStand *>>>",80789548,42,80352ec8
"boost::_bi::bind_t<void, boost::_mfi::mf1<void, CharaTask, chr::ControlBase *>, boost::_bi::list2<boost::_bi::value<CharaTask *>, boost::_bi::value<chr::ControlThrustForQuarkStand *>>>",80789548,43,80352f88
"boost::_bi::bind_t<void, boost::_mfi::mf1<void, CharaTask, chr::ControlBase *>, boost::_bi::list2<boost::_bi::value<CharaTask *>, boost::_bi::value<chr::ControlThrustForQuarkStand *>>>",80789548,44,8017b0f8
"boost::_bi::bind_t<void, boost::_mfi::mf1<void, CharaTask, chr::ControlBase *>, boost::_bi::list2<boost::_bi::value<CharaTask *>, boost::_bi::value<chr::ControlThrustForQuarkStand *>>>",80789548,45,800ef308
"boost::_bi::bind_t<void, boost::_mfi::mf1<void, CharaTask, chr::ControlBase *>, boost::_bi::list2<boost::_bi::value<CharaTask *>, boost::_bi::value<chr::ControlThrustForQuarkStand *>>>",80789548,46,800ef304
"boost::_bi::bind_t<void, boost::_mfi::mf1<void, CharaTask, chr::ControlBase *>, boost::_bi::list2<boost::_bi::value<CharaTask *>, boost::_bi::value<chr::ControlThrustForQuarkStand *>>>",80789548,47,8017bc58
"boost::_bi::bind_t<void, boost::_mfi::mf1<void, CharaTask, chr::ControlBase *>, boost::_bi::list2<boost::_bi::value<CharaTask *>, boost::_bi::value<chr::ControlThrustForQuarkStand *>>>",80789548,48,800ef2f0
"boost::_bi::bind_t<void, boost::_mfi::mf1<void, CharaTask, chr::ControlBase *>, boost::_bi::list2<boost::_bi::value<CharaTask *>, boost::_bi::value<chr::ControlThrustForQuarkStand *>>>",80789548,49,8017bddc
"boost::_bi::bind_t<void, boost::_mfi::mf1<void, CharaTask, chr::ControlBase *>, boost::_bi::list2<boost::_bi::value<CharaTask *>, boost::_bi::value<chr::ControlThrustForQuarkStand *>>>",80789548,50,80354194
"boost::_bi::bind_t<void, boost::_mfi::mf1<void, CharaTask, chr::ControlBase *>, boost::_bi::list2<boost::_bi::value<CharaTask *>, boost::_bi::value<chr::ControlThrustForQuarkStand *>>>",80789548,51,80354390
"boost::_bi::bind_t<void, boost::_mfi::mf1<void, CharaTask, chr::ControlBase *>, boost::_bi::list2<boost::_bi::value<CharaTask *>, boost::_bi::value<chr::ControlThrustForQuarkStand *>>>",80789548,52,80354270
"boost::_bi::bind_t<void, boost::_mfi::mf1<void, CharaTask, chr::ControlBase *>, boost::_bi::list2<boost::_bi::value<CharaTask *>, boost::_bi::value<chr::ControlThrustForQuarkStand *>>>",80789548,53,80354388
"boost::_bi::bind_t<void, boost::_mfi::mf1<void, CharaTask, chr::ControlBase *>, boost::_bi::list2<boost::_bi::value<CharaTask *>, boost::_bi::value<chr::ControlThrustForQuarkStand *>>>",80789548,54,80354378
"boost::_bi::bind_t<void, boost::_mfi::mf1<void, CharaTask, chr::ControlBase *>, boost::_bi::list2<boost::_bi::value<CharaTask *>, boost::_bi::value<chr::ControlThrustForQuarkStand *>>>",80789548,55,800ee4d8
"boost::_bi::bind_t<void, boost::_mfi::mf1<void, CharaTask, chr::ControlBase *>, boost::_bi::list2<boost::_bi::value<CharaTask *>, boost::_bi::value<chr::ControlThrustForQuarkStand *>>>",80789548,56,800eafd4
"boost::_bi::bind_t<void, boost::_mfi::mf1<void, CharaTask, chr::ControlBase *>, boost::_bi::list2<boost::_bi::value<CharaTask *>, boost::_bi::value<chr::ControlThrustForQuarkStand *>>>",80789548,57,800ea9d4
"boost::_bi::bind_t<void, boost::_mfi::mf1<void, CharaTask, chr::ControlBase *>, boost::_bi::list2<boost::_bi::value<CharaTask *>, boost::_bi::value<chr::ControlThrustForQuarkStand *>>>",80789548,58,800eacec
"boost::_bi::bind_t<void, boost::_mfi::mf1<void, CharaTask, chr::ControlBase *>, boost::_bi::list2<boost::_bi::value<CharaTask *>, boost::_bi::value<chr::ControlThrustForQuarkStand *>>>",80789548,59,80180594
"boost::_bi::bind_t<void, boost::_mfi::mf1<void, CharaTask, chr::ControlBase *>, boost::_bi::list2<boost::_bi::value<CharaTask *>, boost::_bi::value<chr::ControlWallMountle *>>>",80781908,0,801c33d4
"boost::_bi::bind_t<void, boost::_mfi::mf1<void, CharaTask, chr::ControlBase *>, boost::_bi::list2<boost::_bi::value<CharaTask *>, boost::_bi::value<chr::ControlWallMountle *>>>",80781908,1,801c2870
"boost::_bi::bind_t<void, boost::_mfi::mf1<void, CharaTask, chr::ControlBase *>, boost::_bi::list2<boost::_bi::value<CharaTask *>, boost::_bi::value<chr::ControlWallMountle *>>>",80781908,2,801c2cc0
"boost::_bi::bind_t<void, boost::_mfi::mf1<void, CharaTask, chr::ControlBase *>, boost::_bi::list2<boost::_bi::value<CharaTask *>, boost::_bi::value<chr::ControlWallMountle *>>>",80781908,3,801c2ca8
"boost::_bi::bind_t<void, boost::_mfi::mf1<void, CharaTask, chr::ControlBase *>, boost::_bi::list2<boost::_bi::value<CharaTask *>, boost::_bi::value<chr::ControlWallMountle *>>>",80781908,4,80192590
"boost::_bi::bind_t<void, boost::_mfi::mf1<void, CharaTask, chr::ControlBase *>, boost::_bi::list2<boost::_bi::value<CharaTask *>, boost::_bi::value<chr::ControlWallMountle *>>>",80781908,5,800e70a8
"boost::_bi::bind_t<void, boost::_mfi::mf1<void, CharaTask, chr::ControlBase *>, boost::_bi::list2<boost::_bi::value<CharaTask *>, boost::_bi::value<chr::ControlWallMountle *>>>",80781908,6,80158c9c
"boost::_bi::bind_t<void, boost::_mfi::mf1<void, CharaTask, chr::ControlBase *>, boost::_bi::list2<boost::_bi::value<CharaTask *>, boost::_bi::value<chr::ControlWallMountle *>>>",80781908,7,80158d58
"boost::_bi::bind_t<void, boost::_mfi::mf1<void, CharaTask, chr::ControlBase *>, boost::_bi::list2<boost::_bi::value<CharaTask *>, boost::_bi::value<chr::ControlWallMountle *>>>",80781908,8,80158e14
"boost::_bi::bind_t<void, boost::_mfi::mf1<void, CharaTask, chr::ControlBase *>, boost::_bi::list2<boost::_bi::value<CharaTask *>, boost::_bi::value<chr::ControlWallMountle *>>>",80781908,9,800fcd1c
"boost::_bi::bind_t<void, boost::_mfi::mf1<void, CharaTask, chr::ControlBase *>, boost::_bi::list2<boost::_bi::value<CharaTask *>, boost::_bi::value<chr::ControlWallMountle *>>>",80781908,10,800e60fc
"boost::_bi::bind_t<void, boost::_mfi::mf1<void, CharaTask, chr::ControlBase *>, boost::_bi::list2<boost::_bi::value<CharaTask *>, boost::_bi::value<chr::ControlWallMountle *>>>",80781908,11,8017a220
"boost::_bi::bind_t<void, boost::_mfi::mf1<void, CharaTask, chr::ControlBase *>, boost::_bi::list2<boost::_bi::value<CharaTask *>, boost::_bi::value<chr::ControlWallMountle *>>>",80781908,12,8017a2f8
"boost::_bi::bind_t<void, boost::_mfi::mf1<void, CharaTask, chr::ControlBase *>, boost::_bi::list2<boost::_bi::value<CharaTask *>, boost::_bi::value<chr::ControlWallMountle *>>>",80781908,13,801446e8
"boost::_bi::bind_t<void, boost::_mfi::mf1<void, CharaTask, chr::ControlBase *>, boost::_bi::list2<boost::_bi::value<CharaTask *>, boost::_bi::value<chr::ControlWallMountle *>>>",80781908,14,80147a0c
"boost::_bi::bind_t<void, boost::_mfi::mf1<void, CharaTask, chr::ControlBase *>, boost::_bi::list2<boost::_bi::value<CharaTask *>, boost::_bi::value<chr::ControlWallMountle *>>>",80781908,15,80188088
"boost::_bi::bind_t<void, boost::_mfi::mf1<void, CharaTask, chr::ControlBase *>, boost::_bi::list2<boost::_bi::value<CharaTask *>, boost::_bi::value<chr::ControlWallMountle *>>>",80781908,16,80188080
"boost::_bi::bind_t<void, boost::_mfi::mf1<void, CharaTask, chr::ControlBase *>, boost::_bi::list2<boost::_bi::value<CharaTask *>, boost::_bi::value<chr::ControlWallMountle *>>>",80781908,17,80188064
"boost::_bi::bind_t<void, boost::_mfi::mf1<void, CharaTask, chr::ControlBase *>, boost::_bi::list2<boost::_bi::value<CharaTask *>, boost::_bi::value<chr::ControlWallMountle *>>>",80781908,18,800ee5a4
"boost::_bi::bind_t<void, boost::_mfi::mf1<void, CharaTask, chr::ControlBase *>, boost::_bi::list2<boost::_bi::value<CharaTask *>, boost::_bi::value<chr::ControlWallMountle *>>>",80781908,19,80151180
"boost::_bi::bind_t<void, boost::_mfi::mf1<void, CharaTask, chr::ControlBase *>, boost::_bi::list2<boost::_bi::value<CharaTask *>, boost::_bi::value<chr::ControlWallMountle *>>>",80781908,20,80147a10
"boost::_bi::bind_t<void, boost::_mfi::mf1<void, CharaTask, chr::ControlBase *>, boost::_bi::list2<boost::_bi::value<CharaTask *>, boost::_bi::value<chr::ControlWallMountle *>>>",80781908,21,80188060
"boost::_bi::bind_t<void, boost::_mfi::mf1<void, CharaTask, chr::ControlBase *>, boost::_bi::list2<boost::_bi::value<CharaTask *>, boost::_bi::value<chr::ControlWallSlash *>>>",80782308,0,801cc06c
"boost::_bi::bind_t<void, boost::_mfi::mf1<void, CharaTask, chr::ControlBase *>, boost::_bi::list2<boost::_bi::value<CharaTask *>, boost::_bi::value<chr::ControlWallSlash *>>>",80782308,1,801cb76c
"boost::_bi::bind_t<void, boost::_mfi::mf1<void, CharaTask, chr::ControlBase *>, boost::_bi::list2<boost::_bi::value<CharaTask *>, boost::_bi::value<chr::ControlWallSlash *>>>",80782308,2,801cbb34
"boost::_bi::bind_t<void, boost::_mfi::mf1<void, CharaTask, chr::ControlBase *>, boost::_bi::list2<boost::_bi::value<CharaTask *>, boost::_bi::value<chr::ControlWallSlash *>>>",80782308,3,801cbad8
"boost::_bi::bind_t<void, boost::_mfi::mf1<void, CharaTask, chr::ControlBase *>, boost::_bi::list2<boost::_bi::value<CharaTask *>, boost::_bi::value<chr::ControlWallSlash *>>>",80782308,4,801cbaac
"boost::_bi::bind_t<void, boost::_mfi::mf1<void, CharaTask, chr::ControlBase *>, boost::_bi::list2<boost::_bi::value<CharaTask *>, boost::_bi::value<chr::ControlWallSlash *>>>",80782308,5,801cbaec
"boost::_bi::bind_t<void, boost::_mfi::mf1<void, CharaTask, chr::ControlBase *>, boost::_bi::list2<boost::_bi::value<CharaTask *>, boost::_bi::value<chr::ControlWallSlash *>>>",80782308,6,80158c9c
"boost::_bi::bind_t<void, boost::_mfi::mf1<void, CharaTask, chr::ControlBase *>, boost::_bi::list2<boost::_bi::value<CharaTask *>, boost::_bi::value<chr::ControlWallSlash *>>>",80782308,7,80158d58
"boost::_bi::bind_t<void, boost::_mfi::mf1<void, CharaTask, chr::ControlBase *>, boost::_bi::list2<boost::_bi::value<CharaTask *>, boost::_bi::value<chr::ControlWallSlash *>>>",80782308,8,801cbac0
"boost::_bi::bind_t<void, boost::_mfi::mf1<void, CharaTask, chr::ControlBase *>, boost::_bi::list2<boost::_bi::value<CharaTask *>, boost::_bi::value<chr::ControlWallSlash *>>>",80782308,9,800fcd1c
"boost::_bi::bind_t<void, boost::_mfi::mf1<void, CharaTask, chr::ControlBase *>, boost::_bi::list2<boost::_bi::value<CharaTask *>, boost::_bi::value<chr::ControlWallSlash *>>>",80782308,10,800e60fc
"boost::_bi::bind_t<void, boost::_mfi::mf1<void, CharaTask, chr::ControlBase *>, boost::_bi::list2<boost::_bi::value<CharaTask *>, boost::_bi::value<chr::ControlWallSlash *>>>",80782308,11,8017a220
"boost::_bi::bind_t<void, boost::_mfi::mf1<void, CharaTask, chr::ControlBase *>, boost::_bi::list2<boost::_bi::value<CharaTask *>, boost::_bi::value<chr::ControlWallSlash *>>>",80782308,12,8017a2f8
"boost::_bi::bind_t<void, boost::_mfi::mf1<void, CharaTask, chr::ControlBase *>, boost::_bi::list2<boost::_bi::value<CharaTask *>, boost::_bi::value<chr::ControlWallSlash *>>>",80782308,13,801446e8
"boost::_bi::bind_t<void, boost::_mfi::mf1<void, CharaTask, chr::ControlBase *>, boost::_bi::list2<boost::_bi::value<CharaTask *>, boost::_bi::value<chr::ControlWallSlash *>>>",80782308,14,80147a0c
"boost::_bi::bind_t<void, boost::_mfi::mf1<void, CharaTask, chr::ControlBase *>, boost::_bi::list2<boost::_bi::value<CharaTask *>, boost::_bi::value<chr::ControlWallSlash *>>>",80782308,15,80188088
"boost::_bi::bind_t<void, boost::_mfi::mf1<void, CharaTask, chr::ControlBase *>, boost::_bi::list2<boost::_bi::value<CharaTask *>, boost::_bi::value<chr::ControlWallSlash *>>>",80782308,16,80188080
"boost::_bi::bind_t<void, boost::_mfi::mf1<void, CharaTask, chr::ControlBase *>, boost::_bi::list2<boost::_bi::value<CharaTask *>, boost::_bi::value<chr::ControlWallSlash *>>>",80782308,17,80188064
"boost::_bi::bind_t<void, boost::_mfi::mf1<void, CharaTask, chr::ControlBase *>, boost::_bi::list2<boost::_bi::value<CharaTask *>, boost::_bi::value<chr::ControlWallSlash *>>>",80782308,18,800ee5a4
"boost::_bi::bind_t<void, boost::_mfi::mf1<void, CharaTask, chr::ControlBase *>, boost::_bi::list2<boost::_bi::value<CharaTask *>, boost::_bi::value<chr::ControlWallSlash *>>>",80782308,19,801cbfe4
"boost::_bi::bind_t<void, boost::_mfi::mf1<void, CharaTask, chr::ControlBase *>, boost::_bi::list2<boost::_bi::value<CharaTask *>, boost::_bi::value<chr::ControlWallSlash *>>>",80782308,20,80147a10
"boost::_bi::bind_t<void, boost::_mfi::mf1<void, CharaTask, chr::ControlBase *>, boost::_bi::list2<boost::_bi::value<CharaTask *>, boost::_bi::value<chr::ControlWallSlash *>>>",80782308,21,80188060
"boost::_bi::bind_t<void, boost::_mfi::mf1<void, CharaTask, const atn::Vector3 &>, boost::_bi::list2<boost::_bi::value<CharaTask *>, boost::_bi::value<atn::Vector3>>>",8077cd40,0,801895f4
"boost::_bi::bind_t<void, boost::_mfi::mf1<void, CharaTask, const atn::Vector3 &>, boost::_bi::list2<boost::_bi::value<CharaTask *>, boost::_bi::value<atn::Vector3>>>",8077cd40,1,801894dc
"boost::_bi::bind_t<void, boost::_mfi::mf1<void, CharaTask, const atn::Vector3 &>, boost::_bi::list2<boost::_bi::value<CharaTask *>, boost::_bi::value<atn::Vector3>>>",8077cd40,2,80192758
"boost::_bi::bind_t<void, boost::_mfi::mf1<void, CharaTask, const atn::Vector3 &>, boost::_bi::list2<boost::_bi::value<CharaTask *>, boost::_bi::value<atn::Vector3>>>",8077cd40,3,80192578
"boost::_bi::bind_t<void, boost::_mfi::mf1<void, CharaTask, const atn::Vector3 &>, boost::_bi::list2<boost::_bi::value<CharaTask *>, boost::_bi::value<atn::Vector3>>>",8077cd40,4,80192590
"boost::_bi::bind_t<void, boost::_mfi::mf1<void, CharaTask, const atn::Vector3 &>, boost::_bi::list2<boost::_bi::value<CharaTask *>, boost::_bi::value<atn::Vector3>>>",8077cd40,5,800e70a8
"boost::_bi::bind_t<void, boost::_mfi::mf1<void, CharaTask, const atn::Vector3 &>, boost::_bi::list2<boost::_bi::value<CharaTask *>, boost::_bi::value<atn::Vector3>>>",8077cd40,6,80158c9c
"boost::_bi::bind_t<void, boost::_mfi::mf1<void, CharaTask, const atn::Vector3 &>, boost::_bi::list2<boost::_bi::value<CharaTask *>, boost::_bi::value<atn::Vector3>>>",8077cd40,7,80158d58
"boost::_bi::bind_t<void, boost::_mfi::mf1<void, CharaTask, const atn::Vector3 &>, boost::_bi::list2<boost::_bi::value<CharaTask *>, boost::_bi::value<atn::Vector3>>>",8077cd40,8,80158e14
"boost::_bi::bind_t<void, boost::_mfi::mf1<void, CharaTask, const atn::Vector3 &>, boost::_bi::list2<boost::_bi::value<CharaTask *>, boost::_bi::value<atn::Vector3>>>",8077cd40,9,800fcd1c
"boost::_bi::bind_t<void, boost::_mfi::mf1<void, CharaTask, const atn::Vector3 &>, boost::_bi::list2<boost::_bi::value<CharaTask *>, boost::_bi::value<atn::Vector3>>>",8077cd40,10,800e60fc
"boost::_bi::bind_t<void, boost::_mfi::mf1<void, CharaTask, const atn::Vector3 &>, boost::_bi::list2<boost::_bi::value<CharaTask *>, boost::_bi::value<atn::Vector3>>>",8077cd40,11,8017a220
"boost::_bi::bind_t<void, boost::_mfi::mf1<void, CharaTask, const atn::Vector3 &>, boost::_bi::list2<boost::_bi::value<CharaTask *>, boost::_bi::value<atn::Vector3>>>",8077cd40,12,8017a2f8
"boost::_bi::bind_t<void, boost::_mfi::mf1<void, CharaTask, const atn::Vector3 &>, boost::_bi::list2<boost::_bi::value<CharaTask *>, boost::_bi::value<atn::Vector3>>>",8077cd40,13,801446e8
"boost::_bi::bind_t<void, boost::_mfi::mf1<void, CharaTask, const atn::Vector3 &>, boost::_bi::list2<boost::_bi::value<CharaTask *>, boost::_bi::value<atn::Vector3>>>",8077cd40,14,80147a0c
"boost::_bi::bind_t<void, boost::_mfi::mf1<void, CharaTask, const atn::Vector3 &>, boost::_bi::list2<boost::_bi::value<CharaTask *>, boost::_bi::value<atn::Vector3>>>",8077cd40,15,80188088
"boost::_bi::bind_t<void, boost::_mfi::mf1<void, CharaTask, const atn::Vector3 &>, boost::_bi::list2<boost::_bi::value<CharaTask *>, boost::_bi::value<atn::Vector3>>>",8077cd40,16,80188080
"boost::_bi::bind_t<void, boost::_mfi::mf1<void, CharaTask, const atn::Vector3 &>, boost::_bi::list2<boost::_bi::value<CharaTask *>, boost::_bi::value<atn::Vector3>>>",8077cd40,17,80188064
"boost::_bi::bind_t<void, boost::_mfi::mf1<void, CharaTask, const atn::Vector3 &>, boost::_bi::list2<boost::_bi::value<CharaTask *>, boost::_bi::value<atn::Vector3>>>",8077cd40,18,800ee5a4
"boost::_bi::bind_t<void, boost::_mfi::mf1<void, CharaTask, const atn::Vector3 &>, boost::_bi::list2<boost::_bi::value<CharaTask *>, boost::_bi::value<atn::Vector3>>>",8077cd40,19,80151180
"boost::_bi::bind_t<void, boost::_mfi::mf1<void, CharaTask, const atn::Vector3 &>, boost::_bi::list2<boost::_bi::value<CharaTask *>, boost::_bi::value<atn::Vector3>>>",8077cd40,20,80147a10
"boost::_bi::bind_t<void, boost::_mfi::mf1<void, CharaTask, const atn::Vector3 &>, boost::_bi::list2<boost::_bi::value<CharaTask *>, boost::_bi::value<atn::Vector3>>>",8077cd40,21,80188060
"boost::_bi::bind_t<void, boost::_mfi::mf1<void, GimmickManager, const gmk::SeTable &>, boost::_bi::list2<boost::_bi::value<GimmickManager *>, boost::arg<1>>>",8078ca70,0,803ef4dc
"boost::_bi::bind_t<void, boost::_mfi::mf1<void, GimmickManager, const gmk::SeTable &>, boost::_bi::list2<boost::_bi::value<GimmickManager *>, boost::arg<1>>>",8078ca70,1,803eeedc
"boost::_bi::bind_t<void, boost::_mfi::mf1<void, GimmickManager, const gmk::SeTable &>, boost::_bi::list2<boost::_bi::value<GimmickManager *>, boost::arg<1>>>",8078ca70,2,8004312c
"boost::_bi::bind_t<void, boost::_mfi::mf1<void, GimmickManager, const gmk::SeTable &>, boost::_bi::list2<boost::_bi::value<GimmickManager *>, boost::arg<1>>>",8078ca70,3,80043128
"boost::_bi::bind_t<void, boost::_mfi::mf1<void, GimmickManager, const gmk::SeTable &>, boost::_bi::list2<boost::_bi::value<GimmickManager *>, boost::arg<1>>>",8078ca70,4,80013cac
"boost::_bi::bind_t<void, boost::_mfi::mf1<void, TacView, SkillEffect *>, boost::_bi::list2<boost::_bi::value<TacView *>, boost::arg<1>>>",80779b60,0,800e2d4c
"boost::_bi::bind_t<void, boost::_mfi::mf1<void, TacView, SkillEffect *>, boost::_bi::list2<boost::_bi::value<TacView *>, boost::arg<1>>>",80779b60,1,800e2dd4
"boost::_bi::bind_t<void, boost::_mfi::mf1<void, TacView, SkillEffect *>, boost::_bi::list2<boost::_bi::value<TacView *>, boost::arg<1>>>",80779b60,2,800ef3e8
"boost::_bi::bind_t<void, boost::_mfi::mf1<void, TacView, SkillEffect *>, boost::_bi::list2<boost::_bi::value<TacView *>, boost::arg<1>>>",80779b60,3,800e41fc
"boost::_bi::bind_t<void, boost::_mfi::mf1<void, TacView, SkillEffect *>, boost::_bi::list2<boost::_bi::value<TacView *>, boost::arg<1>>>",80779b60,4,80013cac
"boost::_bi::bind_t<void, boost::_mfi::mf1<void, TacView, SkillEffect *>, boost::_bi::list2<boost::_bi::value<TacView *>, boost::arg<1>>>",80779b60,5,800ef3e0
"boost::_bi::bind_t<void, boost::_mfi::mf1<void, TacView, SkillEffect *>, boost::_bi::list2<boost::_bi::value<TacView *>, boost::arg<1>>>",80779b60,6,80147b04
"boost::_bi::bind_t<void, boost::_mfi::mf1<void, TacView, SkillEffect *>, boost::_bi::list2<boost::_bi::value<TacView *>, boost::arg<1>>>",80779b60,7,801437d0
"boost::_bi::bind_t<void, boost::_mfi::mf1<void, TacView, SkillEffect *>, boost::_bi::list2<boost::_bi::value<TacView *>, boost::arg<1>>>",80779b60,8,800ef3dc
"boost::_bi::bind_t<void, boost::_mfi::mf1<void, TacView, SkillEffect *>, boost::_bi::list2<boost::_bi::value<TacView *>, boost::arg<1>>>",80779b60,9,800ebf1c
"boost::_bi::bind_t<void, boost::_mfi::mf1<void, TacView, SkillEffect *>, boost::_bi::list2<boost::_bi::value<TacView *>, boost::arg<1>>>",80779b60,10,8014bdb0
"boost::_bi::bind_t<void, boost::_mfi::mf1<void, TacView, SkillEffect *>, boost::_bi::list2<boost::_bi::value<TacView *>, boost::arg<1>>>",80779b60,11,8013c564
"boost::_bi::bind_t<void, boost::_mfi::mf1<void, TacView, SkillEffect *>, boost::_bi::list2<boost::_bi::value<TacView *>, boost::arg<1>>>",80779b60,12,800ef3d8
"boost::_bi::bind_t<void, boost::_mfi::mf1<void, TacView, SkillEffect *>, boost::_bi::list2<boost::_bi::value<TacView *>, boost::arg<1>>>",80779b60,13,801513d0
"boost::_bi::bind_t<void, boost::_mfi::mf1<void, TacView, SkillEffect *>, boost::_bi::list2<boost::_bi::value<TacView *>, boost::arg<1>>>",80779b60,14,800e854c
"boost::_bi::bind_t<void, boost::_mfi::mf1<void, TacView, SkillEffect *>, boost::_bi::list2<boost::_bi::value<TacView *>, boost::arg<1>>>",80779b60,15,800e8630
"boost::_bi::bind_t<void, boost::_mfi::mf1<void, TacView, SkillEffect *>, boost::_bi::list2<boost::_bi::value<TacView *>, boost::arg<1>>>",80779b60,16,80153004
"boost::_bi::bind_t<void, boost::_mfi::mf1<void, TacView, SkillEffect *>, boost::_bi::list2<boost::_bi::value<TacView *>, boost::arg<1>>>",80779b60,17,80152a24
"boost::_bi::bind_t<void, boost::_mfi::mf1<void, TacView, SkillEffect *>, boost::_bi::list2<boost::_bi::value<TacView *>, boost::arg<1>>>",80779b60,18,80148340
"boost::_bi::bind_t<void, boost::_mfi::mf1<void, TacView, SkillEffect *>, boost::_bi::list2<boost::_bi::value<TacView *>, boost::arg<1>>>",80779b60,19,801489cc
"boost::_bi::bind_t<void, boost::_mfi::mf1<void, TacView, SkillEffect *>, boost::_bi::list2<boost::_bi::value<TacView *>, boost::arg<1>>>",80779b60,20,800ef394
"boost::_bi::bind_t<void, boost::_mfi::mf1<void, TacView, SkillEffect *>, boost::_bi::list2<boost::_bi::value<TacView *>, boost::arg<1>>>",80779b60,21,801501f0
"boost::_bi::bind_t<void, boost::_mfi::mf1<void, TacView, SkillEffect *>, boost::_bi::list2<boost::_bi::value<TacView *>, boost::arg<1>>>",80779b60,22,800ef38c
"boost::_bi::bind_t<void, boost::_mfi::mf1<void, TacView, SkillEffect *>, boost::_bi::list2<boost::_bi::value<TacView *>, boost::arg<1>>>",80779b60,23,80138d70
"boost::_bi::bind_t<void, boost::_mfi::mf1<void, TacView, SkillEffect *>, boost::_bi::list2<boost::_bi::value<TacView *>, boost::arg<1>>>",80779b60,24,800e8fac
"boost::_bi::bind_t<void, boost::_mfi::mf1<void, TacView, SkillEffect *>, boost::_bi::list2<boost::_bi::value<TacView *>, boost::arg<1>>>",80779b60,25,800e8fb4
"boost::_bi::bind_t<void, boost::_mfi::mf1<void, TacView, SkillEffect *>, boost::_bi::list2<boost::_bi::value<TacView *>, boost::arg<1>>>",80779b60,26,800e8fa4
"boost::_bi::bind_t<void, boost::_mfi::mf1<void, TacView, SkillEffect *>, boost::_bi::list2<boost::_bi::value<TacView *>, boost::arg<1>>>",80779b60,27,80155494
"boost::_bi::bind_t<void, boost::_mfi::mf1<void, TacView, SkillEffect *>, boost::_bi::list2<boost::_bi::value<TacView *>, boost::arg<1>>>",80779b60,28,80158d60
"boost::_bi::bind_t<void, boost::_mfi::mf1<void, TacView, SkillEffect *>, boost::_bi::list2<boost::_bi::value<TacView *>, boost::arg<1>>>",80779b60,29,8015dbc8
"boost::_bi::bind_t<void, boost::_mfi::mf1<void, TacView, SkillEffect *>, boost::_bi::list2<boost::_bi::value<TacView *>, boost::arg<1>>>",80779b60,30,801606dc
"boost::_bi::bind_t<void, boost::_mfi::mf1<void, TacView, SkillEffect *>, boost::_bi::list2<boost::_bi::value<TacView *>, boost::arg<1>>>",80779b60,31,80160f54
"boost::_bi::bind_t<void, boost::_mfi::mf1<void, TacView, SkillEffect *>, boost::_bi::list2<boost::_bi::value<TacView *>, boost::arg<1>>>",80779b60,32,80168fcc
"boost::_bi::bind_t<void, boost::_mfi::mf1<void, TacView, SkillEffect *>, boost::_bi::list2<boost::_bi::value<TacView *>, boost::arg<1>>>",80779b60,33,80169c0c
"boost::_bi::bind_t<void, boost::_mfi::mf1<void, TacView, SkillEffect *>, boost::_bi::list2<boost::_bi::value<TacView *>, boost::arg<1>>>",80779b60,34,800ef2ac
"boost::_bi::bind_t<void, boost::_mfi::mf1<void, TacView, SkillEffect *>, boost::_bi::list2<boost::_bi::value<TacView *>, boost::arg<1>>>",80779b60,35,800ef370
"boost::_bi::bind_t<void, boost::_mfi::mf1<void, TacView, SkillEffect *>, boost::_bi::list2<boost::_bi::value<TacView *>, boost::arg<1>>>",80779b60,36,80176b68
"boost::_bi::bind_t<void, boost::_mfi::mf1<void, TacView, SkillEffect *>, boost::_bi::list2<boost::_bi::value<TacView *>, boost::arg<1>>>",80779b60,37,80176d2c
"boost::_bi::bind_t<void, boost::_mfi::mf1<void, TacView, SkillEffect *>, boost::_bi::list2<boost::_bi::value<TacView *>, boost::arg<1>>>",80779b60,38,800ef368
"boost::_bi::bind_t<void, boost::_mfi::mf1<void, TacView, SkillEffect *>, boost::_bi::list2<boost::_bi::value<TacView *>, boost::arg<1>>>",80779b60,39,800ee494
"boost::_bi::bind_t<void, boost::_mfi::mf1<void, TacView, SkillEffect *>, boost::_bi::list2<boost::_bi::value<TacView *>, boost::arg<1>>>",80779b60,40,80041a20
"boost::_bi::bind_t<void, boost::_mfi::mf1<void, TacView, SkillEffect *>, boost::_bi::list2<boost::_bi::value<TacView *>, boost::arg<1>>>",80779b60,41,800ef324
"boost::_bi::bind_t<void, boost::_mfi::mf1<void, TacView, SkillEffect *>, boost::_bi::list2<boost::_bi::value<TacView *>, boost::arg<1>>>",80779b60,42,800ef31c
"boost::_bi::bind_t<void, boost::_mfi::mf1<void, TacView, SkillEffect *>, boost::_bi::list2<boost::_bi::value<TacView *>, boost::arg<1>>>",80779b60,43,800ef310
"boost::_bi::bind_t<void, boost::_mfi::mf1<void, TacView, SkillEffect *>, boost::_bi::list2<boost::_bi::value<TacView *>, boost::arg<1>>>",80779b60,44,8017b0f8
"boost::_bi::bind_t<void, boost::_mfi::mf1<void, TacView, SkillEffect *>, boost::_bi::list2<boost::_bi::value<TacView *>, boost::arg<1>>>",80779b60,45,800ef308
"boost::_bi::bind_t<void, boost::_mfi::mf1<void, TacView, SkillEffect *>, boost::_bi::list2<boost::_bi::value<TacView *>, boost::arg<1>>>",80779b60,46,800ef304
"boost::_bi::bind_t<void, boost::_mfi::mf1<void, TacView, SkillEffect *>, boost::_bi::list2<boost::_bi::value<TacView *>, boost::arg<1>>>",80779b60,47,8017bc58
"boost::_bi::bind_t<void, boost::_mfi::mf1<void, TacView, SkillEffect *>, boost::_bi::list2<boost::_bi::value<TacView *>, boost::arg<1>>>",80779b60,48,800ef2f0
"boost::_bi::bind_t<void, boost::_mfi::mf1<void, TacView, SkillEffect *>, boost::_bi::list2<boost::_bi::value<TacView *>, boost::arg<1>>>",80779b60,49,8017bddc
"boost::_bi::bind_t<void, boost::_mfi::mf1<void, TacView, SkillEffect *>, boost::_bi::list2<boost::_bi::value<TacView *>, boost::arg<1>>>",80779b60,50,8017c4c4
"boost::_bi::bind_t<void, boost::_mfi::mf1<void, TacView, SkillEffect *>, boost::_bi::list2<boost::_bi::value<TacView *>, boost::arg<1>>>",80779b60,51,800ef2b4
"boost::_bi::bind_t<void, boost::_mfi::mf1<void, TacView, SkillEffect *>, boost::_bi::list2<boost::_bi::value<TacView *>, boost::arg<1>>>",80779b60,52,8017c52c
"boost::_bi::bind_t<void, boost::_mfi::mf1<void, TacView, SkillEffect *>, boost::_bi::list2<boost::_bi::value<TacView *>, boost::arg<1>>>",80779b60,53,800ef270
"boost::_bi::bind_t<void, boost::_mfi::mf1<void, TacView, SkillEffect *>, boost::_bi::list2<boost::_bi::value<TacView *>, boost::arg<1>>>",80779b60,54,800ef080
"boost::_bi::bind_t<void, boost::_mfi::mf1<void, TacView, SkillEffect *>, boost::_bi::list2<boost::_bi::value<TacView *>, boost::arg<1>>>",80779b60,55,800ee4d8
"boost::_bi::bind_t<void, boost::_mfi::mf1<void, TacView, SkillEffect *>, boost::_bi::list2<boost::_bi::value<TacView *>, boost::arg<1>>>",80779b60,56,800eafd4
"boost::_bi::bind_t<void, boost::_mfi::mf1<void, TacView, SkillEffect *>, boost::_bi::list2<boost::_bi::value<TacView *>, boost::arg<1>>>",80779b60,57,800ea9d4
"boost::_bi::bind_t<void, boost::_mfi::mf1<void, TacView, SkillEffect *>, boost::_bi::list2<boost::_bi::value<TacView *>, boost::arg<1>>>",80779b60,58,800eacec
"boost::_bi::bind_t<void, boost::_mfi::mf1<void, gmk::HealPoint, SkillEffect *>, boost::_bi::list2<boost::_bi::value<gmk::HealPoint *>, boost::arg<1>>>",8078d648,0,8040ee00
"boost::_bi::bind_t<void, boost::_mfi::mf1<void, gmk::HealPoint, SkillEffect *>, boost::_bi::list2<boost::_bi::value<gmk::HealPoint *>, boost::arg<1>>>",8078d648,1,8040eeb4
"boost::_bi::bind_t<void, boost::_mfi::mf1<void, gmk::HealPoint, SkillEffect *>, boost::_bi::list2<boost::_bi::value<gmk::HealPoint *>, boost::arg<1>>>",8078d648,2,8040f018
"boost::_bi::bind_t<void, boost::_mfi::mf1<void, gmk::HealPoint, SkillEffect *>, boost::_bi::list2<boost::_bi::value<gmk::HealPoint *>, boost::arg<1>>>",8078d648,3,8040f3cc
"boost::_bi::bind_t<void, boost::_mfi::mf1<void, gmk::HealPoint, SkillEffect *>, boost::_bi::list2<boost::_bi::value<gmk::HealPoint *>, boost::arg<1>>>",8078d648,4,80013cac
"boost::_bi::bind_t<void, boost::_mfi::mf1<void, gmk::HealPoint, SkillEffect *>, boost::_bi::list2<boost::_bi::value<gmk::HealPoint *>, boost::arg<1>>>",8078d648,5,8040f42c
"boost::_bi::bind_t<void, boost::_mfi::mf1<void, gmk::HealPoint, SkillEffect *>, boost::_bi::list2<boost::_bi::value<gmk::HealPoint *>, boost::arg<1>>>",8078d648,6,8040f498
"boost::_bi::bind_t<void, boost::_mfi::mf1<void, gmk::HealPoint, SkillEffect *>, boost::_bi::list2<boost::_bi::value<gmk::HealPoint *>, boost::arg<1>>>",8078d648,7,803ecbd0
"boost::_bi::bind_t<void, boost::_mfi::mf1<void, gmk::HealPoint, SkillEffect *>, boost::_bi::list2<boost::_bi::value<gmk::HealPoint *>, boost::arg<1>>>",8078d648,8,8040ef00
"boost::_bi::bind_t<void, boost::_mfi::mf1<void, gmk::HealPoint, SkillEffect *>, boost::_bi::list2<boost::_bi::value<gmk::HealPoint *>, boost::arg<1>>>",8078d648,9,803ecb84
"boost::_bi::bind_t<void, boost::_mfi::mf1<void, gmk::HealPoint, SkillEffect *>, boost::_bi::list2<boost::_bi::value<gmk::HealPoint *>, boost::arg<1>>>",8078d648,10,803edf40
"boost::_bi::bind_t<void, boost::_mfi::mf1<void, gmk::HealPoint, SkillEffect *>, boost::_bi::list2<boost::_bi::value<gmk::HealPoint *>, boost::arg<1>>>",8078d648,11,803edf24
"boost::_bi::bind_t<void, boost::_mfi::mf1<void, gmk::HealPoint, SkillEffect *>, boost::_bi::list2<boost::_bi::value<gmk::HealPoint *>, boost::arg<1>>>",8078d648,12,8040fab8
"boost::_bi::bind_t<void, boost::_mfi::mf1<void, gmk::HealPoint, SkillEffect *>, boost::_bi::list2<boost::_bi::value<gmk::HealPoint *>, boost::arg<1>>>",8078d648,13,803edf20
"boost::_bi::bind_t<void, boost::_mfi::mf1<void, gmk::HealPoint, SkillEffect *>, boost::_bi::list2<boost::_bi::value<gmk::HealPoint *>, boost::arg<1>>>",8078d648,14,8040f690
"boost::_bi::bind_t<void, boost::_mfi::mf1<void, gmk::HealPoint, SkillEffect *>, boost::_bi::list2<boost::_bi::value<gmk::HealPoint *>, boost::arg<1>>>",8078d648,15,800fa4f4
"boost::_bi::bind_t<void, boost::_mfi::mf1<void, gmk::HealPoint, SkillEffect *>, boost::_bi::list2<boost::_bi::value<gmk::HealPoint *>, boost::arg<1>>>",8078d648,16,803ede34
"boost::_bi::bind_t<void, boost::_mfi::mf1<void, gmk::HealPoint, SkillEffect *>, boost::_bi::list2<boost::_bi::value<gmk::HealPoint *>, boost::arg<1>>>",8078d648,17,803edf1c
"boost::_bi::bind_t<void, boost::_mfi::mf1<void, gmk::HealPoint, SkillEffect *>, boost::_bi::list2<boost::_bi::value<gmk::HealPoint *>, boost::arg<1>>>",8078d648,18,802aeabc
"boost::_bi::bind_t<void, boost::_mfi::mf1<void, gmk::HealPoint, SkillEffect *>, boost::_bi::list2<boost::_bi::value<gmk::HealPoint *>, boost::arg<1>>>",8078d648,19,800eb488
"boost::_bi::bind_t<void, boost::_mfi::mf1<void, gmk::HealPoint, SkillEffect *>, boost::_bi::list2<boost::_bi::value<gmk::HealPoint *>, boost::arg<1>>>",8078d648,20,800fa4ec
"boost::_bi::bind_t<void, boost::_mfi::mf1<void, gmk::HealPoint, SkillEffect *>, boost::_bi::list2<boost::_bi::value<gmk::HealPoint *>, boost::arg<1>>>",8078d648,21,80017944
"boost::_bi::bind_t<void, boost::_mfi::mf1<void, gmk::HealPoint, SkillEffect *>, boost::_bi::list2<boost::_bi::value<gmk::HealPoint *>, boost::arg<1>>>",8078d648,22,8040f994
"boost::_bi::bind_t<void, boost::_mfi::mf1<void, gmk::HealPoint, SkillEffect *>, boost::_bi::list2<boost::_bi::value<gmk::HealPoint *>, boost::arg<1>>>",8078d648,23,803a04b8
"boost::_bi::bind_t<void, boost::_mfi::mf1<void, gmk::HealPoint, SkillEffect *>, boost::_bi::list2<boost::_bi::value<gmk::HealPoint *>, boost::arg<1>>>",8078d648,24,800e2fdc
"boost::_bi::bind_t<void, boost::_mfi::mf1<void, gmk::HealPoint, SkillEffect *>, boost::_bi::list2<boost::_bi::value<gmk::HealPoint *>, boost::arg<1>>>",8078d648,25,803ed92c
"boost::_bi::bind_t<void, boost::_mfi::mf1<void, gmk::HealPoint, SkillEffect *>, boost::_bi::list2<boost::_bi::value<gmk::HealPoint *>, boost::arg<1>>>",8078d648,26,803edaf0
"boost::_bi::bind_t<void, boost::_mfi::mf2<void, CharaFaceControl, atn::MotionBuffer *, int>, boost::_bi::list3<boost::_bi::value<CharaFaceControl *>, boost::arg<1>, boost::arg<2>>>",8077a160,0,8011fe64
"boost::_bi::bind_t<void, boost::_mfi::mf2<void, CharaFaceControl, atn::MotionBuffer *, int>, boost::_bi::list3<boost::_bi::value<CharaFaceControl *>, boost::arg<1>, boost::arg<2>>>",8077a160,1,8011febc
"boost::_bi::bind_t<void, boost::_mfi::mf2<void, CharaFaceControl, atn::MotionBuffer *, int>, boost::_bi::list3<boost::_bi::value<CharaFaceControl *>, boost::arg<1>, boost::arg<2>>>",8077a160,2,8011fc84
"boost::_bi::bind_t<void, boost::_mfi::mf2<void, CharaFaceControl, atn::MotionBuffer *, int>, boost::_bi::list3<boost::_bi::value<CharaFaceControl *>, boost::arg<1>, boost::arg<2>>>",8077a160,3,8011fd04
"boost::_bi::bind_t<void, boost::_mfi::mf2<void, CharaFaceControl, atn::MotionBuffer *, int>, boost::_bi::list3<boost::_bi::value<CharaFaceControl *>, boost::arg<1>, boost::arg<2>>>",8077a160,4,80013cac
"boost::_bi::bind_t<void, boost::_mfi::mf2<void, CharaFaceControl, atn::MotionBuffer *, int>, boost::_bi::list3<boost::_bi::value<CharaFaceControl *>, boost::arg<1>, boost::arg<2>>>",8077a160,5,8011fdb4
"boost::_bi::bind_t<void, boost::_mfi::mf2<void, CharaTask, int, float>, boost::_bi::list3<boost::_bi::value<CharaTask *>, boost::_bi::value<bool>, boost::_bi::value<float>>>",80781738,0,801c03dc
"boost::_bi::bind_t<void, boost::_mfi::mf2<void, CharaTask, int, float>, boost::_bi::list3<boost::_bi::value<CharaTask *>, boost::_bi::value<bool>, boost::_bi::value<float>>>",80781738,1,801b3098
"boost::_bi::bind_t<void, boost::_mfi::mf2<void, CharaTask, int, float>, boost::_bi::list3<boost::_bi::value<CharaTask *>, boost::_bi::value<bool>, boost::_bi::value<float>>>",80781738,2,80192758
"boost::_bi::bind_t<void, boost::_mfi::mf2<void, CharaTask, int, float>, boost::_bi::list3<boost::_bi::value<CharaTask *>, boost::_bi::value<bool>, boost::_bi::value<float>>>",80781738,3,80192578
"boost::_bi::bind_t<void, boost::_mfi::mf2<void, CharaTask, int, float>, boost::_bi::list3<boost::_bi::value<CharaTask *>, boost::_bi::value<bool>, boost::_bi::value<float>>>",80781738,4,80192590
"boost::_bi::bind_t<void, boost::_mfi::mf2<void, CharaTask, int, float>, boost::_bi::list3<boost::_bi::value<CharaTask *>, boost::_bi::value<bool>, boost::_bi::value<float>>>",80781738,5,800e70a8
"boost::_bi::bind_t<void, boost::_mfi::mf2<void, CharaTask, int, float>, boost::_bi::list3<boost::_bi::value<CharaTask *>, boost::_bi::value<bool>, boost::_bi::value<float>>>",80781738,6,80158c9c
"boost::_bi::bind_t<void, boost::_mfi::mf2<void, CharaTask, int, float>, boost::_bi::list3<boost::_bi::value<CharaTask *>, boost::_bi::value<bool>, boost::_bi::value<float>>>",80781738,7,80158d58
"boost::_bi::bind_t<void, boost::_mfi::mf2<void, CharaTask, int, float>, boost::_bi::list3<boost::_bi::value<CharaTask *>, boost::_bi::value<bool>, boost::_bi::value<float>>>",80781738,8,80158e14
"boost::_bi::bind_t<void, boost::_mfi::mf2<void, CharaTask, int, float>, boost::_bi::list3<boost::_bi::value<CharaTask *>, boost::_bi::value<bool>, boost::_bi::value<float>>>",80781738,9,800fcd1c
"boost::_bi::bind_t<void, boost::_mfi::mf2<void, CharaTask, int, float>, boost::_bi::list3<boost::_bi::value<CharaTask *>, boost::_bi::value<bool>, boost::_bi::value<float>>>",80781738,10,800e60fc
"boost::_bi::bind_t<void, boost::_mfi::mf2<void, CharaTask, int, float>, boost::_bi::list3<boost::_bi::value<CharaTask *>, boost::_bi::value<bool>, boost::_bi::value<float>>>",80781738,11,8017a220
"boost::_bi::bind_t<void, boost::_mfi::mf2<void, CharaTask, int, float>, boost::_bi::list3<boost::_bi::value<CharaTask *>, boost::_bi::value<bool>, boost::_bi::value<float>>>",80781738,12,8017a2f8
"boost::_bi::bind_t<void, boost::_mfi::mf2<void, CharaTask, int, float>, boost::_bi::list3<boost::_bi::value<CharaTask *>, boost::_bi::value<bool>, boost::_bi::value<float>>>",80781738,13,801446e8
"boost::_bi::bind_t<void, boost::_mfi::mf2<void, CharaTask, int, float>, boost::_bi::list3<boost::_bi::value<CharaTask *>, boost::_bi::value<bool>, boost::_bi::value<float>>>",80781738,14,80147a0c
"boost::_bi::bind_t<void, boost::_mfi::mf2<void, CharaTask, int, float>, boost::_bi::list3<boost::_bi::value<CharaTask *>, boost::_bi::value<bool>, boost::_bi::value<float>>>",80781738,15,80188088
"boost::_bi::bind_t<void, boost::_mfi::mf2<void, CharaTask, int, float>, boost::_bi::list3<boost::_bi::value<CharaTask *>, boost::_bi::value<bool>, boost::_bi::value<float>>>",80781738,16,80188080
"boost::_bi::bind_t<void, boost::_mfi::mf2<void, CharaTask, int, float>, boost::_bi::list3<boost::_bi::value<CharaTask *>, boost::_bi::value<bool>, boost::_bi::value<float>>>",80781738,17,80188064
"boost::_bi::bind_t<void, boost::_mfi::mf2<void, CharaTask, int, float>, boost::_bi::list3<boost::_bi::value<CharaTask *>, boost::_bi::value<bool>, boost::_bi::value<float>>>",80781738,18,800ee5a4
"boost::_bi::bind_t<void, boost::_mfi::mf2<void, CharaTask, int, float>, boost::_bi::list3<boost::_bi::value<CharaTask *>, boost::_bi::value<bool>, boost::_bi::value<float>>>",80781738,19,80151180
"boost::_bi::bind_t<void, boost::_mfi::mf2<void, CharaTask, int, float>, boost::_bi::list3<boost::_bi::value<CharaTask *>, boost::_bi::value<bool>, boost::_bi::value<float>>>",80781738,20,80147a10
"boost::_bi::bind_t<void, boost::_mfi::mf2<void, CharaTask, int, float>, boost::_bi::list3<boost::_bi::value<CharaTask *>, boost::_bi::value<bool>, boost::_bi::value<float>>>",80781738,21,80188060
"boost::_bi::bind_t<void, boost::_mfi::mf2<void, Em401_01_WhiteLeoPard, atn::Matrix3x4 *, const atn::NodeChunk &>, boost::_bi::list3<boost::_bi::value<Em401_01_WhiteLeoPard *>, boost::arg<1>, boost::arg<2>>>",80788a08,0,8031ec5c
"boost::_bi::bind_t<void, boost::_mfi::mf2<void, Em401_01_WhiteLeoPard, atn::Matrix3x4 *, const atn::NodeChunk &>, boost::_bi::list3<boost::_bi::value<Em401_01_WhiteLeoPard *>, boost::arg<1>, boost::arg<2>>>",80788a08,1,8031ecdc
"boost::_bi::bind_t<void, boost::_mfi::mf2<void, Em401_01_WhiteLeoPard, atn::Matrix3x4 *, const atn::NodeChunk &>, boost::_bi::list3<boost::_bi::value<Em401_01_WhiteLeoPard *>, boost::arg<1>, boost::arg<2>>>",80788a08,2,8031f654
"boost::_bi::bind_t<void, boost::_mfi::mf2<void, Em401_01_WhiteLeoPard, atn::Matrix3x4 *, const atn::NodeChunk &>, boost::_bi::list3<boost::_bi::value<Em401_01_WhiteLeoPard *>, boost::arg<1>, boost::arg<2>>>",80788a08,3,8031f810
"boost::_bi::bind_t<void, boost::_mfi::mf2<void, Em401_01_WhiteLeoPard, atn::Matrix3x4 *, const atn::NodeChunk &>, boost::_bi::list3<boost::_bi::value<Em401_01_WhiteLeoPard *>, boost::arg<1>, boost::arg<2>>>",80788a08,4,80013cac
"boost::_bi::bind_t<void, boost::_mfi::mf2<void, Em401_01_WhiteLeoPard, atn::Matrix3x4 *, const atn::NodeChunk &>, boost::_bi::list3<boost::_bi::value<Em401_01_WhiteLeoPard *>, boost::arg<1>, boost::arg<2>>>",80788a08,5,800ef3e0
"boost::_bi::bind_t<void, boost::_mfi::mf2<void, Em401_01_WhiteLeoPard, atn::Matrix3x4 *, const atn::NodeChunk &>, boost::_bi::list3<boost::_bi::value<Em401_01_WhiteLeoPard *>, boost::arg<1>, boost::arg<2>>>",80788a08,6,80321bcc
"boost::_bi::bind_t<void, boost::_mfi::mf2<void, Em401_01_WhiteLeoPard, atn::Matrix3x4 *, const atn::NodeChunk &>, boost::_bi::list3<boost::_bi::value<Em401_01_WhiteLeoPard *>, boost::arg<1>, boost::arg<2>>>",80788a08,7,8032130c
"boost::_bi::bind_t<void, boost::_mfi::mf2<void, Em401_01_WhiteLeoPard, atn::Matrix3x4 *, const atn::NodeChunk &>, boost::_bi::list3<boost::_bi::value<Em401_01_WhiteLeoPard *>, boost::arg<1>, boost::arg<2>>>",80788a08,8,800ef3dc
"boost::_bi::bind_t<void, boost::_mfi::mf2<void, Em401_01_WhiteLeoPard, atn::Matrix3x4 *, const atn::NodeChunk &>, boost::_bi::list3<boost::_bi::value<Em401_01_WhiteLeoPard *>, boost::arg<1>, boost::arg<2>>>",80788a08,9,800ebf1c
"boost::_bi::bind_t<void, boost::_mfi::mf2<void, Em401_01_WhiteLeoPard, atn::Matrix3x4 *, const atn::NodeChunk &>, boost::_bi::list3<boost::_bi::value<Em401_01_WhiteLeoPard *>, boost::arg<1>, boost::arg<2>>>",80788a08,10,8014bdb0
"boost::_bi::bind_t<void, boost::_mfi::mf2<void, Em401_01_WhiteLeoPard, atn::Matrix3x4 *, const atn::NodeChunk &>, boost::_bi::list3<boost::_bi::value<Em401_01_WhiteLeoPard *>, boost::arg<1>, boost::arg<2>>>",80788a08,11,803209d0
"boost::_bi::bind_t<void, boost::_mfi::mf2<void, Em401_01_WhiteLeoPard, atn::Matrix3x4 *, const atn::NodeChunk &>, boost::_bi::list3<boost::_bi::value<Em401_01_WhiteLeoPard *>, boost::arg<1>, boost::arg<2>>>",80788a08,12,800ef3d8
"boost::_bi::bind_t<void, boost::_mfi::mf2<void, Em401_01_WhiteLeoPard, atn::Matrix3x4 *, const atn::NodeChunk &>, boost::_bi::list3<boost::_bi::value<Em401_01_WhiteLeoPard *>, boost::arg<1>, boost::arg<2>>>",80788a08,13,8031fbfc
"boost::_bi::bind_t<void, boost::_mfi::mf2<void, Em401_01_WhiteLeoPard, atn::Matrix3x4 *, const atn::NodeChunk &>, boost::_bi::list3<boost::_bi::value<Em401_01_WhiteLeoPard *>, boost::arg<1>, boost::arg<2>>>",80788a08,14,800e854c
"boost::_bi::bind_t<void, boost::_mfi::mf2<void, Em401_01_WhiteLeoPard, atn::Matrix3x4 *, const atn::NodeChunk &>, boost::_bi::list3<boost::_bi::value<Em401_01_WhiteLeoPard *>, boost::arg<1>, boost::arg<2>>>",80788a08,15,800e8630
"boost::_bi::bind_t<void, boost::_mfi::mf2<void, Em401_01_WhiteLeoPard, atn::Matrix3x4 *, const atn::NodeChunk &>, boost::_bi::list3<boost::_bi::value<Em401_01_WhiteLeoPard *>, boost::arg<1>, boost::arg<2>>>",80788a08,16,80153004
"boost::_bi::bind_t<void, boost::_mfi::mf2<void, Em401_01_WhiteLeoPard, atn::Matrix3x4 *, const atn::NodeChunk &>, boost::_bi::list3<boost::_bi::value<Em401_01_WhiteLeoPard *>, boost::arg<1>, boost::arg<2>>>",80788a08,17,80152a24
"boost::_bi::bind_t<void, boost::_mfi::mf2<void, Em401_01_WhiteLeoPard, atn::Matrix3x4 *, const atn::NodeChunk &>, boost::_bi::list3<boost::_bi::value<Em401_01_WhiteLeoPard *>, boost::arg<1>, boost::arg<2>>>",80788a08,18,80321e20
"boost::_bi::bind_t<void, boost::_mfi::mf2<void, Em401_01_WhiteLeoPard, atn::Matrix3x4 *, const atn::NodeChunk &>, boost::_bi::list3<boost::_bi::value<Em401_01_WhiteLeoPard *>, boost::arg<1>, boost::arg<2>>>",80788a08,19,8032268c
"boost::_bi::bind_t<void, boost::_mfi::mf2<void, Em401_01_WhiteLeoPard, atn::Matrix3x4 *, const atn::NodeChunk &>, boost::_bi::list3<boost::_bi::value<Em401_01_WhiteLeoPard *>, boost::arg<1>, boost::arg<2>>>",80788a08,20,800ef394
"boost::_bi::bind_t<void, boost::_mfi::mf2<void, Em401_01_WhiteLeoPard, atn::Matrix3x4 *, const atn::NodeChunk &>, boost::_bi::list3<boost::_bi::value<Em401_01_WhiteLeoPard *>, boost::arg<1>, boost::arg<2>>>",80788a08,21,801501f0
"boost::_bi::bind_t<void, boost::_mfi::mf2<void, Em401_01_WhiteLeoPard, atn::Matrix3x4 *, const atn::NodeChunk &>, boost::_bi::list3<boost::_bi::value<Em401_01_WhiteLeoPard *>, boost::arg<1>, boost::arg<2>>>",80788a08,22,800ef38c
"boost::_bi::bind_t<void, boost::_mfi::mf2<void, Em401_01_WhiteLeoPard, atn::Matrix3x4 *, const atn::NodeChunk &>, boost::_bi::list3<boost::_bi::value<Em401_01_WhiteLeoPard *>, boost::arg<1>, boost::arg<2>>>",80788a08,23,80138d70
"boost::_bi::bind_t<void, boost::_mfi::mf2<void, Em401_01_WhiteLeoPard, atn::Matrix3x4 *, const atn::NodeChunk &>, boost::_bi::list3<boost::_bi::value<Em401_01_WhiteLeoPard *>, boost::arg<1>, boost::arg<2>>>",80788a08,24,8035b8b0
"boost::_bi::bind_t<void, boost::_mfi::mf2<void, Em401_01_WhiteLeoPard, atn::Matrix3x4 *, const atn::NodeChunk &>, boost::_bi::list3<boost::_bi::value<Em401_01_WhiteLeoPard *>, boost::arg<1>, boost::arg<2>>>",80788a08,25,8035bbcc
"boost::_bi::bind_t<void, boost::_mfi::mf2<void, Em401_01_WhiteLeoPard, atn::Matrix3x4 *, const atn::NodeChunk &>, boost::_bi::list3<boost::_bi::value<Em401_01_WhiteLeoPard *>, boost::arg<1>, boost::arg<2>>>",80788a08,26,800e8fa4
"boost::_bi::bind_t<void, boost::_mfi::mf2<void, Em401_01_WhiteLeoPard, atn::Matrix3x4 *, const atn::NodeChunk &>, boost::_bi::list3<boost::_bi::value<Em401_01_WhiteLeoPard *>, boost::arg<1>, boost::arg<2>>>",80788a08,27,80155494
"boost::_bi::bind_t<void, boost::_mfi::mf2<void, Em401_01_WhiteLeoPard, atn::Matrix3x4 *, const atn::NodeChunk &>, boost::_bi::list3<boost::_bi::value<Em401_01_WhiteLeoPard *>, boost::arg<1>, boost::arg<2>>>",80788a08,28,80158d60
"boost::_bi::bind_t<void, boost::_mfi::mf2<void, Em401_01_WhiteLeoPard, atn::Matrix3x4 *, const atn::NodeChunk &>, boost::_bi::list3<boost::_bi::value<Em401_01_WhiteLeoPard *>, boost::arg<1>, boost::arg<2>>>",80788a08,29,8015dbc8
"boost::_bi::bind_t<void, boost::_mfi::mf2<void, Em401_01_WhiteLeoPard, atn::Matrix3x4 *, const atn::NodeChunk &>, boost::_bi::list3<boost::_bi::value<Em401_01_WhiteLeoPard *>, boost::arg<1>, boost::arg<2>>>",80788a08,30,801606dc
"boost::_bi::bind_t<void, boost::_mfi::mf2<void, Em401_01_WhiteLeoPard, atn::Matrix3x4 *, const atn::NodeChunk &>, boost::_bi::list3<boost::_bi::value<Em401_01_WhiteLeoPard *>, boost::arg<1>, boost::arg<2>>>",80788a08,31,80160f54
"boost::_bi::bind_t<void, boost::_mfi::mf2<void, Em401_01_WhiteLeoPard, atn::Matrix3x4 *, const atn::NodeChunk &>, boost::_bi::list3<boost::_bi::value<Em401_01_WhiteLeoPard *>, boost::arg<1>, boost::arg<2>>>",80788a08,32,80168fcc
"boost::_bi::bind_t<void, boost::_mfi::mf2<void, Em401_01_WhiteLeoPard, atn::Matrix3x4 *, const atn::NodeChunk &>, boost::_bi::list3<boost::_bi::value<Em401_01_WhiteLeoPard *>, boost::arg<1>, boost::arg<2>>>",80788a08,33,80169c0c
"boost::_bi::bind_t<void, boost::_mfi::mf2<void, Em401_01_WhiteLeoPard, atn::Matrix3x4 *, const atn::NodeChunk &>, boost::_bi::list3<boost::_bi::value<Em401_01_WhiteLeoPard *>, boost::arg<1>, boost::arg<2>>>",80788a08,34,800ef2ac
"boost::_bi::bind_t<void, boost::_mfi::mf2<void, Em401_01_WhiteLeoPard, atn::Matrix3x4 *, const atn::NodeChunk &>, boost::_bi::list3<boost::_bi::value<Em401_01_WhiteLeoPard *>, boost::arg<1>, boost::arg<2>>>",80788a08,35,800ef370
"boost::_bi::bind_t<void, boost::_mfi::mf2<void, Em401_01_WhiteLeoPard, atn::Matrix3x4 *, const atn::NodeChunk &>, boost::_bi::list3<boost::_bi::value<Em401_01_WhiteLeoPard *>, boost::arg<1>, boost::arg<2>>>",80788a08,36,80176b68
"boost::_bi::bind_t<void, boost::_mfi::mf2<void, Em401_01_WhiteLeoPard, atn::Matrix3x4 *, const atn::NodeChunk &>, boost::_bi::list3<boost::_bi::value<Em401_01_WhiteLeoPard *>, boost::arg<1>, boost::arg<2>>>",80788a08,37,80176d2c
"boost::_bi::bind_t<void, boost::_mfi::mf2<void, Em401_01_WhiteLeoPard, atn::Matrix3x4 *, const atn::NodeChunk &>, boost::_bi::list3<boost::_bi::value<Em401_01_WhiteLeoPard *>, boost::arg<1>, boost::arg<2>>>",80788a08,38,800ef368
"boost::_bi::bind_t<void, boost::_mfi::mf2<void, Em401_01_WhiteLeoPard, atn::Matrix3x4 *, const atn::NodeChunk &>, boost::_bi::list3<boost::_bi::value<Em401_01_WhiteLeoPard *>, boost::arg<1>, boost::arg<2>>>",80788a08,39,800ee494
"boost::_bi::bind_t<void, boost::_mfi::mf2<void, Em401_01_WhiteLeoPard, atn::Matrix3x4 *, const atn::NodeChunk &>, boost::_bi::list3<boost::_bi::value<Em401_01_WhiteLeoPard *>, boost::arg<1>, boost::arg<2>>>",80788a08,40,80041a20
"boost::_bi::bind_t<void, boost::_mfi::mf2<void, Em401_01_WhiteLeoPard, atn::Matrix3x4 *, const atn::NodeChunk &>, boost::_bi::list3<boost::_bi::value<Em401_01_WhiteLeoPard *>, boost::arg<1>, boost::arg<2>>>",80788a08,41,800ef324
"boost::_bi::bind_t<void, boost::_mfi::mf2<void, Em401_01_WhiteLeoPard, atn::Matrix3x4 *, const atn::NodeChunk &>, boost::_bi::list3<boost::_bi::value<Em401_01_WhiteLeoPard *>, boost::arg<1>, boost::arg<2>>>",80788a08,42,800ef31c
"boost::_bi::bind_t<void, boost::_mfi::mf2<void, Em401_01_WhiteLeoPard, atn::Matrix3x4 *, const atn::NodeChunk &>, boost::_bi::list3<boost::_bi::value<Em401_01_WhiteLeoPard *>, boost::arg<1>, boost::arg<2>>>",80788a08,43,800ef310
"boost::_bi::bind_t<void, boost::_mfi::mf2<void, Em401_01_WhiteLeoPard, atn::Matrix3x4 *, const atn::NodeChunk &>, boost::_bi::list3<boost::_bi::value<Em401_01_WhiteLeoPard *>, boost::arg<1>, boost::arg<2>>>",80788a08,44,8017b0f8
"boost::_bi::bind_t<void, boost::_mfi::mf2<void, Em401_01_WhiteLeoPard, atn::Matrix3x4 *, const atn::NodeChunk &>, boost::_bi::list3<boost::_bi::value<Em401_01_WhiteLeoPard *>, boost::arg<1>, boost::arg<2>>>",80788a08,45,800ef308
"boost::_bi::bind_t<void, boost::_mfi::mf2<void, Em401_01_WhiteLeoPard, atn::Matrix3x4 *, const atn::NodeChunk &>, boost::_bi::list3<boost::_bi::value<Em401_01_WhiteLeoPard *>, boost::arg<1>, boost::arg<2>>>",80788a08,46,800ef304
"boost::_bi::bind_t<void, boost::_mfi::mf2<void, Em401_01_WhiteLeoPard, atn::Matrix3x4 *, const atn::NodeChunk &>, boost::_bi::list3<boost::_bi::value<Em401_01_WhiteLeoPard *>, boost::arg<1>, boost::arg<2>>>",80788a08,47,8017bc58
"boost::_bi::bind_t<void, boost::_mfi::mf2<void, Em401_01_WhiteLeoPard, atn::Matrix3x4 *, const atn::NodeChunk &>, boost::_bi::list3<boost::_bi::value<Em401_01_WhiteLeoPard *>, boost::arg<1>, boost::arg<2>>>",80788a08,48,800ef2f0
"boost::_bi::bind_t<void, boost::_mfi::mf2<void, Em401_01_WhiteLeoPard, atn::Matrix3x4 *, const atn::NodeChunk &>, boost::_bi::list3<boost::_bi::value<Em401_01_WhiteLeoPard *>, boost::arg<1>, boost::arg<2>>>",80788a08,49,8017bddc
"boost::_bi::bind_t<void, boost::_mfi::mf2<void, Em401_01_WhiteLeoPard, atn::Matrix3x4 *, const atn::NodeChunk &>, boost::_bi::list3<boost::_bi::value<Em401_01_WhiteLeoPard *>, boost::arg<1>, boost::arg<2>>>",80788a08,50,8017c4c4
"boost::_bi::bind_t<void, boost::_mfi::mf2<void, Em401_01_WhiteLeoPard, atn::Matrix3x4 *, const atn::NodeChunk &>, boost::_bi::list3<boost::_bi::value<Em401_01_WhiteLeoPard *>, boost::arg<1>, boost::arg<2>>>",80788a08,51,800ef2b4
"boost::_bi::bind_t<void, boost::_mfi::mf2<void, Em401_01_WhiteLeoPard, atn::Matrix3x4 *, const atn::NodeChunk &>, boost::_bi::list3<boost::_bi::value<Em401_01_WhiteLeoPard *>, boost::arg<1>, boost::arg<2>>>",80788a08,52,8017c52c
"boost::_bi::bind_t<void, boost::_mfi::mf2<void, Em401_01_WhiteLeoPard, atn::Matrix3x4 *, const atn::NodeChunk &>, boost::_bi::list3<boost::_bi::value<Em401_01_WhiteLeoPard *>, boost::arg<1>, boost::arg<2>>>",80788a08,53,800ef270
"boost::_bi::bind_t<void, boost::_mfi::mf2<void, Em401_01_WhiteLeoPard, atn::Matrix3x4 *, const atn::NodeChunk &>, boost::_bi::list3<boost::_bi::value<Em401_01_WhiteLeoPard *>, boost::arg<1>, boost::arg<2>>>",80788a08,54,800ef080
"boost::_bi::bind_t<void, boost::_mfi::mf2<void, Em401_01_WhiteLeoPard, atn::Matrix3x4 *, const atn::NodeChunk &>, boost::_bi::list3<boost::_bi::value<Em401_01_WhiteLeoPard *>, boost::arg<1>, boost::arg<2>>>",80788a08,55,800ee4d8
"boost::_bi::bind_t<void, boost::_mfi::mf2<void, Em401_01_WhiteLeoPard, atn::Matrix3x4 *, const atn::NodeChunk &>, boost::_bi::list3<boost::_bi::value<Em401_01_WhiteLeoPard *>, boost::arg<1>, boost::arg<2>>>",80788a08,56,800eafd4
"boost::_bi::bind_t<void, boost::_mfi::mf2<void, Em401_01_WhiteLeoPard, atn::Matrix3x4 *, const atn::NodeChunk &>, boost::_bi::list3<boost::_bi::value<Em401_01_WhiteLeoPard *>, boost::arg<1>, boost::arg<2>>>",80788a08,57,800ea9d4
"boost::_bi::bind_t<void, boost::_mfi::mf2<void, Em401_01_WhiteLeoPard, atn::Matrix3x4 *, const atn::NodeChunk &>, boost::_bi::list3<boost::_bi::value<Em401_01_WhiteLeoPard *>, boost::arg<1>, boost::arg<2>>>",80788a08,58,800eacec
"boost::_bi::bind_t<void, boost::_mfi::mf2<void, Em401_01_WhiteLeoPard, atn::Matrix3x4 *, const atn::NodeChunk &>, boost::_bi::list3<boost::_bi::value<Em401_01_WhiteLeoPard *>, boost::arg<1>, boost::arg<2>>>",80788a08,59,80180594
"boost::_bi::bind_t<void, boost::_mfi::mf2<void, Em403WarLion, atn::Matrix3x4 *, const atn::NodeChunk &>, boost::_bi::list3<boost::_bi::value<Em403WarLion *>, boost::arg<1>, boost::arg<2>>>",80788bc8,0,80322e10
"boost::_bi::bind_t<void, boost::_mfi::mf2<void, Em403WarLion, atn::Matrix3x4 *, const atn::NodeChunk &>, boost::_bi::list3<boost::_bi::value<Em403WarLion *>, boost::arg<1>, boost::arg<2>>>",80788bc8,1,80322f74
"boost::_bi::bind_t<void, boost::_mfi::mf2<void, Em403WarLion, atn::Matrix3x4 *, const atn::NodeChunk &>, boost::_bi::list3<boost::_bi::value<Em403WarLion *>, boost::arg<1>, boost::arg<2>>>",80788bc8,2,80323690
"boost::_bi::bind_t<void, boost::_mfi::mf2<void, Em403WarLion, atn::Matrix3x4 *, const atn::NodeChunk &>, boost::_bi::list3<boost::_bi::value<Em403WarLion *>, boost::arg<1>, boost::arg<2>>>",80788bc8,3,80323c6c
"boost::_bi::bind_t<void, boost::_mfi::mf2<void, Em403WarLion, atn::Matrix3x4 *, const atn::NodeChunk &>, boost::_bi::list3<boost::_bi::value<Em403WarLion *>, boost::arg<1>, boost::arg<2>>>",80788bc8,4,80013cac
"boost::_bi::bind_t<void, boost::_mfi::mf2<void, Em403WarLion, atn::Matrix3x4 *, const atn::NodeChunk &>, boost::_bi::list3<boost::_bi::value<Em403WarLion *>, boost::arg<1>, boost::arg<2>>>",80788bc8,5,800ef3e0
"boost::_bi::bind_t<void, boost::_mfi::mf2<void, Em403WarLion, atn::Matrix3x4 *, const atn::NodeChunk &>, boost::_bi::list3<boost::_bi::value<Em403WarLion *>, boost::arg<1>, boost::arg<2>>>",80788bc8,6,80325ba0
"boost::_bi::bind_t<void, boost::_mfi::mf2<void, Em403WarLion, atn::Matrix3x4 *, const atn::NodeChunk &>, boost::_bi::list3<boost::_bi::value<Em403WarLion *>, boost::arg<1>, boost::arg<2>>>",80788bc8,7,803252e0
"boost::_bi::bind_t<void, boost::_mfi::mf2<void, Em403WarLion, atn::Matrix3x4 *, const atn::NodeChunk &>, boost::_bi::list3<boost::_bi::value<Em403WarLion *>, boost::arg<1>, boost::arg<2>>>",80788bc8,8,800ef3dc
"boost::_bi::bind_t<void, boost::_mfi::mf2<void, Em403WarLion, atn::Matrix3x4 *, const atn::NodeChunk &>, boost::_bi::list3<boost::_bi::value<Em403WarLion *>, boost::arg<1>, boost::arg<2>>>",80788bc8,9,800ebf1c
"boost::_bi::bind_t<void, boost::_mfi::mf2<void, Em403WarLion, atn::Matrix3x4 *, const atn::NodeChunk &>, boost::_bi::list3<boost::_bi::value<Em403WarLion *>, boost::arg<1>, boost::arg<2>>>",80788bc8,10,8014bdb0
"boost::_bi::bind_t<void, boost::_mfi::mf2<void, Em403WarLion, atn::Matrix3x4 *, const atn::NodeChunk &>, boost::_bi::list3<boost::_bi::value<Em403WarLion *>, boost::arg<1>, boost::arg<2>>>",80788bc8,11,8013c564
"boost::_bi::bind_t<void, boost::_mfi::mf2<void, Em403WarLion, atn::Matrix3x4 *, const atn::NodeChunk &>, boost::_bi::list3<boost::_bi::value<Em403WarLion *>, boost::arg<1>, boost::arg<2>>>",80788bc8,12,800ef3d8
"boost::_bi::bind_t<void, boost::_mfi::mf2<void, Em403WarLion, atn::Matrix3x4 *, const atn::NodeChunk &>, boost::_bi::list3<boost::_bi::value<Em403WarLion *>, boost::arg<1>, boost::arg<2>>>",80788bc8,13,80323cdc
"boost::_bi::bind_t<void, boost::_mfi::mf2<void, Em403WarLion, atn::Matrix3x4 *, const atn::NodeChunk &>, boost::_bi::list3<boost::_bi::value<Em403WarLion *>, boost::arg<1>, boost::arg<2>>>",80788bc8,14,80323e50
"boost::_bi::bind_t<void, boost::_mfi::mf2<void, Em403WarLion, atn::Matrix3x4 *, const atn::NodeChunk &>, boost::_bi::list3<boost::_bi::value<Em403WarLion *>, boost::arg<1>, boost::arg<2>>>",80788bc8,15,800e8630
"boost::_bi::bind_t<void, boost::_mfi::mf2<void, Em403WarLion, atn::Matrix3x4 *, const atn::NodeChunk &>, boost::_bi::list3<boost::_bi::value<Em403WarLion *>, boost::arg<1>, boost::arg<2>>>",80788bc8,16,80153004
"boost::_bi::bind_t<void, boost::_mfi::mf2<void, Em403WarLion, atn::Matrix3x4 *, const atn::NodeChunk &>, boost::_bi::list3<boost::_bi::value<Em403WarLion *>, boost::arg<1>, boost::arg<2>>>",80788bc8,17,80152a24
"boost::_bi::bind_t<void, boost::_mfi::mf2<void, Em403WarLion, atn::Matrix3x4 *, const atn::NodeChunk &>, boost::_bi::list3<boost::_bi::value<Em403WarLion *>, boost::arg<1>, boost::arg<2>>>",80788bc8,18,80325f2c
"boost::_bi::bind_t<void, boost::_mfi::mf2<void, Em403WarLion, atn::Matrix3x4 *, const atn::NodeChunk &>, boost::_bi::list3<boost::_bi::value<Em403WarLion *>, boost::arg<1>, boost::arg<2>>>",80788bc8,19,80326798
"boost::_bi::bind_t<void, boost::_mfi::mf2<void, Em403WarLion, atn::Matrix3x4 *, const atn::NodeChunk &>, boost::_bi::list3<boost::_bi::value<Em403WarLion *>, boost::arg<1>, boost::arg<2>>>",80788bc8,20,800ef394
"boost::_bi::bind_t<void, boost::_mfi::mf2<void, Em403WarLion, atn::Matrix3x4 *, const atn::NodeChunk &>, boost::_bi::list3<boost::_bi::value<Em403WarLion *>, boost::arg<1>, boost::arg<2>>>",80788bc8,21,801501f0
"boost::_bi::bind_t<void, boost::_mfi::mf2<void, Em403WarLion, atn::Matrix3x4 *, const atn::NodeChunk &>, boost::_bi::list3<boost::_bi::value<Em403WarLion *>, boost::arg<1>, boost::arg<2>>>",80788bc8,22,800ef38c
"boost::_bi::bind_t<void, boost::_mfi::mf2<void, Em403WarLion, atn::Matrix3x4 *, const atn::NodeChunk &>, boost::_bi::list3<boost::_bi::value<Em403WarLion *>, boost::arg<1>, boost::arg<2>>>",80788bc8,23,80138d70
"boost::_bi::bind_t<void, boost::_mfi::mf2<void, Em403WarLion, atn::Matrix3x4 *, const atn::NodeChunk &>, boost::_bi::list3<boost::_bi::value<Em403WarLion *>, boost::arg<1>, boost::arg<2>>>",80788bc8,24,8035b8b0
"boost::_bi::bind_t<void, boost::_mfi::mf2<void, Em403WarLion, atn::Matrix3x4 *, const atn::NodeChunk &>, boost::_bi::list3<boost::_bi::value<Em403WarLion *>, boost::arg<1>, boost::arg<2>>>",80788bc8,25,8035bbcc
"boost::_bi::bind_t<void, boost::_mfi::mf2<void, Em403WarLion, atn::Matrix3x4 *, const atn::NodeChunk &>, boost::_bi::list3<boost::_bi::value<Em403WarLion *>, boost::arg<1>, boost::arg<2>>>",80788bc8,26,800e8fa4
"boost::_bi::bind_t<void, boost::_mfi::mf2<void, Em403WarLion, atn::Matrix3x4 *, const atn::NodeChunk &>, boost::_bi::list3<boost::_bi::value<Em403WarLion *>, boost::arg<1>, boost::arg<2>>>",80788bc8,27,80155494
"boost::_bi::bind_t<void, boost::_mfi::mf2<void, Em403WarLion, atn::Matrix3x4 *, const atn::NodeChunk &>, boost::_bi::list3<boost::_bi::value<Em403WarLion *>, boost::arg<1>, boost::arg<2>>>",80788bc8,28,80158d60
"boost::_bi::bind_t<void, boost::_mfi::mf2<void, Em403WarLion, atn::Matrix3x4 *, const atn::NodeChunk &>, boost::_bi::list3<boost::_bi::value<Em403WarLion *>, boost::arg<1>, boost::arg<2>>>",80788bc8,29,8015dbc8
"boost::_bi::bind_t<void, boost::_mfi::mf2<void, Em403WarLion, atn::Matrix3x4 *, const atn::NodeChunk &>, boost::_bi::list3<boost::_bi::value<Em403WarLion *>, boost::arg<1>, boost::arg<2>>>",80788bc8,30,801606dc
"boost::_bi::bind_t<void, boost::_mfi::mf2<void, Em403WarLion, atn::Matrix3x4 *, const atn::NodeChunk &>, boost::_bi::list3<boost::_bi::value<Em403WarLion *>, boost::arg<1>, boost::arg<2>>>",80788bc8,31,80160f54
"boost::_bi::bind_t<void, boost::_mfi::mf2<void, Em403WarLion, atn::Matrix3x4 *, const atn::NodeChunk &>, boost::_bi::list3<boost::_bi::value<Em403WarLion *>, boost::arg<1>, boost::arg<2>>>",80788bc8,32,80168fcc
"boost::_bi::bind_t<void, boost::_mfi::mf2<void, Em403WarLion, atn::Matrix3x4 *, const atn::NodeChunk &>, boost::_bi::list3<boost::_bi::value<Em403WarLion *>, boost::arg<1>, boost::arg<2>>>",80788bc8,33,80169c0c
"boost::_bi::bind_t<void, boost::_mfi::mf2<void, Em403WarLion, atn::Matrix3x4 *, const atn::NodeChunk &>, boost::_bi::list3<boost::_bi::value<Em403WarLion *>, boost::arg<1>, boost::arg<2>>>",80788bc8,34,8032c524
"boost::_bi::bind_t<void, boost::_mfi::mf2<void, Em403WarLion, atn::Matrix3x4 *, const atn::NodeChunk &>, boost::_bi::list3<boost::_bi::value<Em403WarLion *>, boost::arg<1>, boost::arg<2>>>",80788bc8,35,8032418c
"boost::_bi::bind_t<void, boost::_mfi::mf2<void, Em403WarLion, atn::Matrix3x4 *, const atn::NodeChunk &>, boost::_bi::list3<boost::_bi::value<Em403WarLion *>, boost::arg<1>, boost::arg<2>>>",80788bc8,36,80176b68
"boost::_bi::bind_t<void, boost::_mfi::mf2<void, Em403WarLion, atn::Matrix3x4 *, const atn::NodeChunk &>, boost::_bi::list3<boost::_bi::value<Em403WarLion *>, boost::arg<1>, boost::arg<2>>>",80788bc8,37,80176d2c
"boost::_bi::bind_t<void, boost::_mfi::mf2<void, Em403WarLion, atn::Matrix3x4 *, const atn::NodeChunk &>, boost::_bi::list3<boost::_bi::value<Em403WarLion *>, boost::arg<1>, boost::arg<2>>>",80788bc8,38,800ef368
"boost::_bi::bind_t<void, boost::_mfi::mf2<void, Em403WarLion, atn::Matrix3x4 *, const atn::NodeChunk &>, boost::_bi::list3<boost::_bi::value<Em403WarLion *>, boost::arg<1>, boost::arg<2>>>",80788bc8,39,800ee494
"boost::_bi::bind_t<void, boost::_mfi::mf2<void, Em403WarLion, atn::Matrix3x4 *, const atn::NodeChunk &>, boost::_bi::list3<boost::_bi::value<Em403WarLion *>, boost::arg<1>, boost::arg<2>>>",80788bc8,40,80041a20
"boost::_bi::bind_t<void, boost::_mfi::mf2<void, Em403WarLion, atn::Matrix3x4 *, const atn::NodeChunk &>, boost::_bi::list3<boost::_bi::value<Em403WarLion *>, boost::arg<1>, boost::arg<2>>>",80788bc8,41,800ef324
"boost::_bi::bind_t<void, boost::_mfi::mf2<void, Em403WarLion, atn::Matrix3x4 *, const atn::NodeChunk &>, boost::_bi::list3<boost::_bi::value<Em403WarLion *>, boost::arg<1>, boost::arg<2>>>",80788bc8,42,800ef31c
"boost::_bi::bind_t<void, boost::_mfi::mf2<void, Em403WarLion, atn::Matrix3x4 *, const atn::NodeChunk &>, boost::_bi::list3<boost::_bi::value<Em403WarLion *>, boost::arg<1>, boost::arg<2>>>",80788bc8,43,800ef310
"boost::_bi::bind_t<void, boost::_mfi::mf2<void, Em403WarLion, atn::Matrix3x4 *, const atn::NodeChunk &>, boost::_bi::list3<boost::_bi::value<Em403WarLion *>, boost::arg<1>, boost::arg<2>>>",80788bc8,44,8017b0f8
"boost::_bi::bind_t<void, boost::_mfi::mf2<void, Em403WarLion, atn::Matrix3x4 *, const atn::NodeChunk &>, boost::_bi::list3<boost::_bi::value<Em403WarLion *>, boost::arg<1>, boost::arg<2>>>",80788bc8,45,800ef308
"boost::_bi::bind_t<void, boost::_mfi::mf2<void, Em403WarLion, atn::Matrix3x4 *, const atn::NodeChunk &>, boost::_bi::list3<boost::_bi::value<Em403WarLion *>, boost::arg<1>, boost::arg<2>>>",80788bc8,46,800ef304
"boost::_bi::bind_t<void, boost::_mfi::mf2<void, Em403WarLion, atn::Matrix3x4 *, const atn::NodeChunk &>, boost::_bi::list3<boost::_bi::value<Em403WarLion *>, boost::arg<1>, boost::arg<2>>>",80788bc8,47,8017bc58
"boost::_bi::bind_t<void, boost::_mfi::mf2<void, Em403WarLion, atn::Matrix3x4 *, const atn::NodeChunk &>, boost::_bi::list3<boost::_bi::value<Em403WarLion *>, boost::arg<1>, boost::arg<2>>>",80788bc8,48,800ef2f0
"boost::_bi::bind_t<void, boost::_mfi::mf2<void, Em403WarLion, atn::Matrix3x4 *, const atn::NodeChunk &>, boost::_bi::list3<boost::_bi::value<Em403WarLion *>, boost::arg<1>, boost::arg<2>>>",80788bc8,49,8017bddc
"boost::_bi::bind_t<void, boost::_mfi::mf2<void, Em403WarLion, atn::Matrix3x4 *, const atn::NodeChunk &>, boost::_bi::list3<boost::_bi::value<Em403WarLion *>, boost::arg<1>, boost::arg<2>>>",80788bc8,50,8017c4c4
"boost::_bi::bind_t<void, boost::_mfi::mf2<void, Em403WarLion, atn::Matrix3x4 *, const atn::NodeChunk &>, boost::_bi::list3<boost::_bi::value<Em403WarLion *>, boost::arg<1>, boost::arg<2>>>",80788bc8,51,800ef2b4
"boost::_bi::bind_t<void, boost::_mfi::mf2<void, Em403WarLion, atn::Matrix3x4 *, const atn::NodeChunk &>, boost::_bi::list3<boost::_bi::value<Em403WarLion *>, boost::arg<1>, boost::arg<2>>>",80788bc8,52,8017c52c
"boost::_bi::bind_t<void, boost::_mfi::mf2<void, Em403WarLion, atn::Matrix3x4 *, const atn::NodeChunk &>, boost::_bi::list3<boost::_bi::value<Em403WarLion *>, boost::arg<1>, boost::arg<2>>>",80788bc8,53,800ef270
"boost::_bi::bind_t<void, boost::_mfi::mf2<void, Em403WarLion, atn::Matrix3x4 *, const atn::NodeChunk &>, boost::_bi::list3<boost::_bi::value<Em403WarLion *>, boost::arg<1>, boost::arg<2>>>",80788bc8,54,800ef080
"boost::_bi::bind_t<void, boost::_mfi::mf2<void, Em403WarLion, atn::Matrix3x4 *, const atn::NodeChunk &>, boost::_bi::list3<boost::_bi::value<Em403WarLion *>, boost::arg<1>, boost::arg<2>>>",80788bc8,55,8032c4f8
"boost::_bi::bind_t<void, boost::_mfi::mf2<void, Em403WarLion, atn::Matrix3x4 *, const atn::NodeChunk &>, boost::_bi::list3<boost::_bi::value<Em403WarLion *>, boost::arg<1>, boost::arg<2>>>",80788bc8,56,800eafd4
"boost::_bi::bind_t<void, boost::_mfi::mf2<void, Em403WarLion, atn::Matrix3x4 *, const atn::NodeChunk &>, boost::_bi::list3<boost::_bi::value<Em403WarLion *>, boost::arg<1>, boost::arg<2>>>",80788bc8,57,80329e34
"boost::_bi::bind_t<void, boost::_mfi::mf2<void, Em403WarLion, atn::Matrix3x4 *, const atn::NodeChunk &>, boost::_bi::list3<boost::_bi::value<Em403WarLion *>, boost::arg<1>, boost::arg<2>>>",80788bc8,58,800eacec
"boost::_bi::bind_t<void, boost::_mfi::mf2<void, Em403WarLion, atn::Matrix3x4 *, const atn::NodeChunk &>, boost::_bi::list3<boost::_bi::value<Em403WarLion *>, boost::arg<1>, boost::arg<2>>>",80788bc8,59,80180594
"boost::_bi::bind_t<void, boost::_mfi::mf2<void, Event::ActionCameraEffect, MapArea *, const void *>, boost::_bi::list3<boost::_bi::value<Event::ActionCameraEffect *>, boost::arg<1>, boost::arg<2>>>",80794dc0,0,8055dbd8
"boost::_bi::bind_t<void, boost::_mfi::mf2<void, Event::ActionCameraEffect, MapArea *, const void *>, boost::_bi::list3<boost::_bi::value<Event::ActionCameraEffect *>, boost::arg<1>, boost::arg<2>>>",80794dc0,1,8055db04
"boost::_bi::bind_t<void, boost::_mfi::mf2<void, Event::ActionColorMatrix, MapArea *, void *>, boost::_bi::list3<boost::_bi::value<Event::ActionColorMatrix *>, boost::arg<1>, boost::arg<2>>>",80794f90,0,8056309c
"boost::_bi::bind_t<void, boost::_mfi::mf2<void, Event::ActionColorMatrix, MapArea *, void *>, boost::_bi::list3<boost::_bi::value<Event::ActionColorMatrix *>, boost::arg<1>, boost::arg<2>>>",80794f90,1,80562fb4
"boost::_bi::bind_t<void, boost::_mfi::mf2<void, LastCocoonQuadruped, atn::Matrix3x4 *, const atn::NodeChunk &>, boost::_bi::list3<boost::_bi::value<LastCocoonQuadruped *>, boost::arg<1>, boost::arg<2>>>",8078f978,0,80468d48
"boost::_bi::bind_t<void, boost::_mfi::mf2<void, LastCocoonQuadruped, atn::Matrix3x4 *, const atn::NodeChunk &>, boost::_bi::list3<boost::_bi::value<LastCocoonQuadruped *>, boost::arg<1>, boost::arg<2>>>",8078f978,1,8045fe70
"boost::_bi::bind_t<void, boost::_mfi::mf2<void, LastCocoonQuadruped, atn::Matrix3x4 *, const atn::NodeChunk &>, boost::_bi::list3<boost::_bi::value<LastCocoonQuadruped *>, boost::arg<1>, boost::arg<2>>>",8078f978,2,80460458
"boost::_bi::bind_t<void, boost::_mfi::mf2<void, LastCocoonQuadruped, atn::Matrix3x4 *, const atn::NodeChunk &>, boost::_bi::list3<boost::_bi::value<LastCocoonQuadruped *>, boost::arg<1>, boost::arg<2>>>",8078f978,3,80460a90
"boost::_bi::bind_t<void, boost::_mfi::mf2<void, LastCocoonQuadruped, atn::Matrix3x4 *, const atn::NodeChunk &>, boost::_bi::list3<boost::_bi::value<LastCocoonQuadruped *>, boost::arg<1>, boost::arg<2>>>",8078f978,4,80013cac
"boost::_bi::bind_t<void, boost::_mfi::mf2<void, LastCocoonQuadruped, atn::Matrix3x4 *, const atn::NodeChunk &>, boost::_bi::list3<boost::_bi::value<LastCocoonQuadruped *>, boost::arg<1>, boost::arg<2>>>",8078f978,5,800ef3e0
"boost::_bi::bind_t<void, boost::_mfi::mf2<void, LastCocoonQuadruped, atn::Matrix3x4 *, const atn::NodeChunk &>, boost::_bi::list3<boost::_bi::value<LastCocoonQuadruped *>, boost::arg<1>, boost::arg<2>>>",8078f978,6,80461520
"boost::_bi::bind_t<void, boost::_mfi::mf2<void, LastCocoonQuadruped, atn::Matrix3x4 *, const atn::NodeChunk &>, boost::_bi::list3<boost::_bi::value<LastCocoonQuadruped *>, boost::arg<1>, boost::arg<2>>>",8078f978,7,804628b4
"boost::_bi::bind_t<void, boost::_mfi::mf2<void, LastCocoonQuadruped, atn::Matrix3x4 *, const atn::NodeChunk &>, boost::_bi::list3<boost::_bi::value<LastCocoonQuadruped *>, boost::arg<1>, boost::arg<2>>>",8078f978,8,800ef3dc
"boost::_bi::bind_t<void, boost::_mfi::mf2<void, LastCocoonQuadruped, atn::Matrix3x4 *, const atn::NodeChunk &>, boost::_bi::list3<boost::_bi::value<LastCocoonQuadruped *>, boost::arg<1>, boost::arg<2>>>",8078f978,9,800ebf1c
"boost::_bi::bind_t<void, boost::_mfi::mf2<void, LastCocoonQuadruped, atn::Matrix3x4 *, const atn::NodeChunk &>, boost::_bi::list3<boost::_bi::value<LastCocoonQuadruped *>, boost::arg<1>, boost::arg<2>>>",8078f978,10,8014bdb0
"boost::_bi::bind_t<void, boost::_mfi::mf2<void, LastCocoonQuadruped, atn::Matrix3x4 *, const atn::NodeChunk &>, boost::_bi::list3<boost::_bi::value<LastCocoonQuadruped *>, boost::arg<1>, boost::arg<2>>>",8078f978,11,8013c564
"boost::_bi::bind_t<void, boost::_mfi::mf2<void, LastCocoonQuadruped, atn::Matrix3x4 *, const atn::NodeChunk &>, boost::_bi::list3<boost::_bi::value<LastCocoonQuadruped *>, boost::arg<1>, boost::arg<2>>>",8078f978,12,800ef3d8
"boost::_bi::bind_t<void, boost::_mfi::mf2<void, LastCocoonQuadruped, atn::Matrix3x4 *, const atn::NodeChunk &>, boost::_bi::list3<boost::_bi::value<LastCocoonQuadruped *>, boost::arg<1>, boost::arg<2>>>",8078f978,13,80460a94
"boost::_bi::bind_t<void, boost::_mfi::mf2<void, LastCocoonQuadruped, atn::Matrix3x4 *, const atn::NodeChunk &>, boost::_bi::list3<boost::_bi::value<LastCocoonQuadruped *>, boost::arg<1>, boost::arg<2>>>",8078f978,14,80460b48
"boost::_bi::bind_t<void, boost::_mfi::mf2<void, LastCocoonQuadruped, atn::Matrix3x4 *, const atn::NodeChunk &>, boost::_bi::list3<boost::_bi::value<LastCocoonQuadruped *>, boost::arg<1>, boost::arg<2>>>",8078f978,15,800e8630
"boost::_bi::bind_t<void, boost::_mfi::mf2<void, LastCocoonQuadruped, atn::Matrix3x4 *, const atn::NodeChunk &>, boost::_bi::list3<boost::_bi::value<LastCocoonQuadruped *>, boost::arg<1>, boost::arg<2>>>",8078f978,16,80153004
"boost::_bi::bind_t<void, boost::_mfi::mf2<void, LastCocoonQuadruped, atn::Matrix3x4 *, const atn::NodeChunk &>, boost::_bi::list3<boost::_bi::value<LastCocoonQuadruped *>, boost::arg<1>, boost::arg<2>>>",8078f978,17,80152a24
"boost::_bi::bind_t<void, boost::_mfi::mf2<void, LastCocoonQuadruped, atn::Matrix3x4 *, const atn::NodeChunk &>, boost::_bi::list3<boost::_bi::value<LastCocoonQuadruped *>, boost::arg<1>, boost::arg<2>>>",8078f978,18,80460f18
"boost::_bi::bind_t<void, boost::_mfi::mf2<void, LastCocoonQuadruped, atn::Matrix3x4 *, const atn::NodeChunk &>, boost::_bi::list3<boost::_bi::value<LastCocoonQuadruped *>, boost::arg<1>, boost::arg<2>>>",8078f978,19,80461398
"boost::_bi::bind_t<void, boost::_mfi::mf2<void, LastCocoonQuadruped, atn::Matrix3x4 *, const atn::NodeChunk &>, boost::_bi::list3<boost::_bi::value<LastCocoonQuadruped *>, boost::arg<1>, boost::arg<2>>>",8078f978,20,800ef394
"boost::_bi::bind_t<void, boost::_mfi::mf2<void, LastCocoonQuadruped, atn::Matrix3x4 *, const atn::NodeChunk &>, boost::_bi::list3<boost::_bi::value<LastCocoonQuadruped *>, boost::arg<1>, boost::arg<2>>>",8078f978,21,801501f0
"boost::_bi::bind_t<void, boost::_mfi::mf2<void, LastCocoonQuadruped, atn::Matrix3x4 *, const atn::NodeChunk &>, boost::_bi::list3<boost::_bi::value<LastCocoonQuadruped *>, boost::arg<1>, boost::arg<2>>>",8078f978,22,800ef38c
"boost::_bi::bind_t<void, boost::_mfi::mf2<void, LastCocoonQuadruped, atn::Matrix3x4 *, const atn::NodeChunk &>, boost::_bi::list3<boost::_bi::value<LastCocoonQuadruped *>, boost::arg<1>, boost::arg<2>>>",8078f978,23,80460ef0
"boost::_bi::bind_t<void, boost::_mfi::mf2<void, LastCocoonQuadruped, atn::Matrix3x4 *, const atn::NodeChunk &>, boost::_bi::list3<boost::_bi::value<LastCocoonQuadruped *>, boost::arg<1>, boost::arg<2>>>",8078f978,24,8035b8b0
"boost::_bi::bind_t<void, boost::_mfi::mf2<void, LastCocoonQuadruped, atn::Matrix3x4 *, const atn::NodeChunk &>, boost::_bi::list3<boost::_bi::value<LastCocoonQuadruped *>, boost::arg<1>, boost::arg<2>>>",8078f978,25,8035bbcc
"boost::_bi::bind_t<void, boost::_mfi::mf2<void, LastCocoonQuadruped, atn::Matrix3x4 *, const atn::NodeChunk &>, boost::_bi::list3<boost::_bi::value<LastCocoonQuadruped *>, boost::arg<1>, boost::arg<2>>>",8078f978,26,800e8fa4
"boost::_bi::bind_t<void, boost::_mfi::mf2<void, LastCocoonQuadruped, atn::Matrix3x4 *, const atn::NodeChunk &>, boost::_bi::list3<boost::_bi::value<LastCocoonQuadruped *>, boost::arg<1>, boost::arg<2>>>",8078f978,27,80155494
"boost::_bi::bind_t<void, boost::_mfi::mf2<void, LastCocoonQuadruped, atn::Matrix3x4 *, const atn::NodeChunk &>, boost::_bi::list3<boost::_bi::value<LastCocoonQuadruped *>, boost::arg<1>, boost::arg<2>>>",8078f978,28,80158d60
"boost::_bi::bind_t<void, boost::_mfi::mf2<void, LastCocoonQuadruped, atn::Matrix3x4 *, const atn::NodeChunk &>, boost::_bi::list3<boost::_bi::value<LastCocoonQuadruped *>, boost::arg<1>, boost::arg<2>>>",8078f978,29,8015dbc8
"boost::_bi::bind_t<void, boost::_mfi::mf2<void, LastCocoonQuadruped, atn::Matrix3x4 *, const atn::NodeChunk &>, boost::_bi::list3<boost::_bi::value<LastCocoonQuadruped *>, boost::arg<1>, boost::arg<2>>>",8078f978,30,801606dc
"boost::_bi::bind_t<void, boost::_mfi::mf2<void, LastCocoonQuadruped, atn::Matrix3x4 *, const atn::NodeChunk &>, boost::_bi::list3<boost::_bi::value<LastCocoonQuadruped *>, boost::arg<1>, boost::arg<2>>>",8078f978,31,80160f54
"boost::_bi::bind_t<void, boost::_mfi::mf2<void, LastCocoonQuadruped, atn::Matrix3x4 *, const atn::NodeChunk &>, boost::_bi::list3<boost::_bi::value<LastCocoonQuadruped *>, boost::arg<1>, boost::arg<2>>>",8078f978,32,80168fcc
"boost::_bi::bind_t<void, boost::_mfi::mf2<void, LastCocoonQuadruped, atn::Matrix3x4 *, const atn::NodeChunk &>, boost::_bi::list3<boost::_bi::value<LastCocoonQuadruped *>, boost::arg<1>, boost::arg<2>>>",8078f978,33,80169c0c
"boost::_bi::bind_t<void, boost::_mfi::mf2<void, LastCocoonQuadruped, atn::Matrix3x4 *, const atn::NodeChunk &>, boost::_bi::list3<boost::_bi::value<LastCocoonQuadruped *>, boost::arg<1>, boost::arg<2>>>",8078f978,34,80468d40
"boost::_bi::bind_t<void, boost::_mfi::mf2<void, LastCocoonQuadruped, atn::Matrix3x4 *, const atn::NodeChunk &>, boost::_bi::list3<boost::_bi::value<LastCocoonQuadruped *>, boost::arg<1>, boost::arg<2>>>",8078f978,35,800ef370
"boost::_bi::bind_t<void, boost::_mfi::mf2<void, LastCocoonQuadruped, atn::Matrix3x4 *, const atn::NodeChunk &>, boost::_bi::list3<boost::_bi::value<LastCocoonQuadruped *>, boost::arg<1>, boost::arg<2>>>",8078f978,36,80176b68
"boost::_bi::bind_t<void, boost::_mfi::mf2<void, LastCocoonQuadruped, atn::Matrix3x4 *, const atn::NodeChunk &>, boost::_bi::list3<boost::_bi::value<LastCocoonQuadruped *>, boost::arg<1>, boost::arg<2>>>",8078f978,37,80176d2c
"boost::_bi::bind_t<void, boost::_mfi::mf2<void, LastCocoonQuadruped, atn::Matrix3x4 *, const atn::NodeChunk &>, boost::_bi::list3<boost::_bi::value<LastCocoonQuadruped *>, boost::arg<1>, boost::arg<2>>>",8078f978,38,800ef368
"boost::_bi::bind_t<void, boost::_mfi::mf2<void, LastCocoonQuadruped, atn::Matrix3x4 *, const atn::NodeChunk &>, boost::_bi::list3<boost::_bi::value<LastCocoonQuadruped *>, boost::arg<1>, boost::arg<2>>>",8078f978,39,800ee494
"boost::_bi::bind_t<void, boost::_mfi::mf2<void, LastCocoonQuadruped, atn::Matrix3x4 *, const atn::NodeChunk &>, boost::_bi::list3<boost::_bi::value<LastCocoonQuadruped *>, boost::arg<1>, boost::arg<2>>>",8078f978,40,80041a20
"boost::_bi::bind_t<void, boost::_mfi::mf2<void, LastCocoonQuadruped, atn::Matrix3x4 *, const atn::NodeChunk &>, boost::_bi::list3<boost::_bi::value<LastCocoonQuadruped *>, boost::arg<1>, boost::arg<2>>>",8078f978,41,800ef324
"boost::_bi::bind_t<void, boost::_mfi::mf2<void, LastCocoonQuadruped, atn::Matrix3x4 *, const atn::NodeChunk &>, boost::_bi::list3<boost::_bi::value<LastCocoonQuadruped *>, boost::arg<1>, boost::arg<2>>>",8078f978,42,800ef31c
"boost::_bi::bind_t<void, boost::_mfi::mf2<void, LastCocoonQuadruped, atn::Matrix3x4 *, const atn::NodeChunk &>, boost::_bi::list3<boost::_bi::value<LastCocoonQuadruped *>, boost::arg<1>, boost::arg<2>>>",8078f978,43,800ef310
"boost::_bi::bind_t<void, boost::_mfi::mf2<void, LastCocoonQuadruped, atn::Matrix3x4 *, const atn::NodeChunk &>, boost::_bi::list3<boost::_bi::value<LastCocoonQuadruped *>, boost::arg<1>, boost::arg<2>>>",8078f978,44,8017b0f8
"boost::_bi::bind_t<void, boost::_mfi::mf2<void, LastCocoonQuadruped, atn::Matrix3x4 *, const atn::NodeChunk &>, boost::_bi::list3<boost::_bi::value<LastCocoonQuadruped *>, boost::arg<1>, boost::arg<2>>>",8078f978,45,800ef308
"boost::_bi::bind_t<void, boost::_mfi::mf2<void, LastCocoonQuadruped, atn::Matrix3x4 *, const atn::NodeChunk &>, boost::_bi::list3<boost::_bi::value<LastCocoonQuadruped *>, boost::arg<1>, boost::arg<2>>>",8078f978,46,800ef304
"boost::_bi::bind_t<void, boost::_mfi::mf2<void, LastCocoonQuadruped, atn::Matrix3x4 *, const atn::NodeChunk &>, boost::_bi::list3<boost::_bi::value<LastCocoonQuadruped *>, boost::arg<1>, boost::arg<2>>>",8078f978,47,8017bc58
"boost::_bi::bind_t<void, boost::_mfi::mf2<void, LastCocoonQuadruped, atn::Matrix3x4 *, const atn::NodeChunk &>, boost::_bi::list3<boost::_bi::value<LastCocoonQuadruped *>, boost::arg<1>, boost::arg<2>>>",8078f978,48,800ef2f0
"boost::_bi::bind_t<void, boost::_mfi::mf2<void, LastCocoonQuadruped, atn::Matrix3x4 *, const atn::NodeChunk &>, boost::_bi::list3<boost::_bi::value<LastCocoonQuadruped *>, boost::arg<1>, boost::arg<2>>>",8078f978,49,8017bddc
"boost::_bi::bind_t<void, boost::_mfi::mf2<void, LastCocoonQuadruped, atn::Matrix3x4 *, const atn::NodeChunk &>, boost::_bi::list3<boost::_bi::value<LastCocoonQuadruped *>, boost::arg<1>, boost::arg<2>>>",8078f978,50,8017c4c4
"boost::_bi::bind_t<void, boost::_mfi::mf2<void, LastCocoonQuadruped, atn::Matrix3x4 *, const atn::NodeChunk &>, boost::_bi::list3<boost::_bi::value<LastCocoonQuadruped *>, boost::arg<1>, boost::arg<2>>>",8078f978,51,800ef2b4
"boost::_bi::bind_t<void, boost::_mfi::mf2<void, LastCocoonQuadruped, atn::Matrix3x4 *, const atn::NodeChunk &>, boost::_bi::list3<boost::_bi::value<LastCocoonQuadruped *>, boost::arg<1>, boost::arg<2>>>",8078f978,52,8017c52c
"boost::_bi::bind_t<void, boost::_mfi::mf2<void, LastCocoonQuadruped, atn::Matrix3x4 *, const atn::NodeChunk &>, boost::_bi::list3<boost::_bi::value<LastCocoonQuadruped *>, boost::arg<1>, boost::arg<2>>>",8078f978,53,800ef270
"boost::_bi::bind_t<void, boost::_mfi::mf2<void, LastCocoonQuadruped, atn::Matrix3x4 *, const atn::NodeChunk &>, boost::_bi::list3<boost::_bi::value<LastCocoonQuadruped *>, boost::arg<1>, boost::arg<2>>>",8078f978,54,800ef080
"boost::_bi::bind_t<void, boost::_mfi::mf2<void, LastCocoonQuadruped, atn::Matrix3x4 *, const atn::NodeChunk &>, boost::_bi::list3<boost::_bi::value<LastCocoonQuadruped *>, boost::arg<1>, boost::arg<2>>>",8078f978,55,80468d18
"boost::_bi::bind_t<void, boost::_mfi::mf2<void, LastCocoonQuadruped, atn::Matrix3x4 *, const atn::NodeChunk &>, boost::_bi::list3<boost::_bi::value<LastCocoonQuadruped *>, boost::arg<1>, boost::arg<2>>>",8078f978,56,800eafd4
"boost::_bi::bind_t<void, boost::_mfi::mf2<void, LastCocoonQuadruped, atn::Matrix3x4 *, const atn::NodeChunk &>, boost::_bi::list3<boost::_bi::value<LastCocoonQuadruped *>, boost::arg<1>, boost::arg<2>>>",8078f978,57,800ea9d4
"boost::_bi::bind_t<void, boost::_mfi::mf2<void, LastCocoonQuadruped, atn::Matrix3x4 *, const atn::NodeChunk &>, boost::_bi::list3<boost::_bi::value<LastCocoonQuadruped *>, boost::arg<1>, boost::arg<2>>>",8078f978,58,800eacec
"boost::_bi::bind_t<void, boost::_mfi::mf2<void, LastCocoonQuadruped, atn::Matrix3x4 *, const atn::NodeChunk &>, boost::_bi::list3<boost::_bi::value<LastCocoonQuadruped *>, boost::arg<1>, boost::arg<2>>>",8078f978,59,80180594
"boost::_bi::bind_t<void, boost::_mfi::mf2<void, QuadrupedTask, atn::Matrix3x4 *, const atn::NodeChunk &>, boost::_bi::list3<boost::_bi::value<QuadrupedTask *>, boost::arg<1>, boost::arg<2>>>",807956e8,0,805664e0
"boost::_bi::bind_t<void, boost::_mfi::mf2<void, QuadrupedTask, atn::Matrix3x4 *, const atn::NodeChunk &>, boost::_bi::list3<boost::_bi::value<QuadrupedTask *>, boost::arg<1>, boost::arg<2>>>",807956e8,1,80566560
"boost::_bi::bind_t<void, boost::_mfi::mf2<void, QuadrupedTask, atn::Matrix3x4 *, const atn::NodeChunk &>, boost::_bi::list3<boost::_bi::value<QuadrupedTask *>, boost::arg<1>, boost::arg<2>>>",807956e8,2,80566cf8
"boost::_bi::bind_t<void, boost::_mfi::mf2<void, QuadrupedTask, atn::Matrix3x4 *, const atn::NodeChunk &>, boost::_bi::list3<boost::_bi::value<QuadrupedTask *>, boost::arg<1>, boost::arg<2>>>",807956e8,3,80566e94
"boost::_bi::bind_t<void, boost::_mfi::mf2<void, QuadrupedTask, atn::Matrix3x4 *, const atn::NodeChunk &>, boost::_bi::list3<boost::_bi::value<QuadrupedTask *>, boost::arg<1>, boost::arg<2>>>",807956e8,4,80013cac
"boost::_bi::bind_t<void, boost::_mfi::mf2<void, QuadrupedTask, atn::Matrix3x4 *, const atn::NodeChunk &>, boost::_bi::list3<boost::_bi::value<QuadrupedTask *>, boost::arg<1>, boost::arg<2>>>",807956e8,5,800ef3e0
"boost::_bi::bind_t<void, boost::_mfi::mf2<void, QuadrupedTask, atn::Matrix3x4 *, const atn::NodeChunk &>, boost::_bi::list3<boost::_bi::value<QuadrupedTask *>, boost::arg<1>, boost::arg<2>>>",807956e8,6,80568b9c
"boost::_bi::bind_t<void, boost::_mfi::mf2<void, QuadrupedTask, atn::Matrix3x4 *, const atn::NodeChunk &>, boost::_bi::list3<boost::_bi::value<QuadrupedTask *>, boost::arg<1>, boost::arg<2>>>",807956e8,7,805682dc
"boost::_bi::bind_t<void, boost::_mfi::mf2<void, QuadrupedTask, atn::Matrix3x4 *, const atn::NodeChunk &>, boost::_bi::list3<boost::_bi::value<QuadrupedTask *>, boost::arg<1>, boost::arg<2>>>",807956e8,8,800ef3dc
"boost::_bi::bind_t<void, boost::_mfi::mf2<void, QuadrupedTask, atn::Matrix3x4 *, const atn::NodeChunk &>, boost::_bi::list3<boost::_bi::value<QuadrupedTask *>, boost::arg<1>, boost::arg<2>>>",807956e8,9,800ebf1c
"boost::_bi::bind_t<void, boost::_mfi::mf2<void, QuadrupedTask, atn::Matrix3x4 *, const atn::NodeChunk &>, boost::_bi::list3<boost::_bi::value<QuadrupedTask *>, boost::arg<1>, boost::arg<2>>>",807956e8,10,8014bdb0
"boost::_bi::bind_t<void, boost::_mfi::mf2<void, QuadrupedTask, atn::Matrix3x4 *, const atn::NodeChunk &>, boost::_bi::list3<boost::_bi::value<QuadrupedTask *>, boost::arg<1>, boost::arg<2>>>",807956e8,11,8056795c
"boost::_bi::bind_t<void, boost::_mfi::mf2<void, QuadrupedTask, atn::Matrix3x4 *, const atn::NodeChunk &>, boost::_bi::list3<boost::_bi::value<QuadrupedTask *>, boost::arg<1>, boost::arg<2>>>",807956e8,12,800ef3d8
"boost::_bi::bind_t<void, boost::_mfi::mf2<void, QuadrupedTask, atn::Matrix3x4 *, const atn::NodeChunk &>, boost::_bi::list3<boost::_bi::value<QuadrupedTask *>, boost::arg<1>, boost::arg<2>>>",807956e8,13,80566f04
"boost::_bi::bind_t<void, boost::_mfi::mf2<void, QuadrupedTask, atn::Matrix3x4 *, const atn::NodeChunk &>, boost::_bi::list3<boost::_bi::value<QuadrupedTask *>, boost::arg<1>, boost::arg<2>>>",807956e8,14,800e854c
"boost::_bi::bind_t<void, boost::_mfi::mf2<void, QuadrupedTask, atn::Matrix3x4 *, const atn::NodeChunk &>, boost::_bi::list3<boost::_bi::value<QuadrupedTask *>, boost::arg<1>, boost::arg<2>>>",807956e8,15,800e8630
"boost::_bi::bind_t<void, boost::_mfi::mf2<void, QuadrupedTask, atn::Matrix3x4 *, const atn::NodeChunk &>, boost::_bi::list3<boost::_bi::value<QuadrupedTask *>, boost::arg<1>, boost::arg<2>>>",807956e8,16,80153004
"boost::_bi::bind_t<void, boost::_mfi::mf2<void, QuadrupedTask, atn::Matrix3x4 *, const atn::NodeChunk &>, boost::_bi::list3<boost::_bi::value<QuadrupedTask *>, boost::arg<1>, boost::arg<2>>>",807956e8,17,80152a24
"boost::_bi::bind_t<void, boost::_mfi::mf2<void, QuadrupedTask, atn::Matrix3x4 *, const atn::NodeChunk &>, boost::_bi::list3<boost::_bi::value<QuadrupedTask *>, boost::arg<1>, boost::arg<2>>>",807956e8,18,80148340
"boost::_bi::bind_t<void, boost::_mfi::mf2<void, QuadrupedTask, atn::Matrix3x4 *, const atn::NodeChunk &>, boost::_bi::list3<boost::_bi::value<QuadrupedTask *>, boost::arg<1>, boost::arg<2>>>",807956e8,19,801489cc
"boost::_bi::bind_t<void, boost::_mfi::mf2<void, QuadrupedTask, atn::Matrix3x4 *, const atn::NodeChunk &>, boost::_bi::list3<boost::_bi::value<QuadrupedTask *>, boost::arg<1>, boost::arg<2>>>",807956e8,20,800ef394
"boost::_bi::bind_t<void, boost::_mfi::mf2<void, QuadrupedTask, atn::Matrix3x4 *, const atn::NodeChunk &>, boost::_bi::list3<boost::_bi::value<QuadrupedTask *>, boost::arg<1>, boost::arg<2>>>",807956e8,21,801501f0
"boost::_bi::bind_t<void, boost::_mfi::mf2<void, QuadrupedTask, atn::Matrix3x4 *, const atn::NodeChunk &>, boost::_bi::list3<boost::_bi::value<QuadrupedTask *>, boost::arg<1>, boost::arg<2>>>",807956e8,22,800ef38c
"boost::_bi::bind_t<void, boost::_mfi::mf2<void, QuadrupedTask, atn::Matrix3x4 *, const atn::NodeChunk &>, boost::_bi::list3<boost::_bi::value<QuadrupedTask *>, boost::arg<1>, boost::arg<2>>>",807956e8,23,80138d70
"boost::_bi::bind_t<void, boost::_mfi::mf2<void, QuadrupedTask, atn::Matrix3x4 *, const atn::NodeChunk &>, boost::_bi::list3<boost::_bi::value<QuadrupedTask *>, boost::arg<1>, boost::arg<2>>>",807956e8,24,8035b8b0
"boost::_bi::bind_t<void, boost::_mfi::mf2<void, QuadrupedTask, atn::Matrix3x4 *, const atn::NodeChunk &>, boost::_bi::list3<boost::_bi::value<QuadrupedTask *>, boost::arg<1>, boost::arg<2>>>",807956e8,25,8035bbcc
"boost::_bi::bind_t<void, boost::_mfi::mf2<void, QuadrupedTask, atn::Matrix3x4 *, const atn::NodeChunk &>, boost::_bi::list3<boost::_bi::value<QuadrupedTask *>, boost::arg<1>, boost::arg<2>>>",807956e8,26,800e8fa4
"boost::_bi::bind_t<void, boost::_mfi::mf2<void, QuadrupedTask, atn::Matrix3x4 *, const atn::NodeChunk &>, boost::_bi::list3<boost::_bi::value<QuadrupedTask *>, boost::arg<1>, boost::arg<2>>>",807956e8,27,80568df0
"boost::_bi::bind_t<void, boost::_mfi::mf2<void, QuadrupedTask, atn::Matrix3x4 *, const atn::NodeChunk &>, boost::_bi::list3<boost::_bi::value<QuadrupedTask *>, boost::arg<1>, boost::arg<2>>>",807956e8,28,80158d60
"boost::_bi::bind_t<void, boost::_mfi::mf2<void, QuadrupedTask, atn::Matrix3x4 *, const atn::NodeChunk &>, boost::_bi::list3<boost::_bi::value<QuadrupedTask *>, boost::arg<1>, boost::arg<2>>>",807956e8,29,8015dbc8
"boost::_bi::bind_t<void, boost::_mfi::mf2<void, QuadrupedTask, atn::Matrix3x4 *, const atn::NodeChunk &>, boost::_bi::list3<boost::_bi::value<QuadrupedTask *>, boost::arg<1>, boost::arg<2>>>",807956e8,30,801606dc
"boost::_bi::bind_t<void, boost::_mfi::mf2<void, QuadrupedTask, atn::Matrix3x4 *, const atn::NodeChunk &>, boost::_bi::list3<boost::_bi::value<QuadrupedTask *>, boost::arg<1>, boost::arg<2>>>",807956e8,31,80160f54
"boost::_bi::bind_t<void, boost::_mfi::mf2<void, QuadrupedTask, atn::Matrix3x4 *, const atn::NodeChunk &>, boost::_bi::list3<boost::_bi::value<QuadrupedTask *>, boost::arg<1>, boost::arg<2>>>",807956e8,32,80168fcc
"boost::_bi::bind_t<void, boost::_mfi::mf2<void, QuadrupedTask, atn::Matrix3x4 *, const atn::NodeChunk &>, boost::_bi::list3<boost::_bi::value<QuadrupedTask *>, boost::arg<1>, boost::arg<2>>>",807956e8,33,80568e6c
"boost::_bi::bind_t<void, boost::_mfi::mf2<void, QuadrupedTask, atn::Matrix3x4 *, const atn::NodeChunk &>, boost::_bi::list3<boost::_bi::value<QuadrupedTask *>, boost::arg<1>, boost::arg<2>>>",807956e8,34,800ef2ac
"boost::_bi::bind_t<void, boost::_mfi::mf2<void, QuadrupedTask, atn::Matrix3x4 *, const atn::NodeChunk &>, boost::_bi::list3<boost::_bi::value<QuadrupedTask *>, boost::arg<1>, boost::arg<2>>>",807956e8,35,800ef370
"boost::_bi::bind_t<void, boost::_mfi::mf2<void, QuadrupedTask, atn::Matrix3x4 *, const atn::NodeChunk &>, boost::_bi::list3<boost::_bi::value<QuadrupedTask *>, boost::arg<1>, boost::arg<2>>>",807956e8,36,80176b68
"boost::_bi::bind_t<void, boost::_mfi::mf2<void, QuadrupedTask, atn::Matrix3x4 *, const atn::NodeChunk &>, boost::_bi::list3<boost::_bi::value<QuadrupedTask *>, boost::arg<1>, boost::arg<2>>>",807956e8,37,80176d2c
"boost::_bi::bind_t<void, boost::_mfi::mf2<void, QuadrupedTask, atn::Matrix3x4 *, const atn::NodeChunk &>, boost::_bi::list3<boost::_bi::value<QuadrupedTask *>, boost::arg<1>, boost::arg<2>>>",807956e8,38,800ef368
"boost::_bi::bind_t<void, boost::_mfi::mf2<void, QuadrupedTask, atn::Matrix3x4 *, const atn::NodeChunk &>, boost::_bi::list3<boost::_bi::value<QuadrupedTask *>, boost::arg<1>, boost::arg<2>>>",807956e8,39,800ee494
"boost::_bi::bind_t<void, boost::_mfi::mf2<void, QuadrupedTask, atn::Matrix3x4 *, const atn::NodeChunk &>, boost::_bi::list3<boost::_bi::value<QuadrupedTask *>, boost::arg<1>, boost::arg<2>>>",807956e8,40,80041a20
"boost::_bi::bind_t<void, boost::_mfi::mf2<void, QuadrupedTask, atn::Matrix3x4 *, const atn::NodeChunk &>, boost::_bi::list3<boost::_bi::value<QuadrupedTask *>, boost::arg<1>, boost::arg<2>>>",807956e8,41,800ef324
"boost::_bi::bind_t<void, boost::_mfi::mf2<void, QuadrupedTask, atn::Matrix3x4 *, const atn::NodeChunk &>, boost::_bi::list3<boost::_bi::value<QuadrupedTask *>, boost::arg<1>, boost::arg<2>>>",807956e8,42,800ef31c
"boost::_bi::bind_t<void, boost::_mfi::mf2<void, QuadrupedTask, atn::Matrix3x4 *, const atn::NodeChunk &>, boost::_bi::list3<boost::_bi::value<QuadrupedTask *>, boost::arg<1>, boost::arg<2>>>",807956e8,43,800ef310
"boost::_bi::bind_t<void, boost::_mfi::mf2<void, QuadrupedTask, atn::Matrix3x4 *, const atn::NodeChunk &>, boost::_bi::list3<boost::_bi::value<QuadrupedTask *>, boost::arg<1>, boost::arg<2>>>",807956e8,44,8017b0f8
"boost::_bi::bind_t<void, boost::_mfi::mf2<void, QuadrupedTask, atn::Matrix3x4 *, const atn::NodeChunk &>, boost::_bi::list3<boost::_bi::value<QuadrupedTask *>, boost::arg<1>, boost::arg<2>>>",807956e8,45,800ef308
"boost::_bi::bind_t<void, boost::_mfi::mf2<void, QuadrupedTask, atn::Matrix3x4 *, const atn::NodeChunk &>, boost::_bi::list3<boost::_bi::value<QuadrupedTask *>, boost::arg<1>, boost::arg<2>>>",807956e8,46,800ef304
"boost::_bi::bind_t<void, boost::_mfi::mf2<void, QuadrupedTask, atn::Matrix3x4 *, const atn::NodeChunk &>, boost::_bi::list3<boost::_bi::value<QuadrupedTask *>, boost::arg<1>, boost::arg<2>>>",807956e8,47,8017bc58
"boost::_bi::bind_t<void, boost::_mfi::mf2<void, QuadrupedTask, atn::Matrix3x4 *, const atn::NodeChunk &>, boost::_bi::list3<boost::_bi::value<QuadrupedTask *>, boost::arg<1>, boost::arg<2>>>",807956e8,48,800ef2f0
"boost::_bi::bind_t<void, boost::_mfi::mf2<void, QuadrupedTask, atn::Matrix3x4 *, const atn::NodeChunk &>, boost::_bi::list3<boost::_bi::value<QuadrupedTask *>, boost::arg<1>, boost::arg<2>>>",807956e8,49,8017bddc
"boost::_bi::bind_t<void, boost::_mfi::mf2<void, QuadrupedTask, atn::Matrix3x4 *, const atn::NodeChunk &>, boost::_bi::list3<boost::_bi::value<QuadrupedTask *>, boost::arg<1>, boost::arg<2>>>",807956e8,50,8017c4c4
"boost::_bi::bind_t<void, boost::_mfi::mf2<void, QuadrupedTask, atn::Matrix3x4 *, const atn::NodeChunk &>, boost::_bi::list3<boost::_bi::value<QuadrupedTask *>, boost::arg<1>, boost::arg<2>>>",807956e8,51,800ef2b4
"boost::_bi::bind_t<void, boost::_mfi::mf2<void, QuadrupedTask, atn::Matrix3x4 *, const atn::NodeChunk &>, boost::_bi::list3<boost::_bi::value<QuadrupedTask *>, boost::arg<1>, boost::arg<2>>>",807956e8,52,8017c52c
"boost::_bi::bind_t<void, boost::_mfi::mf2<void, QuadrupedTask, atn::Matrix3x4 *, const atn::NodeChunk &>, boost::_bi::list3<boost::_bi::value<QuadrupedTask *>, boost::arg<1>, boost::arg<2>>>",807956e8,53,800ef270
"boost::_bi::bind_t<void, boost::_mfi::mf2<void, QuadrupedTask, atn::Matrix3x4 *, const atn::NodeChunk &>, boost::_bi::list3<boost::_bi::value<QuadrupedTask *>, boost::arg<1>, boost::arg<2>>>",807956e8,54,800ef080
"boost::_bi::bind_t<void, boost::_mfi::mf2<void, QuadrupedTask, atn::Matrix3x4 *, const atn::NodeChunk &>, boost::_bi::list3<boost::_bi::value<QuadrupedTask *>, boost::arg<1>, boost::arg<2>>>",807956e8,55,800ee4d8
"boost::_bi::bind_t<void, boost::_mfi::mf2<void, QuadrupedTask, atn::Matrix3x4 *, const atn::NodeChunk &>, boost::_bi::list3<boost::_bi::value<QuadrupedTask *>, boost::arg<1>, boost::arg<2>>>",807956e8,56,800eafd4
"boost::_bi::bind_t<void, boost::_mfi::mf2<void, QuadrupedTask, atn::Matrix3x4 *, const atn::NodeChunk &>, boost::_bi::list3<boost::_bi::value<QuadrupedTask *>, boost::arg<1>, boost::arg<2>>>",807956e8,57,800ea9d4
"boost::_bi::bind_t<void, boost::_mfi::mf2<void, QuadrupedTask, atn::Matrix3x4 *, const atn::NodeChunk &>, boost::_bi::list3<boost::_bi::value<QuadrupedTask *>, boost::arg<1>, boost::arg<2>>>",807956e8,58,800eacec
"boost::_bi::bind_t<void, boost::_mfi::mf2<void, QuadrupedTask, atn::Matrix3x4 *, const atn::NodeChunk &>, boost::_bi::list3<boost::_bi::value<QuadrupedTask *>, boost::arg<1>, boost::arg<2>>>",807956e8,59,80180594
"boost::_bi::bind_t<void, boost::_mfi::mf2<void, gmk::SwingObject, atn::Matrix3x4 *, const atn::NodeChunk &>, boost::_bi::list3<boost::_bi::value<gmk::SwingObject *>, boost::arg<1>, boost::arg<2>>>",8078d090,0,803fe798
"boost::_bi::bind_t<void, boost::_mfi::mf2<void, gmk::SwingObject, atn::Matrix3x4 *, const atn::NodeChunk &>, boost::_bi::list3<boost::_bi::value<gmk::SwingObject *>, boost::arg<1>, boost::arg<2>>>",8078d090,1,803fe828
"boost::_bi::bind_t<void, boost::_mfi::mf2<void, gmk::SwingObject, atn::Matrix3x4 *, const atn::NodeChunk &>, boost::_bi::list3<boost::_bi::value<gmk::SwingObject *>, boost::arg<1>, boost::arg<2>>>",8078d090,2,803fec54
"boost::_bi::bind_t<void, boost::_mfi::mf2<void, gmk::SwingObject, atn::Matrix3x4 *, const atn::NodeChunk &>, boost::_bi::list3<boost::_bi::value<gmk::SwingObject *>, boost::arg<1>, boost::arg<2>>>",8078d090,3,803ff818
"boost::_bi::bind_t<void, boost::_mfi::mf2<void, gmk::SwingObject, atn::Matrix3x4 *, const atn::NodeChunk &>, boost::_bi::list3<boost::_bi::value<gmk::SwingObject *>, boost::arg<1>, boost::arg<2>>>",8078d090,4,80013cac
"boost::_bi::bind_t<void, boost::_mfi::mf2<void, gmk::SwingObject, atn::Matrix3x4 *, const atn::NodeChunk &>, boost::_bi::list3<boost::_bi::value<gmk::SwingObject *>, boost::arg<1>, boost::arg<2>>>",8078d090,5,803ecb7c
"boost::_bi::bind_t<void, boost::_mfi::mf2<void, gmk::SwingObject, atn::Matrix3x4 *, const atn::NodeChunk &>, boost::_bi::list3<boost::_bi::value<gmk::SwingObject *>, boost::arg<1>, boost::arg<2>>>",8078d090,6,803ff834
"boost::_bi::bind_t<void, boost::_mfi::mf2<void, gmk::SwingObject, atn::Matrix3x4 *, const atn::NodeChunk &>, boost::_bi::list3<boost::_bi::value<gmk::SwingObject *>, boost::arg<1>, boost::arg<2>>>",8078d090,7,803ff94c
"boost::_bi::bind_t<void, boost::_mfi::mf2<void, gmk::SwingObject, atn::Matrix3x4 *, const atn::NodeChunk &>, boost::_bi::list3<boost::_bi::value<gmk::SwingObject *>, boost::arg<1>, boost::arg<2>>>",8078d090,8,803edf5c
"boost::_bi::bind_t<void, boost::_mfi::mf2<void, gmk::SwingObject, atn::Matrix3x4 *, const atn::NodeChunk &>, boost::_bi::list3<boost::_bi::value<gmk::SwingObject *>, boost::arg<1>, boost::arg<2>>>",8078d090,9,803ecb84
"boost::_bi::bind_t<void, boost::_mfi::mf2<void, gmk::SwingObject, atn::Matrix3x4 *, const atn::NodeChunk &>, boost::_bi::list3<boost::_bi::value<gmk::SwingObject *>, boost::arg<1>, boost::arg<2>>>",8078d090,10,803edf40
"boost::_bi::bind_t<void, boost::_mfi::mf2<void, gmk::SwingObject, atn::Matrix3x4 *, const atn::NodeChunk &>, boost::_bi::list3<boost::_bi::value<gmk::SwingObject *>, boost::arg<1>, boost::arg<2>>>",8078d090,11,803edf24
"boost::_bi::bind_t<void, boost::_mfi::mf2<void, gmk::SwingObject, atn::Matrix3x4 *, const atn::NodeChunk &>, boost::_bi::list3<boost::_bi::value<gmk::SwingObject *>, boost::arg<1>, boost::arg<2>>>",8078d090,12,80012a14
"boost::_bi::bind_t<void, boost::_mfi::mf2<void, gmk::SwingObject, atn::Matrix3x4 *, const atn::NodeChunk &>, boost::_bi::list3<boost::_bi::value<gmk::SwingObject *>, boost::arg<1>, boost::arg<2>>>",8078d090,13,80400714
"boost::_bi::bind_t<void, boost::_mfi::mf2<void, gmk::SwingObject, atn::Matrix3x4 *, const atn::NodeChunk &>, boost::_bi::list3<boost::_bi::value<gmk::SwingObject *>, boost::arg<1>, boost::arg<2>>>",8078d090,14,804006fc
"boost::_bi::bind_t<void, boost::_mfi::mf2<void, gmk::SwingObject, atn::Matrix3x4 *, const atn::NodeChunk &>, boost::_bi::list3<boost::_bi::value<gmk::SwingObject *>, boost::arg<1>, boost::arg<2>>>",8078d090,15,800fa4f4
"boost::_bi::bind_t<void, boost::_mfi::mf2<void, gmk::SwingObject, atn::Matrix3x4 *, const atn::NodeChunk &>, boost::_bi::list3<boost::_bi::value<gmk::SwingObject *>, boost::arg<1>, boost::arg<2>>>",8078d090,16,803ede34
"boost::_bi::bind_t<void, boost::_mfi::mf2<void, gmk::SwingObject, atn::Matrix3x4 *, const atn::NodeChunk &>, boost::_bi::list3<boost::_bi::value<gmk::SwingObject *>, boost::arg<1>, boost::arg<2>>>",8078d090,17,803edf1c
"boost::_bi::bind_t<void, boost::_mfi::mf2<void, gmk::SwingObject, atn::Matrix3x4 *, const atn::NodeChunk &>, boost::_bi::list3<boost::_bi::value<gmk::SwingObject *>, boost::arg<1>, boost::arg<2>>>",8078d090,18,802aeabc
"boost::_bi::bind_t<void, boost::_mfi::mf2<void, gmk::SwingObject, atn::Matrix3x4 *, const atn::NodeChunk &>, boost::_bi::list3<boost::_bi::value<gmk::SwingObject *>, boost::arg<1>, boost::arg<2>>>",8078d090,19,800eb488
"boost::_bi::bind_t<void, boost::_mfi::mf2<void, gmk::SwingObject, atn::Matrix3x4 *, const atn::NodeChunk &>, boost::_bi::list3<boost::_bi::value<gmk::SwingObject *>, boost::arg<1>, boost::arg<2>>>",8078d090,20,800fa4ec
"boost::_bi::bind_t<void, boost::_mfi::mf2<void, gmk::SwingObject, atn::Matrix3x4 *, const atn::NodeChunk &>, boost::_bi::list3<boost::_bi::value<gmk::SwingObject *>, boost::arg<1>, boost::arg<2>>>",8078d090,21,80017944
"boost::_bi::bind_t<void, boost::_mfi::mf2<void, gmk::SwingObject, atn::Matrix3x4 *, const atn::NodeChunk &>, boost::_bi::list3<boost::_bi::value<gmk::SwingObject *>, boost::arg<1>, boost::arg<2>>>",8078d090,22,801b7794
"boost::_bi::bind_t<void, boost::_mfi::mf2<void, gmk::SwingObject, atn::Matrix3x4 *, const atn::NodeChunk &>, boost::_bi::list3<boost::_bi::value<gmk::SwingObject *>, boost::arg<1>, boost::arg<2>>>",8078d090,23,803a04b8
"boost::_bi::bind_t<void, boost::_mfi::mf2<void, gmk::SwingObject, atn::Matrix3x4 *, const atn::NodeChunk &>, boost::_bi::list3<boost::_bi::value<gmk::SwingObject *>, boost::arg<1>, boost::arg<2>>>",8078d090,24,800e2fdc
"boost::_bi::bind_t<void, boost::_mfi::mf2<void, gmk::SwingObject, atn::Matrix3x4 *, const atn::NodeChunk &>, boost::_bi::list3<boost::_bi::value<gmk::SwingObject *>, boost::arg<1>, boost::arg<2>>>",8078d090,25,803ff9a4
"boost::_bi::bind_t<void, boost::_mfi::mf2<void, gmk::SwingObject, atn::Matrix3x4 *, const atn::NodeChunk &>, boost::_bi::list3<boost::_bi::value<gmk::SwingObject *>, boost::arg<1>, boost::arg<2>>>",8078d090,26,803edaf0
"boost::_bi::bind_t<void, boost::_mfi::mf3<void, CharaTask, atn::Matrix3x4 *, const atn::NodeChunk &, const atn::ModelNodeCallbackContext &>, boost::_bi::list4<boost::_bi::value<CharaTask *>, boost::arg<1>, boost::arg<2>, boost::arg<3>>>",8077c458,0,80136138
"boost::_bi::bind_t<void, boost::_mfi::mf3<void, CharaTask, atn::Matrix3x4 *, const atn::NodeChunk &, const atn::ModelNodeCallbackContext &>, boost::_bi::list4<boost::_bi::value<CharaTask *>, boost::arg<1>, boost::arg<2>, boost::arg<3>>>",8077c458,1,8017cb74
"boost::_bi::bind_t<void, boost::_mfi::mf3<void, CharaTask, atn::Matrix3x4 *, const atn::NodeChunk &, const atn::ModelNodeCallbackContext &>, boost::_bi::list4<boost::_bi::value<CharaTask *>, boost::arg<1>, boost::arg<2>, boost::arg<3>>>",8077c458,2,8004312c
"boost::_bi::bind_t<void, boost::_mfi::mf3<void, CharaTask, atn::Matrix3x4 *, const atn::NodeChunk &, const atn::ModelNodeCallbackContext &>, boost::_bi::list4<boost::_bi::value<CharaTask *>, boost::arg<1>, boost::arg<2>, boost::arg<3>>>",8077c458,3,80043128
"boost::_bi::bind_t<void, boost::_mfi::mf3<void, CharaTask, atn::Matrix3x4 *, const atn::NodeChunk &, const atn::ModelNodeCallbackContext &>, boost::_bi::list4<boost::_bi::value<CharaTask *>, boost::arg<1>, boost::arg<2>, boost::arg<3>>>",8077c458,4,80013cac
"boost::_bi::bind_t<void, boost::_mfi::mf3<void, CharaTask, atn::Matrix3x4 *, const atn::NodeChunk &, const atn::ModelNodeCallbackContext &>, boost::_bi::list4<boost::_bi::value<CharaTask *>, boost::arg<1>, boost::arg<2>, boost::arg<3>>>",8077c458,5,800ef3e0
"boost::_bi::bind_t<void, boost::_mfi::mf3<void, CharaTask, atn::Matrix3x4 *, const atn::NodeChunk &, const atn::ModelNodeCallbackContext &>, boost::_bi::list4<boost::_bi::value<CharaTask *>, boost::arg<1>, boost::arg<2>, boost::arg<3>>>",8077c458,6,80147b04
"boost::_bi::bind_t<void, boost::_mfi::mf3<void, CharaTask, atn::Matrix3x4 *, const atn::NodeChunk &, const atn::ModelNodeCallbackContext &>, boost::_bi::list4<boost::_bi::value<CharaTask *>, boost::arg<1>, boost::arg<2>, boost::arg<3>>>",8077c458,7,801437d0
"boost::_bi::bind_t<void, boost::_mfi::mf3<void, CharaTask, atn::Matrix3x4 *, const atn::NodeChunk &, const atn::ModelNodeCallbackContext &>, boost::_bi::list4<boost::_bi::value<CharaTask *>, boost::arg<1>, boost::arg<2>, boost::arg<3>>>",8077c458,8,800ef3dc
"boost::_bi::bind_t<void, boost::_mfi::mf3<void, CharaTask, atn::Matrix3x4 *, const atn::NodeChunk &, const atn::ModelNodeCallbackContext &>, boost::_bi::list4<boost::_bi::value<CharaTask *>, boost::arg<1>, boost::arg<2>, boost::arg<3>>>",8077c458,9,801388b8
"boost::_bi::bind_t<void, boost::_mfi::mf3<void, CharaTask, atn::Matrix3x4 *, const atn::NodeChunk &, const atn::ModelNodeCallbackContext &>, boost::_bi::list4<boost::_bi::value<CharaTask *>, boost::arg<1>, boost::arg<2>, boost::arg<3>>>",8077c458,10,8014bdb0
"boost::_bi::bind_t<void, boost::_mfi::mf3<void, CharaTask, atn::Matrix3x4 *, const atn::NodeChunk &, const atn::ModelNodeCallbackContext &>, boost::_bi::list4<boost::_bi::value<CharaTask *>, boost::arg<1>, boost::arg<2>, boost::arg<3>>>",8077c458,11,8013c564
"boost::_bi::bind_t<void, boost::_mfi::mf3<void, CharaTask, atn::Matrix3x4 *, const atn::NodeChunk &, const atn::ModelNodeCallbackContext &>, boost::_bi::list4<boost::_bi::value<CharaTask *>, boost::arg<1>, boost::arg<2>, boost::arg<3>>>",8077c458,12,800ef3d8
"boost::_bi::bind_t<void, boost::_mfi::mf3<void, CharaTask, atn::Matrix3x4 *, const atn::NodeChunk &, const atn::ModelNodeCallbackContext &>, boost::_bi::list4<boost::_bi::value<CharaTask *>, boost::arg<1>, boost::arg<2>, boost::arg<3>>>",8077c458,13,801513d0
"boost::_bi::bind_t<void, boost::_mfi::mf3<void, CharaTask, atn::Matrix3x4 *, const atn::NodeChunk &, const atn::ModelNodeCallbackContext &>, boost::_bi::list4<boost::_bi::value<CharaTask *>, boost::arg<1>, boost::arg<2>, boost::arg<3>>>",8077c458,14,80152a20
"boost::_bi::bind_t<void, boost::_mfi::mf3<void, CharaTask, atn::Matrix3x4 *, const atn::NodeChunk &, const atn::ModelNodeCallbackContext &>, boost::_bi::list4<boost::_bi::value<CharaTask *>, boost::arg<1>, boost::arg<2>, boost::arg<3>>>",8077c458,15,80152d10
"boost::_bi::bind_t<void, boost::_mfi::mf3<void, CharaTask, atn::Matrix3x4 *, const atn::NodeChunk &, const atn::ModelNodeCallbackContext &>, boost::_bi::list4<boost::_bi::value<CharaTask *>, boost::arg<1>, boost::arg<2>, boost::arg<3>>>",8077c458,16,80153004
"boost::_bi::bind_t<void, boost::_mfi::mf3<void, CharaTask, atn::Matrix3x4 *, const atn::NodeChunk &, const atn::ModelNodeCallbackContext &>, boost::_bi::list4<boost::_bi::value<CharaTask *>, boost::arg<1>, boost::arg<2>, boost::arg<3>>>",8077c458,17,80152a24
"boost::_bi::bind_t<void, boost::_mfi::mf3<void, CharaTask, atn::Matrix3x4 *, const atn::NodeChunk &, const atn::ModelNodeCallbackContext &>, boost::_bi::list4<boost::_bi::value<CharaTask *>, boost::arg<1>, boost::arg<2>, boost::arg<3>>>",8077c458,18,80148340
"boost::_bi::bind_t<void, boost::_mfi::mf3<void, CharaTask, atn::Matrix3x4 *, const atn::NodeChunk &, const atn::ModelNodeCallbackContext &>, boost::_bi::list4<boost::_bi::value<CharaTask *>, boost::arg<1>, boost::arg<2>, boost::arg<3>>>",8077c458,19,801489cc
"boost::_bi::bind_t<void, boost::_mfi::mf3<void, CharaTask, atn::Matrix3x4 *, const atn::NodeChunk &, const atn::ModelNodeCallbackContext &>, boost::_bi::list4<boost::_bi::value<CharaTask *>, boost::arg<1>, boost::arg<2>, boost::arg<3>>>",8077c458,20,800ef394
"boost::_bi::bind_t<void, boost::_mfi::mf3<void, CharaTask, atn::Matrix3x4 *, const atn::NodeChunk &, const atn::ModelNodeCallbackContext &>, boost::_bi::list4<boost::_bi::value<CharaTask *>, boost::arg<1>, boost::arg<2>, boost::arg<3>>>",8077c458,21,801501f0
"boost::_bi::bind_t<void, boost::_mfi::mf3<void, CharaTask, atn::Matrix3x4 *, const atn::NodeChunk &, const atn::ModelNodeCallbackContext &>, boost::_bi::list4<boost::_bi::value<CharaTask *>, boost::arg<1>, boost::arg<2>, boost::arg<3>>>",8077c458,22,800ef38c
"boost::_bi::bind_t<void, boost::_mfi::mf3<void, CharaTask, atn::Matrix3x4 *, const atn::NodeChunk &, const atn::ModelNodeCallbackContext &>, boost::_bi::list4<boost::_bi::value<CharaTask *>, boost::arg<1>, boost::arg<2>, boost::arg<3>>>",8077c458,23,80138d70
"boost::_bi::bind_t<void, boost::_mfi::mf3<void, CharaTask, atn::Matrix3x4 *, const atn::NodeChunk &, const atn::ModelNodeCallbackContext &>, boost::_bi::list4<boost::_bi::value<CharaTask *>, boost::arg<1>, boost::arg<2>, boost::arg<3>>>",8077c458,24,800e8fac
"boost::_bi::bind_t<void, boost::_mfi::mf3<void, CharaTask, atn::Matrix3x4 *, const atn::NodeChunk &, const atn::ModelNodeCallbackContext &>, boost::_bi::list4<boost::_bi::value<CharaTask *>, boost::arg<1>, boost::arg<2>, boost::arg<3>>>",8077c458,25,800e8fb4
"boost::_bi::bind_t<void, boost::_mfi::mf3<void, CharaTask, atn::Matrix3x4 *, const atn::NodeChunk &, const atn::ModelNodeCallbackContext &>, boost::_bi::list4<boost::_bi::value<CharaTask *>, boost::arg<1>, boost::arg<2>, boost::arg<3>>>",8077c458,26,800e8fa4
"boost::_bi::bind_t<void, boost::_mfi::mf3<void, CharaTask, atn::Matrix3x4 *, const atn::NodeChunk &, const atn::ModelNodeCallbackContext &>, boost::_bi::list4<boost::_bi::value<CharaTask *>, boost::arg<1>, boost::arg<2>, boost::arg<3>>>",8077c458,27,80155494
"boost::_bi::bind_t<void, boost::_mfi::mf3<void, CharaTask, atn::Matrix3x4 *, const atn::NodeChunk &, const atn::ModelNodeCallbackContext &>, boost::_bi::list4<boost::_bi::value<CharaTask *>, boost::arg<1>, boost::arg<2>, boost::arg<3>>>",8077c458,28,80158d60
"boost::_bi::bind_t<void, boost::_mfi::mf3<void, CharaTask, atn::Matrix3x4 *, const atn::NodeChunk &, const atn::ModelNodeCallbackContext &>, boost::_bi::list4<boost::_bi::value<CharaTask *>, boost::arg<1>, boost::arg<2>, boost::arg<3>>>",8077c458,29,8015dbc8
"boost::_bi::bind_t<void, boost::_mfi::mf3<void, CharaTask, atn::Matrix3x4 *, const atn::NodeChunk &, const atn::ModelNodeCallbackContext &>, boost::_bi::list4<boost::_bi::value<CharaTask *>, boost::arg<1>, boost::arg<2>, boost::arg<3>>>",8077c458,30,801606dc
"boost::_bi::bind_t<void, boost::_mfi::mf3<void, CharaTask, atn::Matrix3x4 *, const atn::NodeChunk &, const atn::ModelNodeCallbackContext &>, boost::_bi::list4<boost::_bi::value<CharaTask *>, boost::arg<1>, boost::arg<2>, boost::arg<3>>>",8077c458,31,80160f54
"boost::_bi::bind_t<void, boost::_mfi::mf3<void, CharaTask, atn::Matrix3x4 *, const atn::NodeChunk &, const atn::ModelNodeCallbackContext &>, boost::_bi::list4<boost::_bi::value<CharaTask *>, boost::arg<1>, boost::arg<2>, boost::arg<3>>>",8077c458,32,80168fcc
"boost::_bi::bind_t<void, boost::_mfi::mf3<void, CharaTask, atn::Matrix3x4 *, const atn::NodeChunk &, const atn::ModelNodeCallbackContext &>, boost::_bi::list4<boost::_bi::value<CharaTask *>, boost::arg<1>, boost::arg<2>, boost::arg<3>>>",8077c458,33,80169c0c
"boost::_bi::bind_t<void, boost::_mfi::mf3<void, CharaTask, atn::Matrix3x4 *, const atn::NodeChunk &, const atn::ModelNodeCallbackContext &>, boost::_bi::list4<boost::_bi::value<CharaTask *>, boost::arg<1>, boost::arg<2>, boost::arg<3>>>",8077c458,34,800ef2ac
"boost::_bi::bind_t<void, boost::_mfi::mf3<void, CharaTask, atn::Matrix3x4 *, const atn::NodeChunk &, const atn::ModelNodeCallbackContext &>, boost::_bi::list4<boost::_bi::value<CharaTask *>, boost::arg<1>, boost::arg<2>, boost::arg<3>>>",8077c458,35,800ef370
"boost::_bi::bind_t<void, boost::_mfi::mf3<void, CharaTask, atn::Matrix3x4 *, const atn::NodeChunk &, const atn::ModelNodeCallbackContext &>, boost::_bi::list4<boost::_bi::value<CharaTask *>, boost::arg<1>, boost::arg<2>, boost::arg<3>>>",8077c458,36,80176b68
"boost::_bi::bind_t<void, boost::_mfi::mf3<void, CharaTask, atn::Matrix3x4 *, const atn::NodeChunk &, const atn::ModelNodeCallbackContext &>, boost::_bi::list4<boost::_bi::value<CharaTask *>, boost::arg<1>, boost::arg<2>, boost::arg<3>>>",8077c458,37,80176d2c
"boost::_bi::bind_t<void, boost::_mfi::mf3<void, CharaTask, atn::Matrix3x4 *, const atn::NodeChunk &, const atn::ModelNodeCallbackContext &>, boost::_bi::list4<boost::_bi::value<CharaTask *>, boost::arg<1>, boost::arg<2>, boost::arg<3>>>",8077c458,38,800ef368
"boost::_bi::bind_t<void, boost::_mfi::mf3<void, CharaTask, atn::Matrix3x4 *, const atn::NodeChunk &, const atn::ModelNodeCallbackContext &>, boost::_bi::list4<boost::_bi::value<CharaTask *>, boost::arg<1>, boost::arg<2>, boost::arg<3>>>",8077c458,39,8017cb6c
"boost::_bi::bind_t<void, boost::_mfi::mf3<void, CharaTask, atn::Matrix3x4 *, const atn::NodeChunk &, const atn::ModelNodeCallbackContext &>, boost::_bi::list4<boost::_bi::value<CharaTask *>, boost::arg<1>, boost::arg<2>, boost::arg<3>>>",8077c458,40,80041a20
"boost::_bi::bind_t<void, boost::_mfi::mf3<void, CharaTask, atn::Matrix3x4 *, const atn::NodeChunk &, const atn::ModelNodeCallbackContext &>, boost::_bi::list4<boost::_bi::value<CharaTask *>, boost::arg<1>, boost::arg<2>, boost::arg<3>>>",8077c458,41,800ef324
"boost::_bi::bind_t<void, boost::_mfi::mf3<void, CharaTask, atn::Matrix3x4 *, const atn::NodeChunk &, const atn::ModelNodeCallbackContext &>, boost::_bi::list4<boost::_bi::value<CharaTask *>, boost::arg<1>, boost::arg<2>, boost::arg<3>>>",8077c458,42,800ef31c
"boost::_bi::bind_t<void, boost::_mfi::mf3<void, CharaTask, atn::Matrix3x4 *, const atn::NodeChunk &, const atn::ModelNodeCallbackContext &>, boost::_bi::list4<boost::_bi::value<CharaTask *>, boost::arg<1>, boost::arg<2>, boost::arg<3>>>",8077c458,43,800ef310
"boost::_bi::bind_t<void, boost::_mfi::mf3<void, CharaTask, atn::Matrix3x4 *, const atn::NodeChunk &, const atn::ModelNodeCallbackContext &>, boost::_bi::list4<boost::_bi::value<CharaTask *>, boost::arg<1>, boost::arg<2>, boost::arg<3>>>",8077c458,44,8017b0f8
"boost::_bi::bind_t<void, boost::_mfi::mf3<void, CharaTask, atn::Matrix3x4 *, const atn::NodeChunk &, const atn::ModelNodeCallbackContext &>, boost::_bi::list4<boost::_bi::value<CharaTask *>, boost::arg<1>, boost::arg<2>, boost::arg<3>>>",8077c458,45,800ef308
"boost::_bi::bind_t<void, boost::_mfi::mf3<void, CharaTask, atn::Matrix3x4 *, const atn::NodeChunk &, const atn::ModelNodeCallbackContext &>, boost::_bi::list4<boost::_bi::value<CharaTask *>, boost::arg<1>, boost::arg<2>, boost::arg<3>>>",8077c458,46,800ef304
"boost::_bi::bind_t<void, boost::_mfi::mf3<void, CharaTask, atn::Matrix3x4 *, const atn::NodeChunk &, const atn::ModelNodeCallbackContext &>, boost::_bi::list4<boost::_bi::value<CharaTask *>, boost::arg<1>, boost::arg<2>, boost::arg<3>>>",8077c458,47,8017bc58
"boost::_bi::bind_t<void, boost::_mfi::mf3<void, CharaTask, atn::Matrix3x4 *, const atn::NodeChunk &, const atn::ModelNodeCallbackContext &>, boost::_bi::list4<boost::_bi::value<CharaTask *>, boost::arg<1>, boost::arg<2>, boost::arg<3>>>",8077c458,48,800ef2f0
"boost::_bi::bind_t<void, boost::_mfi::mf3<void, CharaTask, atn::Matrix3x4 *, const atn::NodeChunk &, const atn::ModelNodeCallbackContext &>, boost::_bi::list4<boost::_bi::value<CharaTask *>, boost::arg<1>, boost::arg<2>, boost::arg<3>>>",8077c458,49,8017bddc
"boost::_bi::bind_t<void, boost::_mfi::mf3<void, CharaTask, atn::Matrix3x4 *, const atn::NodeChunk &, const atn::ModelNodeCallbackContext &>, boost::_bi::list4<boost::_bi::value<CharaTask *>, boost::arg<1>, boost::arg<2>, boost::arg<3>>>",8077c458,50,8017c4c4
"boost::_bi::bind_t<void, boost::_mfi::mf3<void, CharaTask, atn::Matrix3x4 *, const atn::NodeChunk &, const atn::ModelNodeCallbackContext &>, boost::_bi::list4<boost::_bi::value<CharaTask *>, boost::arg<1>, boost::arg<2>, boost::arg<3>>>",8077c458,51,800ef2b4
"boost::_bi::bind_t<void, boost::_mfi::mf3<void, CharaTask, atn::Matrix3x4 *, const atn::NodeChunk &, const atn::ModelNodeCallbackContext &>, boost::_bi::list4<boost::_bi::value<CharaTask *>, boost::arg<1>, boost::arg<2>, boost::arg<3>>>",8077c458,52,8017c52c
"boost::_bi::bind_t<void, boost::_mfi::mf3<void, CharaTask, atn::Matrix3x4 *, const atn::NodeChunk &, const atn::ModelNodeCallbackContext &>, boost::_bi::list4<boost::_bi::value<CharaTask *>, boost::arg<1>, boost::arg<2>, boost::arg<3>>>",8077c458,53,800ef270
"boost::_bi::bind_t<void, boost::_mfi::mf3<void, CharaTask, atn::Matrix3x4 *, const atn::NodeChunk &, const atn::ModelNodeCallbackContext &>, boost::_bi::list4<boost::_bi::value<CharaTask *>, boost::arg<1>, boost::arg<2>, boost::arg<3>>>",8077c458,54,800ef080
"boost::_bi::bind_t<void, boost::_mfi::mf3<void, CharaTask, const atn::Vector3 &, int, int>, boost::_bi::list4<boost::_bi::value<CharaTask *>, boost::_bi::value<atn::Vector3>, boost::_bi::value<int>, boost::_bi::value<bool>>>",80780920,0,801b525c
"boost::_bi::bind_t<void, boost::_mfi::mf3<void, CharaTask, const atn::Vector3 &, int, int>, boost::_bi::list4<boost::_bi::value<CharaTask *>, boost::_bi::value<atn::Vector3>, boost::_bi::value<int>, boost::_bi::value<bool>>>",80780920,1,801b507c
"boost::_bi::bind_t<void, boost::_mfi::mf3<void, CharaTask, const atn::Vector3 &, int, int>, boost::_bi::list4<boost::_bi::value<CharaTask *>, boost::_bi::value<atn::Vector3>, boost::_bi::value<int>, boost::_bi::value<bool>>>",80780920,2,80192758
"boost::_bi::bind_t<void, boost::_mfi::mf3<void, CharaTask, const atn::Vector3 &, int, int>, boost::_bi::list4<boost::_bi::value<CharaTask *>, boost::_bi::value<atn::Vector3>, boost::_bi::value<int>, boost::_bi::value<bool>>>",80780920,3,80192578
"boost::_bi::bind_t<void, boost::_mfi::mf3<void, CharaTask, const atn::Vector3 &, int, int>, boost::_bi::list4<boost::_bi::value<CharaTask *>, boost::_bi::value<atn::Vector3>, boost::_bi::value<int>, boost::_bi::value<bool>>>",80780920,4,80192590
"boost::_bi::bind_t<void, boost::_mfi::mf3<void, CharaTask, const atn::Vector3 &, int, int>, boost::_bi::list4<boost::_bi::value<CharaTask *>, boost::_bi::value<atn::Vector3>, boost::_bi::value<int>, boost::_bi::value<bool>>>",80780920,5,800e70a8
"boost::_bi::bind_t<void, boost::_mfi::mf3<void, CharaTask, const atn::Vector3 &, int, int>, boost::_bi::list4<boost::_bi::value<CharaTask *>, boost::_bi::value<atn::Vector3>, boost::_bi::value<int>, boost::_bi::value<bool>>>",80780920,6,80158c9c
"boost::_bi::bind_t<void, boost::_mfi::mf3<void, CharaTask, const atn::Vector3 &, int, int>, boost::_bi::list4<boost::_bi::value<CharaTask *>, boost::_bi::value<atn::Vector3>, boost::_bi::value<int>, boost::_bi::value<bool>>>",80780920,7,80158d58
"boost::_bi::bind_t<void, boost::_mfi::mf3<void, CharaTask, const atn::Vector3 &, int, int>, boost::_bi::list4<boost::_bi::value<CharaTask *>, boost::_bi::value<atn::Vector3>, boost::_bi::value<int>, boost::_bi::value<bool>>>",80780920,8,80158e14
"boost::_bi::bind_t<void, boost::_mfi::mf3<void, CharaTask, const atn::Vector3 &, int, int>, boost::_bi::list4<boost::_bi::value<CharaTask *>, boost::_bi::value<atn::Vector3>, boost::_bi::value<int>, boost::_bi::value<bool>>>",80780920,9,800fcd1c
"boost::_bi::bind_t<void, boost::_mfi::mf3<void, CharaTask, const atn::Vector3 &, int, int>, boost::_bi::list4<boost::_bi::value<CharaTask *>, boost::_bi::value<atn::Vector3>, boost::_bi::value<int>, boost::_bi::value<bool>>>",80780920,10,800e60fc
"boost::_bi::bind_t<void, boost::_mfi::mf3<void, CharaTask, const atn::Vector3 &, int, int>, boost::_bi::list4<boost::_bi::value<CharaTask *>, boost::_bi::value<atn::Vector3>, boost::_bi::value<int>, boost::_bi::value<bool>>>",80780920,11,8017a220
"boost::_bi::bind_t<void, boost::_mfi::mf3<void, CharaTask, const atn::Vector3 &, int, int>, boost::_bi::list4<boost::_bi::value<CharaTask *>, boost::_bi::value<atn::Vector3>, boost::_bi::value<int>, boost::_bi::value<bool>>>",80780920,12,8017a2f8
"boost::_bi::bind_t<void, boost::_mfi::mf3<void, CharaTask, const atn::Vector3 &, int, int>, boost::_bi::list4<boost::_bi::value<CharaTask *>, boost::_bi::value<atn::Vector3>, boost::_bi::value<int>, boost::_bi::value<bool>>>",80780920,13,801446e8
"boost::_bi::bind_t<void, boost::_mfi::mf3<void, CharaTask, const atn::Vector3 &, int, int>, boost::_bi::list4<boost::_bi::value<CharaTask *>, boost::_bi::value<atn::Vector3>, boost::_bi::value<int>, boost::_bi::value<bool>>>",80780920,14,80147a0c
"boost::_bi::bind_t<void, boost::_mfi::mf3<void, CharaTask, const atn::Vector3 &, int, int>, boost::_bi::list4<boost::_bi::value<CharaTask *>, boost::_bi::value<atn::Vector3>, boost::_bi::value<int>, boost::_bi::value<bool>>>",80780920,15,80188088
"boost::_bi::bind_t<void, boost::_mfi::mf3<void, CharaTask, const atn::Vector3 &, int, int>, boost::_bi::list4<boost::_bi::value<CharaTask *>, boost::_bi::value<atn::Vector3>, boost::_bi::value<int>, boost::_bi::value<bool>>>",80780920,16,80188080
"boost::_bi::bind_t<void, boost::_mfi::mf3<void, CharaTask, const atn::Vector3 &, int, int>, boost::_bi::list4<boost::_bi::value<CharaTask *>, boost::_bi::value<atn::Vector3>, boost::_bi::value<int>, boost::_bi::value<bool>>>",80780920,17,80188064
"boost::_bi::bind_t<void, boost::_mfi::mf3<void, CharaTask, const atn::Vector3 &, int, int>, boost::_bi::list4<boost::_bi::value<CharaTask *>, boost::_bi::value<atn::Vector3>, boost::_bi::value<int>, boost::_bi::value<bool>>>",80780920,18,800ee5a4
"boost::_bi::bind_t<void, boost::_mfi::mf3<void, CharaTask, const atn::Vector3 &, int, int>, boost::_bi::list4<boost::_bi::value<CharaTask *>, boost::_bi::value<atn::Vector3>, boost::_bi::value<int>, boost::_bi::value<bool>>>",80780920,19,80151180
"boost::_bi::bind_t<void, boost::_mfi::mf3<void, CharaTask, const atn::Vector3 &, int, int>, boost::_bi::list4<boost::_bi::value<CharaTask *>, boost::_bi::value<atn::Vector3>, boost::_bi::value<int>, boost::_bi::value<bool>>>",80780920,20,80147a10
"boost::_bi::bind_t<void, boost::_mfi::mf3<void, CharaTask, const atn::Vector3 &, int, int>, boost::_bi::list4<boost::_bi::value<CharaTask *>, boost::_bi::value<atn::Vector3>, boost::_bi::value<int>, boost::_bi::value<bool>>>",80780920,21,80188060
boost::bad_function_call,80775b58,0,8001a270
boost::bad_function_call,80775b58,1,8001a268
boost::detail::sp_counted_base,80793bc0,0,8053acdc
boost::detail::sp_counted_base,80793bc0,1,8053ad1c
boost::detail::sp_counted_impl_p<Event::Cut>,807943d8,0,8053e6e4
boost::detail::sp_counted_impl_p<Event::Cut>,807943d8,1,8053e8c4
boost::detail::sp_counted_impl_p<Event::Cut>,807943d8,2,8053f114
boost::detail::sp_counted_impl_p<Event::Cut>,807943d8,3,8053f4f4
boost::detail::sp_counted_impl_p<Event::Cut>,807943d8,4,80013cac
boost::detail::sp_counted_impl_p<Event::Section>,80793d60,0,8053c4e4
boost::detail::sp_counted_impl_p<Event::Section>,80793d60,1,8053c1e0
boost::detail::sp_counted_impl_p<Event::Section>,80793d60,2,8053ac6c
boost::detail::sp_counted_impl_p<Event::Section>,80793d60,3,8053c204
chr::ControlAbsorbed,8077ea28,0,801a05a8
chr::ControlAbsorbed,8077ea28,1,80196548
chr::ControlAbsorbed,8077ea28,2,80192758
chr::ControlAbsorbed,8077ea28,3,80192578
chr::ControlAbsorbed,8077ea28,4,80192590
chr::ControlAbsorbed,8077ea28,5,800e70a8
chr::ControlAbsorbed,8077ea28,6,80158c9c
chr::ControlAbsorbed,8077ea28,7,80158d58
chr::ControlAbsorbed,8077ea28,8,80158e14
chr::ControlAbsorbed,8077ea28,9,800fcd1c
chr::ControlAbsorbed,8077ea28,10,800e60fc
chr::ControlAbsorbed,8077ea28,11,8017a220
chr::ControlAbsorbed,8077ea28,12,8017a2f8
chr::ControlAbsorbed,8077ea28,13,801446e8
chr::ControlAbsorbed,8077ea28,14,80147a0c
chr::ControlAbsorbed,8077ea28,15,80188088
chr::ControlAbsorbed,8077ea28,16,80188080
chr::ControlAbsorbed,8077ea28,17,80188064
chr::ControlAbsorbed,8077ea28,18,800ee5a4
chr::ControlAbsorbed,8077ea28,19,80151180
chr::ControlAbsorbed,8077ea28,20,80147a10
chr::ControlAbsorbed,8077ea28,21,80188060
chr::ControlAbsorbedHP,8077e140,0,801a09e8
chr::ControlAbsorbedHP,8077e140,1,8019d98c
chr::ControlAbsorbedHP,8077e140,2,80192758
chr::ControlAbsorbedHP,8077e140,3,8019da3c
chr::ControlAbsorbedHP,8077e140,4,80192590
chr::ControlAbsorbedHP,8077e140,5,800e70a8
chr::ControlAbsorbedHP,8077e140,6,80158c9c
chr::ControlAbsorbedHP,8077e140,7,80158d58
chr::ControlAbsorbedHP,8077e140,8,80158e14
chr::ControlAbsorbedHP,8077e140,9,800fcd1c
chr::ControlAbsorbedHP,8077e140,10,800e60fc
chr::ControlAbsorbedHP,8077e140,11,8017a220
chr::ControlAbsorbedHP,8077e140,12,8017a2f8
chr::ControlAbsorbedHP,8077e140,13,801446e8
chr::ControlAbsorbedHP,8077e140,14,80147a0c
chr::ControlAbsorbedHP,8077e140,15,80188088
chr::ControlAbsorbedHP,8077e140,16,80188080
chr::ControlAbsorbedHP,8077e140,17,80188064
chr::ControlAbsorbedHP,8077e140,18,800ee5a4
chr::ControlAbsorbedHP,8077e140,19,80151180
chr::ControlAbsorbedHP,8077e140,20,80147a10
chr::ControlAbsorbedHP,8077e140,21,80188060
chr::ControlAbsorbedHPReleased,8077e0c8,0,801a0a28
chr::ControlAbsorbedHPReleased,8077e0c8,1,8019dba4
chr::ControlAbsorbedHPReleased,8077e0c8,2,8019df0c
chr::ControlAbsorbedHPReleased,8077e0c8,3,80192578
chr::ControlAbsorbedHPReleased,8077e0c8,4,80192590
chr::ControlAbsorbedHPReleased,8077e0c8,5,800e70a8
chr::ControlAbsorbedHPReleased,8077e0c8,6,80158c9c
chr::ControlAbsorbedHPReleased,8077e0c8,7,80158d58
chr::ControlAbsorbedHPReleased,8077e0c8,8,80158e14
chr::ControlAbsorbedHPReleased,8077e0c8,9,800fcd1c
chr::ControlAbsorbedHPReleased,8077e0c8,10,800e60fc
chr::ControlAbsorbedHPReleased,8077e0c8,11,8017a220
chr::ControlAbsorbedHPReleased,8077e0c8,12,8017a2f8
chr::ControlAbsorbedHPReleased,8077e0c8,13,801446e8
chr::ControlAbsorbedHPReleased,8077e0c8,14,80147a0c
chr::ControlAbsorbedHPReleased,8077e0c8,15,80188088
chr::ControlAbsorbedHPReleased,8077e0c8,16,80188080
chr::ControlAbsorbedHPReleased,8077e0c8,17,80188064
chr::ControlAbsorbedHPReleased,8077e0c8,18,800ee5a4
chr::ControlAbsorbedHPReleased,8077e0c8,19,80151180
chr::ControlAbsorbedHPReleased,8077e0c8,20,80147a10
chr::ControlAbsorbedHPReleased,8077e0c8,21,80188060
chr::ControlAlleyWay,80781598,0,801bc188
chr::ControlAlleyWay,80781598,1,801b9de4
chr::ControlAlleyWay,80781598,2,80192758
chr::ControlAlleyWay,80781598,3,801bac74
chr::ControlAlleyWay,80781598,4,80192590
chr::ControlAlleyWay,80781598,5,800e70a8
chr::ControlAlleyWay,80781598,6,80158c9c
chr::ControlAlleyWay,80781598,7,80158d58
chr::ControlAlleyWay,80781598,8,80158e14
chr::ControlAlleyWay,80781598,9,800fcd1c
chr::ControlAlleyWay,80781598,10,800e60fc
chr::ControlAlleyWay,80781598,11,8017a220
chr::ControlAlleyWay,80781598,12,8017a2f8
chr::ControlAlleyWay,80781598,13,801446e8
chr::ControlAlleyWay,80781598,14,801bb138
chr::ControlAlleyWay,80781598,15,80188088
chr::ControlAlleyWay,80781598,16,80188080
chr::ControlAlleyWay,80781598,17,80188064
chr::ControlAlleyWay,80781598,18,800ee5a4
chr::ControlAlleyWay,80781598,19,80151180
chr::ControlAlleyWay,80781598,20,80147a10
chr::ControlAlleyWay,80781598,21,80188060
chr::ControlAppearCoffin,8077cdb8,0,801895b4
chr::ControlAppearCoffin,8077cdb8,1,8018910c
chr::ControlAppearCoffin,8077cdb8,2,801891fc
chr::ControlAppearCoffin,8077cdb8,3,80192578
chr::ControlAppearCoffin,8077cdb8,4,80192590
chr::ControlAppearCoffin,8077cdb8,5,801893f4
chr::ControlAppearCoffin,8077cdb8,6,80158c9c
chr::ControlAppearCoffin,8077cdb8,7,80158d58
chr::ControlAppearCoffin,8077cdb8,8,80158e14
chr::ControlAppearCoffin,8077cdb8,9,800fcd1c
chr::ControlAppearCoffin,8077cdb8,10,800e60fc
chr::ControlAppearCoffin,8077cdb8,11,8017a220
chr::ControlAppearCoffin,8077cdb8,12,8017a2f8
chr::ControlAppearCoffin,8077cdb8,13,801446e8
chr::ControlAppearCoffin,8077cdb8,14,80147a0c
chr::ControlAppearCoffin,8077cdb8,15,80188088
chr::ControlAppearCoffin,8077cdb8,16,80188080
chr::ControlAppearCoffin,8077cdb8,17,80188064
chr::ControlAppearCoffin,8077cdb8,18,800ee5a4
chr::ControlAppearCoffin,8077cdb8,19,80151180
chr::ControlAppearCoffin,8077cdb8,20,80147a10
chr::ControlAppearCoffin,8077cdb8,21,80188060
chr::ControlAppearEnd,8077cea8,0,80189534
chr::ControlAppearEnd,8077cea8,1,801881c4
chr::ControlAppearEnd,8077cea8,2,801883e8
chr::ControlAppearEnd,8077cea8,3,80192578
chr::ControlAppearEnd,8077cea8,4,80192590
chr::ControlAppearEnd,8077cea8,5,80188bc4
chr::ControlAppearEnd,8077cea8,6,80158c9c
chr::ControlAppearEnd,8077cea8,7,80158d58
chr::ControlAppearEnd,8077cea8,8,80158e14
chr::ControlAppearEnd,8077cea8,9,800fcd1c
chr::ControlAppearEnd,8077cea8,10,800e60fc
chr::ControlAppearEnd,8077cea8,11,8017a220
chr::ControlAppearEnd,8077cea8,12,8017a2f8
chr::ControlAppearEnd,8077cea8,13,801446e8
chr::ControlAppearEnd,8077cea8,14,801882ec
chr::ControlAppearEnd,8077cea8,15,80188088
chr::ControlAppearEnd,8077cea8,16,80188080
chr::ControlAppearEnd,8077cea8,17,80188064
chr::ControlAppearEnd,8077cea8,18,800ee5a4
chr::ControlAppearEnd,8077cea8,19,80151180
chr::ControlAppearEnd,8077cea8,20,80147a10
chr::ControlAppearEnd,8077cea8,21,80188060
chr::ControlAppearSkelton,8077ce30,0,80189574
chr::ControlAppearSkelton,8077ce30,1,80188c70
chr::ControlAppearSkelton,8077ce30,2,80188d3c
chr::ControlAppearSkelton,8077ce30,3,80192578
chr::ControlAppearSkelton,8077ce30,4,80192590
chr::ControlAppearSkelton,8077ce30,5,800e70a8
chr::ControlAppearSkelton,8077ce30,6,80158c9c
chr::ControlAppearSkelton,8077ce30,7,80158d58
chr::ControlAppearSkelton,8077ce30,8,80158e14
chr::ControlAppearSkelton,8077ce30,9,800fcd1c
chr::ControlAppearSkelton,8077ce30,10,800e60fc
chr::ControlAppearSkelton,8077ce30,11,8017a220
chr::ControlAppearSkelton,8077ce30,12,8017a2f8
chr::ControlAppearSkelton,8077ce30,13,801446e8
chr::ControlAppearSkelton,8077ce30,14,80147a0c
chr::ControlAppearSkelton,8077ce30,15,80188088
chr::ControlAppearSkelton,8077ce30,16,80188080
chr::ControlAppearSkelton,8077ce30,17,80188064
chr::ControlAppearSkelton,8077ce30,18,800ee5a4
chr::ControlAppearSkelton,8077ce30,19,80151180
chr::ControlAppearSkelton,8077ce30,20,80147a10
chr::ControlAppearSkelton,8077ce30,21,80188060
chr::ControlAttackLastOne,8077cff8,0,8018ee44
chr::ControlAttackLastOne,8077cff8,1,8018dd34
chr::ControlAttackLastOne,8077cff8,2,80192758
chr::ControlAttackLastOne,8077cff8,3,80192578
chr::ControlAttackLastOne,8077cff8,4,8018ebb0
chr::ControlAttackLastOne,8077cff8,5,8018e434
chr::ControlAttackLastOne,8077cff8,6,801897b4
chr::ControlAttackLastOne,8077cff8,7,80189634
chr::ControlAttackLastOne,8077cff8,8,8018982c
chr::ControlAttackLastOne,8077cff8,9,80189a14
chr::ControlAttackLastOne,8077cff8,10,801899b0
chr::ControlAttackLastOne,8077cff8,11,80189a30
chr::ControlAttackLastOne,8077cff8,12,80189a8c
chr::ControlAttackLastOne,8077cff8,13,801446e8
chr::ControlAttackLastOne,8077cff8,14,80147a0c
chr::ControlAttackLastOne,8077cff8,15,80188088
chr::ControlAttackLastOne,8077cff8,16,80188080
chr::ControlAttackLastOne,8077cff8,17,80188064
chr::ControlAttackLastOne,8077cff8,18,800ee5a4
chr::ControlAttackLastOne,8077cff8,19,80151180
chr::ControlAttackLastOne,8077cff8,20,80147a10
chr::ControlAttackLastOne,8077cff8,21,80188060
chr::ControlAttackLastOne,8077cff8,22,80189b28
chr::ControlAttackNext,8077d4f0,0,8018ebc4
chr::ControlAttackNext,8077d4f0,1,8018a4d0
chr::ControlAttackNext,8077d4f0,2,80192758
chr::ControlAttackNext,8077d4f0,3,80192578
chr::ControlAttackNext,8077d4f0,4,8018ebb0
chr::ControlAttackNext,8077d4f0,5,800e70a8
chr::ControlAttackNext,8077d4f0,6,801897b4
chr::ControlAttackNext,8077d4f0,7,80189634
chr::ControlAttackNext,8077d4f0,8,8018982c
chr::ControlAttackNext,8077d4f0,9,80189a14
chr::ControlAttackNext,8077d4f0,10,801899b0
chr::ControlAttackNext,8077d4f0,11,80189a30
chr::ControlAttackNext,8077d4f0,12,80189a8c
chr::ControlAttackNext,8077d4f0,13,801446e8
chr::ControlAttackNext,8077d4f0,14,80147a0c
chr::ControlAttackNext,8077d4f0,15,80188088
chr::ControlAttackNext,8077d4f0,16,80188080
chr::ControlAttackNext,8077d4f0,17,80188064
chr::ControlAttackNext,8077d4f0,18,800ee5a4
chr::ControlAttackNext,8077d4f0,19,80151180
chr::ControlAttackNext,8077d4f0,20,80147a10
chr::ControlAttackNext,8077d4f0,21,80188060
chr::ControlAttackNext,8077d4f0,22,80189b28
chr::ControlAttackSetup,8077d470,0,8018ec04
chr::ControlAttackSetup,8077d470,1,8018b090
chr::ControlAttackSetup,8077d470,2,80192758
chr::ControlAttackSetup,8077d470,3,80192578
chr::ControlAttackSetup,8077d470,4,8018ebb0
chr::ControlAttackSetup,8077d470,5,800e70a8
chr::ControlAttackSetup,8077d470,6,801897b4
chr::ControlAttackSetup,8077d470,7,80189634
chr::ControlAttackSetup,8077d470,8,8018982c
chr::ControlAttackSetup,8077d470,9,80189a14
chr::ControlAttackSetup,8077d470,10,801899b0
chr::ControlAttackSetup,8077d470,11,80189a30
chr::ControlAttackSetup,8077d470,12,80189a8c
chr::ControlAttackSetup,8077d470,13,801446e8
chr::ControlAttackSetup,8077d470,14,80147a0c
chr::ControlAttackSetup,8077d470,15,80188088
chr::ControlAttackSetup,8077d470,16,80188080
chr::ControlAttackSetup,8077d470,17,80188064
chr::ControlAttackSetup,8077d470,18,800ee5a4
chr::ControlAttackSetup,8077d470,19,80151180
chr::ControlAttackSetup,8077d470,20,80147a10
chr::ControlAttackSetup,8077d470,21,80188060
chr::ControlAttackSetup,8077d470,22,80189b28
chr::ControlAttractHateCharge,80780fb8,0,801b9a14
chr::ControlAttractHateCharge,80780fb8,1,801b9598
chr::ControlAttractHateCharge,80780fb8,2,80192758
chr::ControlAttractHateCharge,80780fb8,3,801b9814
chr::ControlAttractHateCharge,80780fb8,4,80192590
chr::ControlAttractHateCharge,80780fb8,5,800e70a8
chr::ControlAttractHateCharge,80780fb8,6,80158c9c
chr::ControlAttractHateCharge,80780fb8,7,80158d58
chr::ControlAttractHateCharge,80780fb8,8,80158e14
chr::ControlAttractHateCharge,80780fb8,9,800fcd1c
chr::ControlAttractHateCharge,80780fb8,10,800e60fc
chr::ControlAttractHateCharge,80780fb8,11,8017a220
chr::ControlAttractHateCharge,80780fb8,12,8017a2f8
chr::ControlAttractHateCharge,80780fb8,13,801446e8
chr::ControlAttractHateCharge,80780fb8,14,80147a0c
chr::ControlAttractHateCharge,80780fb8,15,80188088
chr::ControlAttractHateCharge,80780fb8,16,80188080
chr::ControlAttractHateCharge,80780fb8,17,80188064
chr::ControlAttractHateCharge,80780fb8,18,800ee5a4
chr::ControlAttractHateCharge,80780fb8,19,80151180
chr::ControlAttractHateCharge,80780fb8,20,80147a10
chr::ControlAttractHateCharge,80780fb8,21,80188060
chr::ControlAvoid,8077fff8,0,801b0478
chr::ControlAvoid,8077fff8,1,801ace88
chr::ControlAvoid,8077fff8,2,80192758
chr::ControlAvoid,8077fff8,3,80192578
chr::ControlAvoid,8077fff8,4,80192590
chr::ControlAvoid,8077fff8,5,800e70a8
chr::ControlAvoid,8077fff8,6,80158c9c
chr::ControlAvoid,8077fff8,7,80158d58
chr::ControlAvoid,8077fff8,8,80158e14
chr::ControlAvoid,8077fff8,9,800fcd1c
chr::ControlAvoid,8077fff8,10,800e60fc
chr::ControlAvoid,8077fff8,11,8017a220
chr::ControlAvoid,8077fff8,12,8017a2f8
chr::ControlAvoid,8077fff8,13,801446e8
chr::ControlAvoid,8077fff8,14,80147a0c
chr::ControlAvoid,8077fff8,15,80188088
chr::ControlAvoid,8077fff8,16,80188080
chr::ControlAvoid,8077fff8,17,80188064
chr::ControlAvoid,8077fff8,18,800ee5a4
chr::ControlAvoid,8077fff8,19,80151180
chr::ControlAvoid,8077fff8,20,80147a10
chr::ControlAvoid,8077fff8,21,80188060
chr::ControlBackStep,80780418,0,801b27c8
chr::ControlBackStep,80780418,1,801b1aac
chr::ControlBackStep,80780418,2,80192758
chr::ControlBackStep,80780418,3,80192578
chr::ControlBackStep,80780418,4,80192590
chr::ControlBackStep,80780418,5,800e70a8
chr::ControlBackStep,80780418,6,80158c9c
chr::ControlBackStep,80780418,7,80158d58
chr::ControlBackStep,80780418,8,80158e14
chr::ControlBackStep,80780418,9,800fcd1c
chr::ControlBackStep,80780418,10,800e60fc
chr::ControlBackStep,80780418,11,8017a220
chr::ControlBackStep,80780418,12,8017a2f8
chr::ControlBackStep,80780418,13,801446e8
chr::ControlBackStep,80780418,14,80147a0c
chr::ControlBackStep,80780418,15,80188088
chr::ControlBackStep,80780418,16,80188080
chr::ControlBackStep,80780418,17,80188064
chr::ControlBackStep,80780418,18,800ee5a4
chr::ControlBackStep,80780418,19,80151180
chr::ControlBackStep,80780418,20,80147a10
chr::ControlBackStep,80780418,21,80188060
chr::ControlBoundShade,8077e230,0,801a0968
chr::ControlBoundShade,8077e230,1,8019bf8c
chr::ControlBoundShade,8077e230,2,80192758
chr::ControlBoundShade,8077e230,3,80192578
chr::ControlBoundShade,8077e230,4,80192590
chr::ControlBoundShade,8077e230,5,800e70a8
chr::ControlBoundShade,8077e230,6,80158c9c
chr::ControlBoundShade,8077e230,7,80158d58
chr::ControlBoundShade,8077e230,8,80158e14
chr::ControlBoundShade,8077e230,9,800fcd1c
chr::ControlBoundShade,8077e230,10,800e60fc
chr::ControlBoundShade,8077e230,11,8017a220
chr::ControlBoundShade,8077e230,12,8017a2f8
chr::ControlBoundShade,8077e230,13,801446e8
chr::ControlBoundShade,8077e230,14,80147a0c
chr::ControlBoundShade,8077e230,15,80188088
chr::ControlBoundShade,8077e230,16,80188080
chr::ControlBoundShade,8077e230,17,80188064
chr::ControlBoundShade,8077e230,18,800ee5a4
chr::ControlBoundShade,8077e230,19,80151180
chr::ControlBoundShade,8077e230,20,80147a10
chr::ControlBoundShade,8077e230,21,80188060
chr::ControlBumpHead,807811b8,0,801b9914
chr::ControlBumpHead,807811b8,1,801b7cd0
chr::ControlBumpHead,807811b8,2,80192758
chr::ControlBumpHead,807811b8,3,80192578
chr::ControlBumpHead,807811b8,4,80192590
chr::ControlBumpHead,807811b8,5,800e70a8
chr::ControlBumpHead,807811b8,6,80158c9c
chr::ControlBumpHead,807811b8,7,80158d58
chr::ControlBumpHead,807811b8,8,80158e14
chr::ControlBumpHead,807811b8,9,800fcd1c
chr::ControlBumpHead,807811b8,10,800e60fc
chr::ControlBumpHead,807811b8,11,8017a220
chr::ControlBumpHead,807811b8,12,8017a2f8
chr::ControlBumpHead,807811b8,13,801446e8
chr::ControlBumpHead,807811b8,14,80147a0c
chr::ControlBumpHead,807811b8,15,80188088
chr::ControlBumpHead,807811b8,16,80188080
chr::ControlBumpHead,807811b8,17,80188064
chr::ControlBumpHead,807811b8,18,800ee5a4
chr::ControlBumpHead,807811b8,19,80151180
chr::ControlBumpHead,807811b8,20,80147a10
chr::ControlBumpHead,807811b8,21,80188060
chr::ControlCannonTarget,8077f048,0,801a21ec
chr::ControlCannonTarget,8077f048,1,801a1854
chr::ControlCannonTarget,8077f048,2,80192758
chr::ControlCannonTarget,8077f048,3,80192578
chr::ControlCannonTarget,8077f048,4,80192590
chr::ControlCannonTarget,8077f048,5,800e70a8
chr::ControlCannonTarget,8077f048,6,80158c9c
chr::ControlCannonTarget,8077f048,7,80158d58
chr::ControlCannonTarget,8077f048,8,80158e14
chr::ControlCannonTarget,8077f048,9,800fcd1c
chr::ControlCannonTarget,8077f048,10,800e60fc
chr::ControlCannonTarget,8077f048,11,8017a220
chr::ControlCannonTarget,8077f048,12,8017a2f8
chr::ControlCannonTarget,8077f048,13,801446e8
chr::ControlCannonTarget,8077f048,14,80147a0c
chr::ControlCannonTarget,8077f048,15,80188088
chr::ControlCannonTarget,8077f048,16,80188080
chr::ControlCannonTarget,8077f048,17,80188064
chr::ControlCannonTarget,8077f048,18,800ee5a4
chr::ControlCannonTarget,8077f048,19,80151180
chr::ControlCannonTarget,8077f048,20,80147a10
chr::ControlCannonTarget,8077f048,21,80188060
chr::ControlCannonThrow,8077f0c0,0,801a21ac
chr::ControlCannonThrow,8077f0c0,1,801a0c54
chr::ControlCannonThrow,8077f0c0,2,801a10cc
chr::ControlCannonThrow,8077f0c0,3,80192578
chr::ControlCannonThrow,8077f0c0,4,80192590
chr::ControlCannonThrow,8077f0c0,5,801a1548
chr::ControlCannonThrow,8077f0c0,6,80158c9c
chr::ControlCannonThrow,8077f0c0,7,80158d58
chr::ControlCannonThrow,8077f0c0,8,80158e14
chr::ControlCannonThrow,8077f0c0,9,800fcd1c
chr::ControlCannonThrow,8077f0c0,10,800e60fc
chr::ControlCannonThrow,8077f0c0,11,8017a220
chr::ControlCannonThrow,8077f0c0,12,8017a2f8
chr::ControlCannonThrow,8077f0c0,13,801446e8
chr::ControlCannonThrow,8077f0c0,14,80147a0c
chr::ControlCannonThrow,8077f0c0,15,80188088
chr::ControlCannonThrow,8077f0c0,16,80188080
chr::ControlCannonThrow,8077f0c0,17,80188064
chr::ControlCannonThrow,8077f0c0,18,800ee5a4
chr::ControlCannonThrow,8077f0c0,19,80151180
chr::ControlCannonThrow,8077f0c0,20,80147a10
chr::ControlCannonThrow,8077f0c0,21,80188060
chr::ControlCaughtSkelton,8077e500,0,801a0828
chr::ControlCaughtSkelton,8077e500,1,80199afc
chr::ControlCaughtSkelton,8077e500,2,8019a0c4
chr::ControlCaughtSkelton,8077e500,3,8019a020
chr::ControlCaughtSkelton,8077e500,4,80192590
chr::ControlCaughtSkelton,8077e500,5,800e70a8
chr::ControlCaughtSkelton,8077e500,6,80158c9c
chr::ControlCaughtSkelton,8077e500,7,80158d58
chr::ControlCaughtSkelton,8077e500,8,80158e14
chr::ControlCaughtSkelton,8077e500,9,800fcd1c
chr::ControlCaughtSkelton,8077e500,10,800e60fc
chr::ControlCaughtSkelton,8077e500,11,8017a220
chr::ControlCaughtSkelton,8077e500,12,8017a2f8
chr::ControlCaughtSkelton,8077e500,13,801446e8
chr::ControlCaughtSkelton,8077e500,14,80147a0c
chr::ControlCaughtSkelton,8077e500,15,80188088
chr::ControlCaughtSkelton,8077e500,16,80188080
chr::ControlCaughtSkelton,8077e500,17,80188064
chr::ControlCaughtSkelton,8077e500,18,800ee5a4
chr::ControlCaughtSkelton,8077e500,19,80151180
chr::ControlCaughtSkelton,8077e500,20,80147a10
chr::ControlCaughtSkelton,8077e500,21,80188060
chr::ControlCdnBetray,8077d9f0,0,80192438
chr::ControlCdnBetray,8077d9f0,1,8018ff64
chr::ControlCdnBetray,8077d9f0,2,80192758
chr::ControlCdnBetray,8077d9f0,3,80192578
chr::ControlCdnBetray,8077d9f0,4,80192590
chr::ControlCdnBetray,8077d9f0,5,800e70a8
chr::ControlCdnBetray,8077d9f0,6,80158c9c
chr::ControlCdnBetray,8077d9f0,7,80158d58
chr::ControlCdnBetray,8077d9f0,8,80158e14
chr::ControlCdnBetray,8077d9f0,9,800fcd1c
chr::ControlCdnBetray,8077d9f0,10,800e60fc
chr::ControlCdnBetray,8077d9f0,11,8017a220
chr::ControlCdnBetray,8077d9f0,12,8017a2f8
chr::ControlCdnBetray,8077d9f0,13,801446e8
chr::ControlCdnBetray,8077d9f0,14,80147a0c
chr::ControlCdnBetray,8077d9f0,15,80188088
chr::ControlCdnBetray,8077d9f0,16,80188080
chr::ControlCdnBetray,8077d9f0,17,80188064
chr::ControlCdnBetray,8077d9f0,18,800ee5a4
chr::ControlCdnBetray,8077d9f0,19,80151180
chr::ControlCdnBetray,8077d9f0,20,80147a10
chr::ControlCdnBetray,8077d9f0,21,80188060
chr::ControlCdnParalyzed,8077dae0,0,801923b8
chr::ControlCdnParalyzed,8077dae0,1,8018f968
chr::ControlCdnParalyzed,8077dae0,2,80192758
chr::ControlCdnParalyzed,8077dae0,3,80192578
chr::ControlCdnParalyzed,8077dae0,4,80192590
chr::ControlCdnParalyzed,8077dae0,5,800e70a8
chr::ControlCdnParalyzed,8077dae0,6,80158c9c
chr::ControlCdnParalyzed,8077dae0,7,80158d58
chr::ControlCdnParalyzed,8077dae0,8,80158e14
chr::ControlCdnParalyzed,8077dae0,9,800fcd1c
chr::ControlCdnParalyzed,8077dae0,10,800e60fc
chr::ControlCdnParalyzed,8077dae0,11,8017a220
chr::ControlCdnParalyzed,8077dae0,12,8017a2f8
chr::ControlCdnParalyzed,8077dae0,13,801446e8
chr::ControlCdnParalyzed,8077dae0,14,80147a0c
chr::ControlCdnParalyzed,8077dae0,15,80188088
chr::ControlCdnParalyzed,8077dae0,16,80188080
chr::ControlCdnParalyzed,8077dae0,17,80188064
chr::ControlCdnParalyzed,8077dae0,18,800ee5a4
chr::ControlCdnParalyzed,8077dae0,19,80151180
chr::ControlCdnParalyzed,8077dae0,20,80147a10
chr::ControlCdnParalyzed,8077dae0,21,80188060
chr::ControlCdnPiyo,8077d888,0,801924b8
chr::ControlCdnPiyo,8077d888,1,80190f40
chr::ControlCdnPiyo,8077d888,2,80190f90
chr::ControlCdnPiyo,8077d888,3,80192578
chr::ControlCdnPiyo,8077d888,4,80192590
chr::ControlCdnPiyo,8077d888,5,800e70a8
chr::ControlCdnPiyo,8077d888,6,80158c9c
chr::ControlCdnPiyo,8077d888,7,80158d58
chr::ControlCdnPiyo,8077d888,8,80158e14
chr::ControlCdnPiyo,8077d888,9,800fcd1c
chr::ControlCdnPiyo,8077d888,10,800e60fc
chr::ControlCdnPiyo,8077d888,11,8017a220
chr::ControlCdnPiyo,8077d888,12,8017a2f8
chr::ControlCdnPiyo,8077d888,13,801446e8
chr::ControlCdnPiyo,8077d888,14,80147a0c
chr::ControlCdnPiyo,8077d888,15,80188088
chr::ControlCdnPiyo,8077d888,16,80188080
chr::ControlCdnPiyo,8077d888,17,80188064
chr::ControlCdnPiyo,8077d888,18,800ee5a4
chr::ControlCdnPiyo,8077d888,19,80151180
chr::ControlCdnPiyo,8077d888,20,80147a10
chr::ControlCdnPiyo,8077d888,21,80188060
chr::ControlCdnPsycho,8077d798,0,801924f8
chr::ControlCdnPsycho,8077d798,1,80191af0
chr::ControlCdnPsycho,8077d798,2,80191b50
chr::ControlCdnPsycho,8077d798,3,80192578
chr::ControlCdnPsycho,8077d798,4,80192590
chr::ControlCdnPsycho,8077d798,5,800e70a8
chr::ControlCdnPsycho,8077d798,6,80158c9c
chr::ControlCdnPsycho,8077d798,7,80158d58
chr::ControlCdnPsycho,8077d798,8,80158e14
chr::ControlCdnPsycho,8077d798,9,800fcd1c
chr::ControlCdnPsycho,8077d798,10,800e60fc
chr::ControlCdnPsycho,8077d798,11,8017a220
chr::ControlCdnPsycho,8077d798,12,8017a2f8
chr::ControlCdnPsycho,8077d798,13,801446e8
chr::ControlCdnPsycho,8077d798,14,80147a0c
chr::ControlCdnPsycho,8077d798,15,80188088
chr::ControlCdnPsycho,8077d798,16,80188080
chr::ControlCdnPsycho,8077d798,17,80188064
chr::ControlCdnPsycho,8077d798,18,800ee5a4
chr::ControlCdnPsycho,8077d798,19,80151180
chr::ControlCdnPsycho,8077d798,20,80147a10
chr::ControlCdnPsycho,8077d798,21,80188060
chr::ControlCdnRestoreParalyzed,8077da68,0,801923f8
chr::ControlCdnRestoreParalyzed,8077da68,1,8018faa4
chr::ControlCdnRestoreParalyzed,8077da68,2,8018fb0c
chr::ControlCdnRestoreParalyzed,8077da68,3,80192578
chr::ControlCdnRestoreParalyzed,8077da68,4,80192590
chr::ControlCdnRestoreParalyzed,8077da68,5,8018faac
chr::ControlCdnRestoreParalyzed,8077da68,6,80158c9c
chr::ControlCdnRestoreParalyzed,8077da68,7,80158d58
chr::ControlCdnRestoreParalyzed,8077da68,8,80158e14
chr::ControlCdnRestoreParalyzed,8077da68,9,800fcd1c
chr::ControlCdnRestoreParalyzed,8077da68,10,800e60fc
chr::ControlCdnRestoreParalyzed,8077da68,11,8017a220
chr::ControlCdnRestoreParalyzed,8077da68,12,8017a2f8
chr::ControlCdnRestoreParalyzed,8077da68,13,801446e8
chr::ControlCdnRestoreParalyzed,8077da68,14,80147a0c
chr::ControlCdnRestoreParalyzed,8077da68,15,80188088
chr::ControlCdnRestoreParalyzed,8077da68,16,80188080
chr::ControlCdnRestoreParalyzed,8077da68,17,80188064
chr::ControlCdnRestoreParalyzed,8077da68,18,800ee5a4
chr::ControlCdnRestoreParalyzed,8077da68,19,80151180
chr::ControlCdnRestoreParalyzed,8077da68,20,80147a10
chr::ControlCdnRestoreParalyzed,8077da68,21,80188060
chr::ControlCdnRestorePiyo,8077d810,0,801915b8
chr::ControlCdnRestorePiyo,8077d810,1,8019163c
chr::ControlCdnRestorePiyo,8077d810,2,80191828
chr::ControlCdnRestorePiyo,8077d810,3,80192578
chr::ControlCdnRestorePiyo,8077d810,4,80192590
chr::ControlCdnRestorePiyo,8077d810,5,800e70a8
chr::ControlCdnRestorePiyo,8077d810,6,80158c9c
chr::ControlCdnRestorePiyo,8077d810,7,80158d58
chr::ControlCdnRestorePiyo,8077d810,8,80158e14
chr::ControlCdnRestorePiyo,8077d810,9,800fcd1c
chr::ControlCdnRestorePiyo,8077d810,10,800e60fc
chr::ControlCdnRestorePiyo,8077d810,11,8017a220
chr::ControlCdnRestorePiyo,8077d810,12,8017a2f8
chr::ControlCdnRestorePiyo,8077d810,13,801446e8
chr::ControlCdnRestorePiyo,8077d810,14,80147a0c
chr::ControlCdnRestorePiyo,8077d810,15,80188088
chr::ControlCdnRestorePiyo,8077d810,16,80188080
chr::ControlCdnRestorePiyo,8077d810,17,80188064
chr::ControlCdnRestorePiyo,8077d810,18,800ee5a4
chr::ControlCdnRestorePiyo,8077d810,19,80151180
chr::ControlCdnRestorePiyo,8077d810,20,80147a10
chr::ControlCdnRestorePiyo,8077d810,21,80188060
chr::ControlCdnRestorePsycho,8077d720,0,80191e38
chr::ControlCdnRestorePsycho,8077d720,1,80191ea4
chr::ControlCdnRestorePsycho,8077d720,2,80191ff8
chr::ControlCdnRestorePsycho,8077d720,3,80192578
chr::ControlCdnRestorePsycho,8077d720,4,80192590
chr::ControlCdnRestorePsycho,8077d720,5,800e70a8
chr::ControlCdnRestorePsycho,8077d720,6,80158c9c
chr::ControlCdnRestorePsycho,8077d720,7,80158d58
chr::ControlCdnRestorePsycho,8077d720,8,80158e14
chr::ControlCdnRestorePsycho,8077d720,9,800fcd1c
chr::ControlCdnRestorePsycho,8077d720,10,800e60fc
chr::ControlCdnRestorePsycho,8077d720,11,8017a220
chr::ControlCdnRestorePsycho,8077d720,12,8017a2f8
chr::ControlCdnRestorePsycho,8077d720,13,801446e8
chr::ControlCdnRestorePsycho,8077d720,14,80147a0c
chr::ControlCdnRestorePsycho,8077d720,15,80188088
chr::ControlCdnRestorePsycho,8077d720,16,80188080
chr::ControlCdnRestorePsycho,8077d720,17,80188064
chr::ControlCdnRestorePsycho,8077d720,18,800ee5a4
chr::ControlCdnRestorePsycho,8077d720,19,80151180
chr::ControlCdnRestorePsycho,8077d720,20,80147a10
chr::ControlCdnRestorePsycho,8077d720,21,80188060
chr::ControlCdnRestoreSleep,8077d900,0,80190a2c
chr::ControlCdnRestoreSleep,8077d900,1,80190ab0
chr::ControlCdnRestoreSleep,8077d900,2,80190ab8
chr::ControlCdnRestoreSleep,8077d900,3,80192578
chr::ControlCdnRestoreSleep,8077d900,4,80192590
chr::ControlCdnRestoreSleep,8077d900,5,800e70a8
chr::ControlCdnRestoreSleep,8077d900,6,80158c9c
chr::ControlCdnRestoreSleep,8077d900,7,80158d58
chr::ControlCdnRestoreSleep,8077d900,8,80158e14
chr::ControlCdnRestoreSleep,8077d900,9,800fcd1c
chr::ControlCdnRestoreSleep,8077d900,10,800e60fc
chr::ControlCdnRestoreSleep,8077d900,11,8017a220
chr::ControlCdnRestoreSleep,8077d900,12,8017a2f8
chr::ControlCdnRestoreSleep,8077d900,13,801446e8
chr::ControlCdnRestoreSleep,8077d900,14,80147a0c
chr::ControlCdnRestoreSleep,8077d900,15,80188088
chr::ControlCdnRestoreSleep,8077d900,16,80188080
chr::ControlCdnRestoreSleep,8077d900,17,80188064
chr::ControlCdnRestoreSleep,8077d900,18,800ee5a4
chr::ControlCdnRestoreSleep,8077d900,19,80151180
chr::ControlCdnRestoreSleep,8077d900,20,80147a10
chr::ControlCdnRestoreSleep,8077d900,21,80188060
chr::ControlCdnRestoreStone,8077db58,0,80192378
chr::ControlCdnRestoreStone,8077db58,1,8018f090
chr::ControlCdnRestoreStone,8077db58,2,8018f254
chr::ControlCdnRestoreStone,8077db58,3,80192578
chr::ControlCdnRestoreStone,8077db58,4,80192590
chr::ControlCdnRestoreStone,8077db58,5,800e70a8
chr::ControlCdnRestoreStone,8077db58,6,80158c9c
chr::ControlCdnRestoreStone,8077db58,7,80158d58
chr::ControlCdnRestoreStone,8077db58,8,80158e14
chr::ControlCdnRestoreStone,8077db58,9,800fcd1c
chr::ControlCdnRestoreStone,8077db58,10,800e60fc
chr::ControlCdnRestoreStone,8077db58,11,8017a220
chr::ControlCdnRestoreStone,8077db58,12,8017a2f8
chr::ControlCdnRestoreStone,8077db58,13,801446e8
chr::ControlCdnRestoreStone,8077db58,14,80147a0c
chr::ControlCdnRestoreStone,8077db58,15,80188088
chr::ControlCdnRestoreStone,8077db58,16,80188080
chr::ControlCdnRestoreStone,8077db58,17,80188064
chr::ControlCdnRestoreStone,8077db58,18,800ee5a4
chr::ControlCdnRestoreStone,8077db58,19,80151180
chr::ControlCdnRestoreStone,8077db58,20,80147a10
chr::ControlCdnRestoreStone,8077db58,21,80188060
chr::ControlCdnSleep,8077d978,0,80192478
chr::ControlCdnSleep,8077d978,1,80190150
chr::ControlCdnSleep,8077d978,2,80190270
chr::ControlCdnSleep,8077d978,3,80192578
chr::ControlCdnSleep,8077d978,4,80192590
chr::ControlCdnSleep,8077d978,5,80190844
chr::ControlCdnSleep,8077d978,6,80158c9c
chr::ControlCdnSleep,8077d978,7,80158d58
chr::ControlCdnSleep,8077d978,8,80158e14
chr::ControlCdnSleep,8077d978,9,800fcd1c
chr::ControlCdnSleep,8077d978,10,800e60fc
chr::ControlCdnSleep,8077d978,11,8017a220
chr::ControlCdnSleep,8077d978,12,8017a2f8
chr::ControlCdnSleep,8077d978,13,801446e8
chr::ControlCdnSleep,8077d978,14,80147a0c
chr::ControlCdnSleep,8077d978,15,80188088
chr::ControlCdnSleep,8077d978,16,80188080
chr::ControlCdnSleep,8077d978,17,80188064
chr::ControlCdnSleep,8077d978,18,800ee5a4
chr::ControlCdnSleep,8077d978,19,80151180
chr::ControlCdnSleep,8077d978,20,80147a10
chr::ControlCdnSleep,8077d978,21,80188060
chr::ControlChargeAttackBase,8077f570,0,801a767c
chr::ControlChargeAttackBase,8077f570,1,801a34d4
chr::ControlChargeAttackBase,8077f570,2,801a3dfc
chr::ControlChargeAttackBase,8077f570,3,80192578
chr::ControlChargeAttackBase,8077f570,4,80192590
chr::ControlChargeAttackBase,8077f570,5,800e70a8
chr::ControlChargeAttackBase,8077f570,6,80158c9c
chr::ControlChargeAttackBase,8077f570,7,80158d58
chr::ControlChargeAttackBase,8077f570,8,80158e14
chr::ControlChargeAttackBase,8077f570,9,800fcd1c
chr::ControlChargeAttackBase,8077f570,10,800e60fc
chr::ControlChargeAttackBase,8077f570,11,8017a220
chr::ControlChargeAttackBase,8077f570,12,8017a2f8
chr::ControlChargeAttackBase,8077f570,13,801446e8
chr::ControlChargeAttackBase,8077f570,14,80147a0c
chr::ControlChargeAttackBase,8077f570,15,80188088
chr::ControlChargeAttackBase,8077f570,16,80188080
chr::ControlChargeAttackBase,8077f570,17,80188064
chr::ControlChargeAttackBase,8077f570,18,800ee5a4
chr::ControlChargeAttackBase,8077f570,19,80151180
chr::ControlChargeAttackBase,8077f570,20,801a21a4
chr::ControlChargeAttackBase,8077f570,21,80188060
chr::ControlChaseAssist,8077f7e0,0,801aaaa4
chr::ControlChaseAssist,8077f7e0,1,801aa8ec
chr::ControlChaseAssist,8077f7e0,2,801aa94c
chr::ControlChaseAssist,8077f7e0,3,80192578
chr::ControlChaseAssist,8077f7e0,4,80192590
chr::ControlChaseAssist,8077f7e0,5,800e70a8
chr::ControlChaseAssist,8077f7e0,6,80158c9c
chr::ControlChaseAssist,8077f7e0,7,80158d58
chr::ControlChaseAssist,8077f7e0,8,80158e14
chr::ControlChaseAssist,8077f7e0,9,800fcd1c
chr::ControlChaseAssist,8077f7e0,10,800e60fc
chr::ControlChaseAssist,8077f7e0,11,8017a220
chr::ControlChaseAssist,8077f7e0,12,8017a2f8
chr::ControlChaseAssist,8077f7e0,13,801446e8
chr::ControlChaseAssist,8077f7e0,14,80147a0c
chr::ControlChaseAssist,8077f7e0,15,80188088
chr::ControlChaseAssist,8077f7e0,16,80188080
chr::ControlChaseAssist,8077f7e0,17,80188064
chr::ControlChaseAssist,8077f7e0,18,800ee5a4
chr::ControlChaseAssist,8077f7e0,19,80151180
chr::ControlChaseAssist,8077f7e0,20,80147a10
chr::ControlChaseAssist,8077f7e0,21,80188060
chr::ControlChaseCatch,8077f948,0,801aa9e4
chr::ControlChaseCatch,8077f948,1,801a8420
chr::ControlChaseCatch,8077f948,2,801a84ac
chr::ControlChaseCatch,8077f948,3,80192578
chr::ControlChaseCatch,8077f948,4,80192590
chr::ControlChaseCatch,8077f948,5,800e70a8
chr::ControlChaseCatch,8077f948,6,80158c9c
chr::ControlChaseCatch,8077f948,7,80158d58
chr::ControlChaseCatch,8077f948,8,80158e14
chr::ControlChaseCatch,8077f948,9,800fcd1c
chr::ControlChaseCatch,8077f948,10,800e60fc
chr::ControlChaseCatch,8077f948,11,8017a220
chr::ControlChaseCatch,8077f948,12,8017a2f8
chr::ControlChaseCatch,8077f948,13,801446e8
chr::ControlChaseCatch,8077f948,14,80147a0c
chr::ControlChaseCatch,8077f948,15,80188088
chr::ControlChaseCatch,8077f948,16,80188080
chr::ControlChaseCatch,8077f948,17,80188064
chr::ControlChaseCatch,8077f948,18,800ee5a4
chr::ControlChaseCatch,8077f948,19,80151180
chr::ControlChaseCatch,8077f948,20,80147a10
chr::ControlChaseCatch,8077f948,21,80188060
chr::ControlChaseFollow,8077f768,0,801aaae4
chr::ControlChaseFollow,8077f768,1,801a8880
chr::ControlChaseFollow,8077f768,2,801a8e68
chr::ControlChaseFollow,8077f768,3,80192578
chr::ControlChaseFollow,8077f768,4,80192590
chr::ControlChaseFollow,8077f768,5,800e70a8
chr::ControlChaseFollow,8077f768,6,80158c9c
chr::ControlChaseFollow,8077f768,7,80158d58
chr::ControlChaseFollow,8077f768,8,80158e14
chr::ControlChaseFollow,8077f768,9,800fcd1c
chr::ControlChaseFollow,8077f768,10,800e60fc
chr::ControlChaseFollow,8077f768,11,8017a220
chr::ControlChaseFollow,8077f768,12,8017a2f8
chr::ControlChaseFollow,8077f768,13,801446e8
chr::ControlChaseFollow,8077f768,14,80147a0c
chr::ControlChaseFollow,8077f768,15,80188088
chr::ControlChaseFollow,8077f768,16,80188080
chr::ControlChaseFollow,8077f768,17,80188064
chr::ControlChaseFollow,8077f768,18,800ee5a4
chr::ControlChaseFollow,8077f768,19,80151180
chr::ControlChaseFollow,8077f768,20,80147a10
chr::ControlChaseFollow,8077f768,21,80188060
chr::ControlChaseHeld,8077fa38,0,801aa964
chr::ControlChaseHeld,8077fa38,1,801a7870
chr::ControlChaseHeld,8077fa38,2,801a7a94
chr::ControlChaseHeld,8077fa38,3,80192578
chr::ControlChaseHeld,8077fa38,4,80192590
chr::ControlChaseHeld,8077fa38,5,800e70a8
chr::ControlChaseHeld,8077fa38,6,80158c9c
chr::ControlChaseHeld,8077fa38,7,80158d58
chr::ControlChaseHeld,8077fa38,8,80158e14
chr::ControlChaseHeld,8077fa38,9,800fcd1c
chr::ControlChaseHeld,8077fa38,10,800e60fc
chr::ControlChaseHeld,8077fa38,11,8017a220
chr::ControlChaseHeld,8077fa38,12,8017a2f8
chr::ControlChaseHeld,8077fa38,13,801446e8
chr::ControlChaseHeld,8077fa38,14,80147a0c
chr::ControlChaseHeld,8077fa38,15,80188088
chr::ControlChaseHeld,8077fa38,16,80188080
chr::ControlChaseHeld,8077fa38,17,80188064
chr::ControlChaseHeld,8077fa38,18,800ee5a4
chr::ControlChaseHeld,8077fa38,19,80151180
chr::ControlChaseHeld,8077fa38,20,80147a10
chr::ControlChaseHeld,8077fa38,21,80188060
chr::ControlChaseHold,8077f8d0,0,801aaa24
chr::ControlChaseHold,8077f8d0,1,801a9b80
chr::ControlChaseHold,8077f8d0,2,801a9e94
chr::ControlChaseHold,8077f8d0,3,80192578
chr::ControlChaseHold,8077f8d0,4,80192590
chr::ControlChaseHold,8077f8d0,5,800e70a8
chr::ControlChaseHold,8077f8d0,6,80158c9c
chr::ControlChaseHold,8077f8d0,7,80158d58
chr::ControlChaseHold,8077f8d0,8,80158e14
chr::ControlChaseHold,8077f8d0,9,800fcd1c
chr::ControlChaseHold,8077f8d0,10,800e60fc
chr::ControlChaseHold,8077f8d0,11,8017a220
chr::ControlChaseHold,8077f8d0,12,8017a2f8
chr::ControlChaseHold,8077f8d0,13,801446e8
chr::ControlChaseHold,8077f8d0,14,80147a0c
chr::ControlChaseHold,8077f8d0,15,80188088
chr::ControlChaseHold,8077f8d0,16,80188080
chr::ControlChaseHold,8077f8d0,17,80188064
chr::ControlChaseHold,8077f8d0,18,800ee5a4
chr::ControlChaseHold,8077f8d0,19,80151180
chr::ControlChaseHold,8077f8d0,20,80147a10
chr::ControlChaseHold,8077f8d0,21,80188060
chr::ControlChaseRelease,8077f9c0,0,801aa9a4
chr::ControlChaseRelease,8077f9c0,1,801a7e8c
chr::ControlChaseRelease,8077f9c0,2,801a8080
chr::ControlChaseRelease,8077f9c0,3,80192578
chr::ControlChaseRelease,8077f9c0,4,80192590
chr::ControlChaseRelease,8077f9c0,5,800e70a8
chr::ControlChaseRelease,8077f9c0,6,80158c9c
chr::ControlChaseRelease,8077f9c0,7,80158d58
chr::ControlChaseRelease,8077f9c0,8,80158e14
chr::ControlChaseRelease,8077f9c0,9,800fcd1c
chr::ControlChaseRelease,8077f9c0,10,800e60fc
chr::ControlChaseRelease,8077f9c0,11,8017a220
chr::ControlChaseRelease,8077f9c0,12,8017a2f8
chr::ControlChaseRelease,8077f9c0,13,801446e8
chr::ControlChaseRelease,8077f9c0,14,80147a0c
chr::ControlChaseRelease,8077f9c0,15,80188088
chr::ControlChaseRelease,8077f9c0,16,80188080
chr::ControlChaseRelease,8077f9c0,17,80188064
chr::ControlChaseRelease,8077f9c0,18,800ee5a4
chr::ControlChaseRelease,8077f9c0,19,80151180
chr::ControlChaseRelease,8077f9c0,20,80147a10
chr::ControlChaseRelease,8077f9c0,21,80188060
chr::ControlChaseReleased,8077f858,0,801aaa64
chr::ControlChaseReleased,8077f858,1,801aa230
chr::ControlChaseReleased,8077f858,2,801aa550
chr::ControlChaseReleased,8077f858,3,80192578
chr::ControlChaseReleased,8077f858,4,80192590
chr::ControlChaseReleased,8077f858,5,800e70a8
chr::ControlChaseReleased,8077f858,6,80158c9c
chr::ControlChaseReleased,8077f858,7,80158d58
chr::ControlChaseReleased,8077f858,8,80158e14
chr::ControlChaseReleased,8077f858,9,800fcd1c
chr::ControlChaseReleased,8077f858,10,800e60fc
chr::ControlChaseReleased,8077f858,11,8017a220
chr::ControlChaseReleased,8077f858,12,8017a2f8
chr::ControlChaseReleased,8077f858,13,801446e8
chr::ControlChaseReleased,8077f858,14,80147a0c
chr::ControlChaseReleased,8077f858,15,80188088
chr::ControlChaseReleased,8077f858,16,80188080
chr::ControlChaseReleased,8077f858,17,80188064
chr::ControlChaseReleased,8077f858,18,800ee5a4
chr::ControlChaseReleased,8077f858,19,80151180
chr::ControlChaseReleased,8077f858,20,80147a10
chr::ControlChaseReleased,8077f858,21,80188060
chr::ControlCliffhangZanGurg,8077e050,0,801a0a68
chr::ControlCliffhangZanGurg,8077e050,1,8019e4a4
chr::ControlCliffhangZanGurg,8077e050,2,80192758
chr::ControlCliffhangZanGurg,8077e050,3,80192578
chr::ControlCliffhangZanGurg,8077e050,4,80192590
chr::ControlCliffhangZanGurg,8077e050,5,800e70a8
chr::ControlCliffhangZanGurg,8077e050,6,80158c9c
chr::ControlCliffhangZanGurg,8077e050,7,80158d58
chr::ControlCliffhangZanGurg,8077e050,8,80158e14
chr::ControlCliffhangZanGurg,8077e050,9,800fcd1c
chr::ControlCliffhangZanGurg,8077e050,10,800e60fc
chr::ControlCliffhangZanGurg,8077e050,11,8017a220
chr::ControlCliffhangZanGurg,8077e050,12,8017a2f8
chr::ControlCliffhangZanGurg,8077e050,13,801446e8
chr::ControlCliffhangZanGurg,8077e050,14,80147a0c
chr::ControlCliffhangZanGurg,8077e050,15,80188088
chr::ControlCliffhangZanGurg,8077e050,16,80188080
chr::ControlCliffhangZanGurg,8077e050,17,80188064
chr::ControlCliffhangZanGurg,8077e050,18,800ee5a4
chr::ControlCliffhangZanGurg,8077e050,19,80151180
chr::ControlCliffhangZanGurg,8077e050,20,80147a10
chr::ControlCliffhangZanGurg,8077e050,21,80188060
chr::ControlClimbDeck,80781520,0,801bc1c8
chr::ControlClimbDeck,80781520,1,801bb514
chr::ControlClimbDeck,80781520,2,80192758
chr::ControlClimbDeck,80781520,3,80192578
chr::ControlClimbDeck,80781520,4,80192590
chr::ControlClimbDeck,80781520,5,800e70a8
chr::ControlClimbDeck,80781520,6,80158c9c
chr::ControlClimbDeck,80781520,7,80158d58
chr::ControlClimbDeck,80781520,8,80158e14
chr::ControlClimbDeck,80781520,9,800fcd1c
chr::ControlClimbDeck,80781520,10,800e60fc
chr::ControlClimbDeck,80781520,11,8017a220
chr::ControlClimbDeck,80781520,12,8017a2f8
chr::ControlClimbDeck,80781520,13,801446e8
chr::ControlClimbDeck,80781520,14,80147a0c
chr::ControlClimbDeck,80781520,15,80188088
chr::ControlClimbDeck,80781520,16,80188080
chr::ControlClimbDeck,80781520,17,80188064
chr::ControlClimbDeck,80781520,18,800ee5a4
chr::ControlClimbDeck,80781520,19,80151180
chr::ControlClimbDeck,80781520,20,80147a10
chr::ControlClimbDeck,80781520,21,80188060
chr::ControlConstrict,80781238,0,801b98d4
chr::ControlConstrict,80781238,1,801b7cd0
chr::ControlConstrict,80781238,2,80192758
chr::ControlConstrict,80781238,3,80192578
chr::ControlConstrict,80781238,4,80192590
chr::ControlConstrict,80781238,5,800e70a8
chr::ControlConstrict,80781238,6,80158c9c
chr::ControlConstrict,80781238,7,80158d58
chr::ControlConstrict,80781238,8,80158e14
chr::ControlConstrict,80781238,9,800fcd1c
chr::ControlConstrict,80781238,10,800e60fc
chr::ControlConstrict,80781238,11,8017a220
chr::ControlConstrict,80781238,12,8017a2f8
chr::ControlConstrict,80781238,13,801446e8
chr::ControlConstrict,80781238,14,80147a0c
chr::ControlConstrict,80781238,15,80188088
chr::ControlConstrict,80781238,16,80188080
chr::ControlConstrict,80781238,17,80188064
chr::ControlConstrict,80781238,18,800ee5a4
chr::ControlConstrict,80781238,19,80151180
chr::ControlConstrict,80781238,20,80147a10
chr::ControlConstrict,80781238,21,80188060
chr::ControlCoverSlip,80780580,0,801b2708
chr::ControlCoverSlip,80780580,1,801b1230
chr::ControlCoverSlip,80780580,2,80192758
chr::ControlCoverSlip,80780580,3,80192578
chr::ControlCoverSlip,80780580,4,80192590
chr::ControlCoverSlip,80780580,5,800e70a8
chr::ControlCoverSlip,80780580,6,80158c9c
chr::ControlCoverSlip,80780580,7,80158d58
chr::ControlCoverSlip,80780580,8,80158e14
chr::ControlCoverSlip,80780580,9,800fcd1c
chr::ControlCoverSlip,80780580,10,800e60fc
chr::ControlCoverSlip,80780580,11,8017a220
chr::ControlCoverSlip,80780580,12,8017a2f8
chr::ControlCoverSlip,80780580,13,801b26c0
chr::ControlCoverSlip,80780580,14,80147a0c
chr::ControlCoverSlip,80780580,15,80188088
chr::ControlCoverSlip,80780580,16,80188080
chr::ControlCoverSlip,80780580,17,80188064
chr::ControlCoverSlip,80780580,18,800ee5a4
chr::ControlCoverSlip,80780580,19,80151180
chr::ControlCoverSlip,80780580,20,80147a10
chr::ControlCoverSlip,80780580,21,80188060
chr::ControlCrawling,807814a8,0,801bc208
chr::ControlCrawling,807814a8,1,801bbbdc
chr::ControlCrawling,807814a8,2,80192758
chr::ControlCrawling,807814a8,3,80192578
chr::ControlCrawling,807814a8,4,80192590
chr::ControlCrawling,807814a8,5,800e70a8
chr::ControlCrawling,807814a8,6,80158c9c
chr::ControlCrawling,807814a8,7,80158d58
chr::ControlCrawling,807814a8,8,80158e14
chr::ControlCrawling,807814a8,9,800fcd1c
chr::ControlCrawling,807814a8,10,800e60fc
chr::ControlCrawling,807814a8,11,8017a220
chr::ControlCrawling,807814a8,12,8017a2f8
chr::ControlCrawling,807814a8,13,801446e8
chr::ControlCrawling,807814a8,14,80147a0c
chr::ControlCrawling,807814a8,15,80188088
chr::ControlCrawling,807814a8,16,80188080
chr::ControlCrawling,807814a8,17,80188064
chr::ControlCrawling,807814a8,18,800ee5a4
chr::ControlCrawling,807814a8,19,80151180
chr::ControlCrawling,807814a8,20,80147a10
chr::ControlCrawling,807814a8,21,80188060
chr::ControlDamageLastOne,8077fcb0,0,801b0690
chr::ControlDamageLastOne,8077fcb0,1,801af97c
chr::ControlDamageLastOne,8077fcb0,2,80192758
chr::ControlDamageLastOne,8077fcb0,3,80192578
chr::ControlDamageLastOne,8077fcb0,4,80192590
chr::ControlDamageLastOne,8077fcb0,5,800e70a8
chr::ControlDamageLastOne,8077fcb0,6,80158c9c
chr::ControlDamageLastOne,8077fcb0,7,80158d58
chr::ControlDamageLastOne,8077fcb0,8,80158e14
chr::ControlDamageLastOne,8077fcb0,9,800fcd1c
chr::ControlDamageLastOne,8077fcb0,10,800e60fc
chr::ControlDamageLastOne,8077fcb0,11,8017a220
chr::ControlDamageLastOne,8077fcb0,12,8017a2f8
chr::ControlDamageLastOne,8077fcb0,13,801446e8
chr::ControlDamageLastOne,8077fcb0,14,80147a0c
chr::ControlDamageLastOne,8077fcb0,15,80188088
chr::ControlDamageLastOne,8077fcb0,16,80188080
chr::ControlDamageLastOne,8077fcb0,17,80188064
chr::ControlDamageLastOne,8077fcb0,18,800ee5a4
chr::ControlDamageLastOne,8077fcb0,19,80151180
chr::ControlDamageLastOne,8077fcb0,20,80147a10
chr::ControlDamageLastOne,8077fcb0,21,80188060
chr::ControlDashAttack,8077d3f8,0,8018ec44
chr::ControlDashAttack,8077d3f8,1,8018b610
chr::ControlDashAttack,8077d3f8,2,80192758
chr::ControlDashAttack,8077d3f8,3,80192578
chr::ControlDashAttack,8077d3f8,4,80192590
chr::ControlDashAttack,8077d3f8,5,800e70a8
chr::ControlDashAttack,8077d3f8,6,80158c9c
chr::ControlDashAttack,8077d3f8,7,80158d58
chr::ControlDashAttack,8077d3f8,8,80158e14
chr::ControlDashAttack,8077d3f8,9,800fcd1c
chr::ControlDashAttack,8077d3f8,10,800e60fc
chr::ControlDashAttack,8077d3f8,11,8017a220
chr::ControlDashAttack,8077d3f8,12,8017a2f8
chr::ControlDashAttack,8077d3f8,13,801446e8
chr::ControlDashAttack,8077d3f8,14,80147a0c
chr::ControlDashAttack,8077d3f8,15,80188088
chr::ControlDashAttack,8077d3f8,16,80188080
chr::ControlDashAttack,8077d3f8,17,80188064
chr::ControlDashAttack,8077d3f8,18,800ee5a4
chr::ControlDashAttack,8077d3f8,19,80151180
chr::ControlDashAttack,8077d3f8,20,80147a10
chr::ControlDashAttack,8077d3f8,21,80188060
chr::ControlDetect,80780328,0,801b2848
chr::ControlDetect,80780328,1,801b2560
chr::ControlDetect,80780328,2,80192758
chr::ControlDetect,80780328,3,80192578
chr::ControlDetect,80780328,4,80192590
chr::ControlDetect,80780328,5,801b26a4
chr::ControlDetect,80780328,6,80158c9c
chr::ControlDetect,80780328,7,80158d58
chr::ControlDetect,80780328,8,80158e14
chr::ControlDetect,80780328,9,800fcd1c
chr::ControlDetect,80780328,10,800e60fc
chr::ControlDetect,80780328,11,8017a220
chr::ControlDetect,80780328,12,8017a2f8
chr::ControlDetect,80780328,13,801446e8
chr::ControlDetect,80780328,14,80147a0c
chr::ControlDetect,80780328,15,80188088
chr::ControlDetect,80780328,16,80188080
chr::ControlDetect,80780328,17,80188064
chr::ControlDetect,80780328,18,800ee5a4
chr::ControlDetect,80780328,19,80151180
chr::ControlDetect,80780328,20,80147a10
chr::ControlDetect,80780328,21,80188060
chr::ControlDetectHateAtt,807802b0,0,801b0d08
chr::ControlDetectHateAtt,807802b0,1,801b07d4
chr::ControlDetectHateAtt,807802b0,2,80192758
chr::ControlDetectHateAtt,807802b0,3,80192578
chr::ControlDetectHateAtt,807802b0,4,80192590
chr::ControlDetectHateAtt,807802b0,5,800e70a8
chr::ControlDetectHateAtt,807802b0,6,80158c9c
chr::ControlDetectHateAtt,807802b0,7,80158d58
chr::ControlDetectHateAtt,807802b0,8,80158e14
chr::ControlDetectHateAtt,807802b0,9,800fcd1c
chr::ControlDetectHateAtt,807802b0,10,800e60fc
chr::ControlDetectHateAtt,807802b0,11,8017a220
chr::ControlDetectHateAtt,807802b0,12,8017a2f8
chr::ControlDetectHateAtt,807802b0,13,801b0d00
chr::ControlDetectHateAtt,807802b0,14,80147a0c
chr::ControlDetectHateAtt,807802b0,15,80188088
chr::ControlDetectHateAtt,807802b0,16,80188080
chr::ControlDetectHateAtt,807802b0,17,80188064
chr::ControlDetectHateAtt,807802b0,18,800ee5a4
chr::ControlDetectHateAtt,807802b0,19,80151180
chr::ControlDetectHateAtt,807802b0,20,80147a10
chr::ControlDetectHateAtt,807802b0,21,80188060
chr::ControlDiveIntoWater,80781038,0,801b99d4
chr::ControlDiveIntoWater,80781038,1,801b7cd0
chr::ControlDiveIntoWater,80781038,2,80192758
chr::ControlDiveIntoWater,80781038,3,80192578
chr::ControlDiveIntoWater,80781038,4,80192590
chr::ControlDiveIntoWater,80781038,5,800e70a8
chr::ControlDiveIntoWater,80781038,6,80158c9c
chr::ControlDiveIntoWater,80781038,7,80158d58
chr::ControlDiveIntoWater,80781038,8,80158e14
chr::ControlDiveIntoWater,80781038,9,800fcd1c
chr::ControlDiveIntoWater,80781038,10,800e60fc
chr::ControlDiveIntoWater,80781038,11,8017a220
chr::ControlDiveIntoWater,80781038,12,8017a2f8
chr::ControlDiveIntoWater,80781038,13,801446e8
chr::ControlDiveIntoWater,80781038,14,80147a0c
chr::ControlDiveIntoWater,80781038,15,80188088
chr::ControlDiveIntoWater,80781038,16,80188080
chr::ControlDiveIntoWater,80781038,17,80188064
chr::ControlDiveIntoWater,80781038,18,800ee5a4
chr::ControlDiveIntoWater,80781038,19,80151180
chr::ControlDiveIntoWater,80781038,20,80147a10
chr::ControlDiveIntoWater,80781038,21,80188060
chr::ControlDragged,80780700,0,801b2e5c
chr::ControlDragged,80780700,1,801b2a30
chr::ControlDragged,80780700,2,801b2a80
chr::ControlDragged,80780700,3,80192578
chr::ControlDragged,80780700,4,80192590
chr::ControlDragged,80780700,5,800e70a8
chr::ControlDragged,80780700,6,80158c9c
chr::ControlDragged,80780700,7,80158d58
chr::ControlDragged,80780700,8,80158e14
chr::ControlDragged,80780700,9,800fcd1c
chr::ControlDragged,80780700,10,800e60fc
chr::ControlDragged,80780700,11,8017a220
chr::ControlDragged,80780700,12,8017a2f8
chr::ControlDragged,80780700,13,801446e8
chr::ControlDragged,80780700,14,80147a0c
chr::ControlDragged,80780700,15,80188088
chr::ControlDragged,80780700,16,80188080
chr::ControlDragged,80780700,17,80188064
chr::ControlDragged,80780700,18,800ee5a4
chr::ControlDragged,80780700,19,80151180
chr::ControlDragged,80780700,20,80147a10
chr::ControlDragged,80780700,21,80188060
chr::ControlDraggedStart,80780778,0,801b2e1c
chr::ControlDraggedStart,80780778,1,801b2934
chr::ControlDraggedStart,80780778,2,80192758
chr::ControlDraggedStart,80780778,3,80192578
chr::ControlDraggedStart,80780778,4,80192590
chr::ControlDraggedStart,80780778,5,800e70a8
chr::ControlDraggedStart,80780778,6,80158c9c
chr::ControlDraggedStart,80780778,7,80158d58
chr::ControlDraggedStart,80780778,8,80158e14
chr::ControlDraggedStart,80780778,9,800fcd1c
chr::ControlDraggedStart,80780778,10,800e60fc
chr::ControlDraggedStart,80780778,11,8017a220
chr::ControlDraggedStart,80780778,12,8017a2f8
chr::ControlDraggedStart,80780778,13,801446e8
chr::ControlDraggedStart,80780778,14,80147a0c
chr::ControlDraggedStart,80780778,15,80188088
chr::ControlDraggedStart,80780778,16,80188080
chr::ControlDraggedStart,80780778,17,80188064
chr::ControlDraggedStart,80780778,18,800ee5a4
chr::ControlDraggedStart,80780778,19,80151180
chr::ControlDraggedStart,80780778,20,80147a10
chr::ControlDraggedStart,80780778,21,80188060
chr::ControlDropDownQuadruped,80780890,0,801b3eac
chr::ControlDropDownQuadruped,80780890,1,801b3098
chr::ControlDropDownQuadruped,80780890,2,80192758
chr::ControlDropDownQuadruped,80780890,3,80192578
chr::ControlDropDownQuadruped,80780890,4,80192590
chr::ControlDropDownQuadruped,80780890,5,800e70a8
chr::ControlDropDownQuadruped,80780890,6,80158c9c
chr::ControlDropDownQuadruped,80780890,7,80158d58
chr::ControlDropDownQuadruped,80780890,8,80158e14
chr::ControlDropDownQuadruped,80780890,9,800fcd1c
chr::ControlDropDownQuadruped,80780890,10,800e60fc
chr::ControlDropDownQuadruped,80780890,11,8017a220
chr::ControlDropDownQuadruped,80780890,12,8017a2f8
chr::ControlDropDownQuadruped,80780890,13,801446e8
chr::ControlDropDownQuadruped,80780890,14,80147a0c
chr::ControlDropDownQuadruped,80780890,15,80188088
chr::ControlDropDownQuadruped,80780890,16,80188080
chr::ControlDropDownQuadruped,80780890,17,80188064
chr::ControlDropDownQuadruped,80780890,18,800ee5a4
chr::ControlDropDownQuadruped,80780890,19,80151180
chr::ControlDropDownQuadruped,80780890,20,80147a10
chr::ControlDropDownQuadruped,80780890,21,80188060
chr::ControlDuckJoist,807812b8,0,801b9894
chr::ControlDuckJoist,807812b8,1,801b7cd0
chr::ControlDuckJoist,807812b8,2,80192758
chr::ControlDuckJoist,807812b8,3,80192578
chr::ControlDuckJoist,807812b8,4,80192590
chr::ControlDuckJoist,807812b8,5,800e70a8
chr::ControlDuckJoist,807812b8,6,80158c9c
chr::ControlDuckJoist,807812b8,7,80158d58
chr::ControlDuckJoist,807812b8,8,80158e14
chr::ControlDuckJoist,807812b8,9,800fcd1c
chr::ControlDuckJoist,807812b8,10,800e60fc
chr::ControlDuckJoist,807812b8,11,8017a220
chr::ControlDuckJoist,807812b8,12,8017a2f8
chr::ControlDuckJoist,807812b8,13,801446e8
chr::ControlDuckJoist,807812b8,14,80147a0c
chr::ControlDuckJoist,807812b8,15,80188088
chr::ControlDuckJoist,807812b8,16,80188080
chr::ControlDuckJoist,807812b8,17,80188064
chr::ControlDuckJoist,807812b8,18,800ee5a4
chr::ControlDuckJoist,807812b8,19,80151180
chr::ControlDuckJoist,807812b8,20,80147a10
chr::ControlDuckJoist,807812b8,21,80188060
chr::ControlDuckUnderA,807813b8,0,801b7f50
chr::ControlDuckUnderA,807813b8,1,801b7cd0
chr::ControlDuckUnderA,807813b8,2,80192758
chr::ControlDuckUnderA,807813b8,3,80192578
chr::ControlDuckUnderA,807813b8,4,80192590
chr::ControlDuckUnderA,807813b8,5,800e70a8
chr::ControlDuckUnderA,807813b8,6,80158c9c
chr::ControlDuckUnderA,807813b8,7,80158d58
chr::ControlDuckUnderA,807813b8,8,80158e14
chr::ControlDuckUnderA,807813b8,9,800fcd1c
chr::ControlDuckUnderA,807813b8,10,800e60fc
chr::ControlDuckUnderA,807813b8,11,8017a220
chr::ControlDuckUnderA,807813b8,12,8017a2f8
chr::ControlDuckUnderA,807813b8,13,801446e8
chr::ControlDuckUnderA,807813b8,14,80147a0c
chr::ControlDuckUnderA,807813b8,15,80188088
chr::ControlDuckUnderA,807813b8,16,80188080
chr::ControlDuckUnderA,807813b8,17,80188064
chr::ControlDuckUnderA,807813b8,18,800ee5a4
chr::ControlDuckUnderA,807813b8,19,80151180
chr::ControlDuckUnderA,807813b8,20,80147a10
chr::ControlDuckUnderA,807813b8,21,80188060
chr::ControlDuckUnderB,80781338,0,801b9854
chr::ControlDuckUnderB,80781338,1,801b7f90
chr::ControlDuckUnderB,80781338,2,80192758
chr::ControlDuckUnderB,80781338,3,80192578
chr::ControlDuckUnderB,80781338,4,80192590
chr::ControlDuckUnderB,80781338,5,800e70a8
chr::ControlDuckUnderB,80781338,6,80158c9c
chr::ControlDuckUnderB,80781338,7,80158d58
chr::ControlDuckUnderB,80781338,8,80158e14
chr::ControlDuckUnderB,80781338,9,800fcd1c
chr::ControlDuckUnderB,80781338,10,800e60fc
chr::ControlDuckUnderB,80781338,11,8017a220
chr::ControlDuckUnderB,80781338,12,8017a2f8
chr::ControlDuckUnderB,80781338,13,801446e8
chr::ControlDuckUnderB,80781338,14,80147a0c
chr::ControlDuckUnderB,80781338,15,80188088
chr::ControlDuckUnderB,80781338,16,80188080
chr::ControlDuckUnderB,80781338,17,80188064
chr::ControlDuckUnderB,80781338,18,800ee5a4
chr::ControlDuckUnderB,80781338,19,80151180
chr::ControlDuckUnderB,80781338,20,80147a10
chr::ControlDuckUnderB,80781338,21,80188060
chr::ControlEndCliffhangZanGurg,8077dfd8,0,801a0aa8
chr::ControlEndCliffhangZanGurg,8077dfd8,1,8019e670
chr::ControlEndCliffhangZanGurg,8077dfd8,2,80192758
chr::ControlEndCliffhangZanGurg,8077dfd8,3,8019eaf0
chr::ControlEndCliffhangZanGurg,8077dfd8,4,80192590
chr::ControlEndCliffhangZanGurg,8077dfd8,5,800e70a8
chr::ControlEndCliffhangZanGurg,8077dfd8,6,80158c9c
chr::ControlEndCliffhangZanGurg,8077dfd8,7,80158d58
chr::ControlEndCliffhangZanGurg,8077dfd8,8,80158e14
chr::ControlEndCliffhangZanGurg,8077dfd8,9,800fcd1c
chr::ControlEndCliffhangZanGurg,8077dfd8,10,801a0410
chr::ControlEndCliffhangZanGurg,8077dfd8,11,8017a220
chr::ControlEndCliffhangZanGurg,8077dfd8,12,8017a2f8
chr::ControlEndCliffhangZanGurg,8077dfd8,13,801446e8
chr::ControlEndCliffhangZanGurg,8077dfd8,14,80147a0c
chr::ControlEndCliffhangZanGurg,8077dfd8,15,80188088
chr::ControlEndCliffhangZanGurg,8077dfd8,16,80188080
chr::ControlEndCliffhangZanGurg,8077dfd8,17,80188064
chr::ControlEndCliffhangZanGurg,8077dfd8,18,800ee5a4
chr::ControlEndCliffhangZanGurg,8077dfd8,19,80151180
chr::ControlEndCliffhangZanGurg,8077dfd8,20,80147a10
chr::ControlEndCliffhangZanGurg,8077dfd8,21,80188060
chr::ControlFallDead,8077fda0,0,801b0610
chr::ControlFallDead,8077fda0,1,801af020
chr::ControlFallDead,8077fda0,2,801af084
chr::ControlFallDead,8077fda0,3,80192578
chr::ControlFallDead,8077fda0,4,80192590
chr::ControlFallDead,8077fda0,5,801af250
chr::ControlFallDead,8077fda0,6,80158c9c
chr::ControlFallDead,8077fda0,7,80158d58
chr::ControlFallDead,8077fda0,8,80158e14
chr::ControlFallDead,8077fda0,9,800fcd1c
chr::ControlFallDead,8077fda0,10,800e60fc
chr::ControlFallDead,8077fda0,11,8017a220
chr::ControlFallDead,8077fda0,12,8017a2f8
chr::ControlFallDead,8077fda0,13,801446e8
chr::ControlFallDead,8077fda0,14,80147a0c
chr::ControlFallDead,8077fda0,15,80188088
chr::ControlFallDead,8077fda0,16,80188080
chr::ControlFallDead,8077fda0,17,80188064
chr::ControlFallDead,8077fda0,18,800ee5a4
chr::ControlFallDead,8077fda0,19,80151180
chr::ControlFallDead,8077fda0,20,80147a10
chr::ControlFallDead,8077fda0,21,80188060
chr::ControlGetUp,8077ff08,0,801b04f8
chr::ControlGetUp,8077ff08,1,801adc14
chr::ControlGetUp,8077ff08,2,801ae4e8
chr::ControlGetUp,8077ff08,3,80192578
chr::ControlGetUp,8077ff08,4,80192590
chr::ControlGetUp,8077ff08,5,801ae6d4
chr::ControlGetUp,8077ff08,6,80158c9c
chr::ControlGetUp,8077ff08,7,80158d58
chr::ControlGetUp,8077ff08,8,80158e14
chr::ControlGetUp,8077ff08,9,800fcd1c
chr::ControlGetUp,8077ff08,10,800e60fc
chr::ControlGetUp,8077ff08,11,8017a220
chr::ControlGetUp,8077ff08,12,8017a2f8
chr::ControlGetUp,8077ff08,13,801446e8
chr::ControlGetUp,8077ff08,14,80147a0c
chr::ControlGetUp,8077ff08,15,80188088
chr::ControlGetUp,8077ff08,16,80188080
chr::ControlGetUp,8077ff08,17,80188064
chr::ControlGetUp,8077ff08,18,800ee5a4
chr::ControlGetUp,8077ff08,19,80151180
chr::ControlGetUp,8077ff08,20,80147a10
chr::ControlGetUp,8077ff08,21,80188060
chr::ControlGmkBreakArmor,80780998,0,801b521c
chr::ControlGmkBreakArmor,80780998,1,801b4788
chr::ControlGmkBreakArmor,80780998,2,801b47ec
chr::ControlGmkBreakArmor,80780998,3,80192578
chr::ControlGmkBreakArmor,80780998,4,80192590
chr::ControlGmkBreakArmor,80780998,5,800e70a8
chr::ControlGmkBreakArmor,80780998,6,80158c9c
chr::ControlGmkBreakArmor,80780998,7,80158d58
chr::ControlGmkBreakArmor,80780998,8,80158e14
chr::ControlGmkBreakArmor,80780998,9,800fcd1c
chr::ControlGmkBreakArmor,80780998,10,800e60fc
chr::ControlGmkBreakArmor,80780998,11,8017a220
chr::ControlGmkBreakArmor,80780998,12,8017a2f8
chr::ControlGmkBreakArmor,80780998,13,801446e8
chr::ControlGmkBreakArmor,80780998,14,80147a0c
chr::ControlGmkBreakArmor,80780998,15,80188088
chr::ControlGmkBreakArmor,80780998,16,80188080
chr::ControlGmkBreakArmor,80780998,17,80188064
chr::ControlGmkBreakArmor,80780998,18,800ee5a4
chr::ControlGmkBreakArmor,80780998,19,80151180
chr::ControlGmkBreakArmor,80780998,20,80147a10
chr::ControlGmkBreakArmor,80780998,21,80188060
chr::ControlGmkCoffinGetUp,80780a88,0,801b519c
chr::ControlGmkCoffinGetUp,80780a88,1,801b4344
chr::ControlGmkCoffinGetUp,80780a88,2,80192758
chr::ControlGmkCoffinGetUp,80780a88,3,80192578
chr::ControlGmkCoffinGetUp,80780a88,4,80192590
chr::ControlGmkCoffinGetUp,80780a88,5,800e70a8
chr::ControlGmkCoffinGetUp,80780a88,6,80158c9c
chr::ControlGmkCoffinGetUp,80780a88,7,80158d58
chr::ControlGmkCoffinGetUp,80780a88,8,80158e14
chr::ControlGmkCoffinGetUp,80780a88,9,800fcd1c
chr::ControlGmkCoffinGetUp,80780a88,10,800e60fc
chr::ControlGmkCoffinGetUp,80780a88,11,8017a220
chr::ControlGmkCoffinGetUp,80780a88,12,8017a2f8
chr::ControlGmkCoffinGetUp,80780a88,13,801446e8
chr::ControlGmkCoffinGetUp,80780a88,14,80147a0c
chr::ControlGmkCoffinGetUp,80780a88,15,80188088
chr::ControlGmkCoffinGetUp,80780a88,16,80188080
chr::ControlGmkCoffinGetUp,80780a88,17,80188064
chr::ControlGmkCoffinGetUp,80780a88,18,800ee5a4
chr::ControlGmkCoffinGetUp,80780a88,19,80151180
chr::ControlGmkCoffinGetUp,80780a88,20,80147a10
chr::ControlGmkCoffinGetUp,80780a88,21,80188060
chr::ControlGmkCoffinOpen,80780b00,0,801b515c
chr::ControlGmkCoffinOpen,80780b00,1,801b417c
chr::ControlGmkCoffinOpen,80780b00,2,80192758
chr::ControlGmkCoffinOpen,80780b00,3,80192578
chr::ControlGmkCoffinOpen,80780b00,4,80192590
chr::ControlGmkCoffinOpen,80780b00,5,800e70a8
chr::ControlGmkCoffinOpen,80780b00,6,80158c9c
chr::ControlGmkCoffinOpen,80780b00,7,80158d58
chr::ControlGmkCoffinOpen,80780b00,8,80158e14
chr::ControlGmkCoffinOpen,80780b00,9,800fcd1c
chr::ControlGmkCoffinOpen,80780b00,10,800e60fc
chr::ControlGmkCoffinOpen,80780b00,11,8017a220
chr::ControlGmkCoffinOpen,80780b00,12,8017a2f8
chr::ControlGmkCoffinOpen,80780b00,13,801446e8
chr::ControlGmkCoffinOpen,80780b00,14,80147a0c
chr::ControlGmkCoffinOpen,80780b00,15,80188088
chr::ControlGmkCoffinOpen,80780b00,16,80188080
chr::ControlGmkCoffinOpen,80780b00,17,80188064
chr::ControlGmkCoffinOpen,80780b00,18,800ee5a4
chr::ControlGmkCoffinOpen,80780b00,19,80151180
chr::ControlGmkCoffinOpen,80780b00,20,80147a10
chr::ControlGmkCoffinOpen,80780b00,21,80188060
chr::ControlGmkTrapBat,80780a10,0,801b51dc
chr::ControlGmkTrapBat,80780a10,1,801b44e8
chr::ControlGmkTrapBat,80780a10,2,80192758
chr::ControlGmkTrapBat,80780a10,3,80192578
chr::ControlGmkTrapBat,80780a10,4,80192590
chr::ControlGmkTrapBat,80780a10,5,800e70a8
chr::ControlGmkTrapBat,80780a10,6,80158c9c
chr::ControlGmkTrapBat,80780a10,7,80158d58
chr::ControlGmkTrapBat,80780a10,8,80158e14
chr::ControlGmkTrapBat,80780a10,9,800fcd1c
chr::ControlGmkTrapBat,80780a10,10,800e60fc
chr::ControlGmkTrapBat,80780a10,11,8017a220
chr::ControlGmkTrapBat,80780a10,12,8017a2f8
chr::ControlGmkTrapBat,80780a10,13,801446e8
chr::ControlGmkTrapBat,80780a10,14,80147a0c
chr::ControlGmkTrapBat,80780a10,15,80188088
chr::ControlGmkTrapBat,80780a10,16,80188080
chr::ControlGmkTrapBat,80780a10,17,80188064
chr::ControlGmkTrapBat,80780a10,18,800ee5a4
chr::ControlGmkTrapBat,80780a10,19,80151180
chr::ControlGmkTrapBat,80780a10,20,80147a10
chr::ControlGmkTrapBat,80780a10,21,80188060
chr::ControlGrapple,80780dd8,0,801b72b0
chr::ControlGrapple,80780dd8,1,801b5370
chr::ControlGrapple,80780dd8,2,801b54e8
chr::ControlGrapple,80780dd8,3,80192578
chr::ControlGrapple,80780dd8,4,80192590
chr::ControlGrapple,80780dd8,5,800e70a8
chr::ControlGrapple,80780dd8,6,80158c9c
chr::ControlGrapple,80780dd8,7,80158d58
chr::ControlGrapple,80780dd8,8,80158e14
chr::ControlGrapple,80780dd8,9,800fcd1c
chr::ControlGrapple,80780dd8,10,800e60fc
chr::ControlGrapple,80780dd8,11,8017a220
chr::ControlGrapple,80780dd8,12,8017a2f8
chr::ControlGrapple,80780dd8,13,801446e8
chr::ControlGrapple,80780dd8,14,80147a0c
chr::ControlGrapple,80780dd8,15,80188088
chr::ControlGrapple,80780dd8,16,80188080
chr::ControlGrapple,80780dd8,17,80188064
chr::ControlGrapple,80780dd8,18,800ee5a4
chr::ControlGrapple,80780dd8,19,80151180
chr::ControlGrapple,80780dd8,20,80147a10
chr::ControlGrapple,80780dd8,21,80188060
chr::ControlGrappleThrown,80780ce8,0,801b7330
chr::ControlGrappleThrown,80780ce8,1,801b6278
chr::ControlGrappleThrown,80780ce8,2,801b6494
chr::ControlGrappleThrown,80780ce8,3,80192578
chr::ControlGrappleThrown,80780ce8,4,80192590
chr::ControlGrappleThrown,80780ce8,5,800e70a8
chr::ControlGrappleThrown,80780ce8,6,80158c9c
chr::ControlGrappleThrown,80780ce8,7,80158d58
chr::ControlGrappleThrown,80780ce8,8,80158e14
chr::ControlGrappleThrown,80780ce8,9,800fcd1c
chr::ControlGrappleThrown,80780ce8,10,800e60fc
chr::ControlGrappleThrown,80780ce8,11,8017a220
chr::ControlGrappleThrown,80780ce8,12,8017a2f8
chr::ControlGrappleThrown,80780ce8,13,801446e8
chr::ControlGrappleThrown,80780ce8,14,80147a0c
chr::ControlGrappleThrown,80780ce8,15,80188088
chr::ControlGrappleThrown,80780ce8,16,80188080
chr::ControlGrappleThrown,80780ce8,17,80188064
chr::ControlGrappleThrown,80780ce8,18,800ee5a4
chr::ControlGrappleThrown,80780ce8,19,80151180
chr::ControlGrappleThrown,80780ce8,20,80147a10
chr::ControlGrappleThrown,80780ce8,21,80188060
chr::ControlGrappled,80780d60,0,801b72f0
chr::ControlGrappled,80780d60,1,801b5894
chr::ControlGrappled,80780d60,2,801b5a2c
chr::ControlGrappled,80780d60,3,80192578
chr::ControlGrappled,80780d60,4,80192590
chr::ControlGrappled,80780d60,5,800e70a8
chr::ControlGrappled,80780d60,6,80158c9c
chr::ControlGrappled,80780d60,7,80158d58
chr::ControlGrappled,80780d60,8,80158e14
chr::ControlGrappled,80780d60,9,800fcd1c
chr::ControlGrappled,80780d60,10,800e60fc
chr::ControlGrappled,80780d60,11,8017a220
chr::ControlGrappled,80780d60,12,8017a2f8
chr::ControlGrappled,80780d60,13,801446e8
chr::ControlGrappled,80780d60,14,80147a0c
chr::ControlGrappled,80780d60,15,80188088
chr::ControlGrappled,80780d60,16,80188080
chr::ControlGrappled,80780d60,17,80188064
chr::ControlGrappled,80780d60,18,800ee5a4
chr::ControlGrappled,80780d60,19,80151180
chr::ControlGrappled,80780d60,20,80147a10
chr::ControlGrappled,80780d60,21,80188060
chr::ControlGrappledThrow,80780c70,0,801b7370
chr::ControlGrappledThrow,80780c70,1,801b6e70
chr::ControlGrappledThrow,80780c70,2,80192758
chr::ControlGrappledThrow,80780c70,3,80192578
chr::ControlGrappledThrow,80780c70,4,80192590
chr::ControlGrappledThrow,80780c70,5,800e70a8
chr::ControlGrappledThrow,80780c70,6,80158c9c
chr::ControlGrappledThrow,80780c70,7,80158d58
chr::ControlGrappledThrow,80780c70,8,80158e14
chr::ControlGrappledThrow,80780c70,9,800fcd1c
chr::ControlGrappledThrow,80780c70,10,800e60fc
chr::ControlGrappledThrow,80780c70,11,8017a220
chr::ControlGrappledThrow,80780c70,12,8017a2f8
chr::ControlGrappledThrow,80780c70,13,801446e8
chr::ControlGrappledThrow,80780c70,14,80147a0c
chr::ControlGrappledThrow,80780c70,15,80188088
chr::ControlGrappledThrow,80780c70,16,80188080
chr::ControlGrappledThrow,80780c70,17,80188064
chr::ControlGrappledThrow,80780c70,18,800ee5a4
chr::ControlGrappledThrow,80780c70,19,80151180
chr::ControlGrappledThrow,80780c70,20,80147a10
chr::ControlGrappledThrow,80780c70,21,80188060
chr::ControlGuard,80780070,0,801b0438
chr::ControlGuard,80780070,1,801aca74
chr::ControlGuard,80780070,2,80192758
chr::ControlGuard,80780070,3,80192578
chr::ControlGuard,80780070,4,80192590
chr::ControlGuard,80780070,5,800e70a8
chr::ControlGuard,80780070,6,80158c9c
chr::ControlGuard,80780070,7,80158d58
chr::ControlGuard,80780070,8,80158e14
chr::ControlGuard,80780070,9,800fcd1c
chr::ControlGuard,80780070,10,800e60fc
chr::ControlGuard,80780070,11,8017a220
chr::ControlGuard,80780070,12,8017a2f8
chr::ControlGuard,80780070,13,801446e8
chr::ControlGuard,80780070,14,80147a0c
chr::ControlGuard,80780070,15,80188088
chr::ControlGuard,80780070,16,80188080
chr::ControlGuard,80780070,17,80188064
chr::ControlGuard,80780070,18,800ee5a4
chr::ControlGuard,80780070,19,80151180
chr::ControlGuard,80780070,20,80147a10
chr::ControlGuard,80780070,21,80188060
chr::ControlGuardCounter,8077d178,0,8018ed84
chr::ControlGuardCounter,8077d178,1,8018cc74
chr::ControlGuardCounter,8077d178,2,80192758
chr::ControlGuardCounter,8077d178,3,80192578
chr::ControlGuardCounter,8077d178,4,8018ebb0
chr::ControlGuardCounter,8077d178,5,800e70a8
chr::ControlGuardCounter,8077d178,6,801897b4
chr::ControlGuardCounter,8077d178,7,80189634
chr::ControlGuardCounter,8077d178,8,8018982c
chr::ControlGuardCounter,8077d178,9,80189a14
chr::ControlGuardCounter,8077d178,10,801899b0
chr::ControlGuardCounter,8077d178,11,80189a30
chr::ControlGuardCounter,8077d178,12,80189a8c
chr::ControlGuardCounter,8077d178,13,801446e8
chr::ControlGuardCounter,8077d178,14,80147a0c
chr::ControlGuardCounter,8077d178,15,80188088
chr::ControlGuardCounter,8077d178,16,80188080
chr::ControlGuardCounter,8077d178,17,80188064
chr::ControlGuardCounter,8077d178,18,800ee5a4
chr::ControlGuardCounter,8077d178,19,80151180
chr::ControlGuardCounter,8077d178,20,80147a10
chr::ControlGuardCounter,8077d178,21,80188060
chr::ControlGuardCounter,8077d178,22,80189b28
chr::ControlGuardMountle,80781a70,0,801c3314
chr::ControlGuardMountle,80781a70,1,801c074c
chr::ControlGuardMountle,80781a70,2,80192758
chr::ControlGuardMountle,80781a70,3,801c0c08
chr::ControlGuardMountle,80781a70,4,80192590
chr::ControlGuardMountle,80781a70,5,800e70a8
chr::ControlGuardMountle,80781a70,6,80158c9c
chr::ControlGuardMountle,80781a70,7,80158d58
chr::ControlGuardMountle,80781a70,8,80158e14
chr::ControlGuardMountle,80781a70,9,800fcd1c
chr::ControlGuardMountle,80781a70,10,800e60fc
chr::ControlGuardMountle,80781a70,11,8017a220
chr::ControlGuardMountle,80781a70,12,8017a2f8
chr::ControlGuardMountle,80781a70,13,801446e8
chr::ControlGuardMountle,80781a70,14,80147a0c
chr::ControlGuardMountle,80781a70,15,80188088
chr::ControlGuardMountle,80781a70,16,80188080
chr::ControlGuardMountle,80781a70,17,80188064
chr::ControlGuardMountle,80781a70,18,800ee5a4
chr::ControlGuardMountle,80781a70,19,80151180
chr::ControlGuardMountle,80781a70,20,80147a10
chr::ControlGuardMountle,80781a70,21,80188060
chr::ControlGuardMountle,80781a70,22,801c0d04
chr::ControlGuarded,8077fd28,0,801b0650
chr::ControlGuarded,8077fd28,1,801af484
chr::ControlGuarded,8077fd28,2,80192758
chr::ControlGuarded,8077fd28,3,80192578
chr::ControlGuarded,8077fd28,4,80192590
chr::ControlGuarded,8077fd28,5,800e70a8
chr::ControlGuarded,8077fd28,6,80158c9c
chr::ControlGuarded,8077fd28,7,80158d58
chr::ControlGuarded,8077fd28,8,80158e14
chr::ControlGuarded,8077fd28,9,800fcd1c
chr::ControlGuarded,8077fd28,10,800e60fc
chr::ControlGuarded,8077fd28,11,8017a220
chr::ControlGuarded,8077fd28,12,8017a2f8
chr::ControlGuarded,8077fd28,13,801446e8
chr::ControlGuarded,8077fd28,14,80147a0c
chr::ControlGuarded,8077fd28,15,80188088
chr::ControlGuarded,8077fd28,16,80188080
chr::ControlGuarded,8077fd28,17,80188064
chr::ControlGuarded,8077fd28,18,800ee5a4
chr::ControlGuarded,8077fd28,19,80151180
chr::ControlGuarded,8077fd28,20,80147a10
chr::ControlGuarded,8077fd28,21,80188060
chr::ControlHighJumpAttack,8077f478,0,801a76bc
chr::ControlHighJumpAttack,8077f478,1,801a5bdc
chr::ControlHighJumpAttack,8077f478,2,80192758
chr::ControlHighJumpAttack,8077f478,3,80192578
chr::ControlHighJumpAttack,8077f478,4,801a4db0
chr::ControlHighJumpAttack,8077f478,5,800e70a8
chr::ControlHighJumpAttack,8077f478,6,80158c9c
chr::ControlHighJumpAttack,8077f478,7,801a4ddc
chr::ControlHighJumpAttack,8077f478,8,801a4dc4
chr::ControlHighJumpAttack,8077f478,9,800fcd1c
chr::ControlHighJumpAttack,8077f478,10,800e60fc
chr::ControlHighJumpAttack,8077f478,11,8017a220
chr::ControlHighJumpAttack,8077f478,12,8017a2f8
chr::ControlHighJumpAttack,8077f478,13,801446e8
chr::ControlHighJumpAttack,8077f478,14,80147a0c
chr::ControlHighJumpAttack,8077f478,15,801a766c
chr::ControlHighJumpAttack,8077f478,16,801a7664
chr::ControlHighJumpAttack,8077f478,17,801a7650
chr::ControlHighJumpAttack,8077f478,18,800ee5a4
chr::ControlHighJumpAttack,8077f478,19,801a7648
chr::ControlHighJumpAttack,8077f478,20,80147a10
chr::ControlHighJumpAttack,8077f478,21,80188060
chr::ControlHitBackBullet,8077d0f8,0,8018edc4
chr::ControlHitBackBullet,8077d0f8,1,8018d160
chr::ControlHitBackBullet,8077d0f8,2,80192758
chr::ControlHitBackBullet,8077d0f8,3,80192578
chr::ControlHitBackBullet,8077d0f8,4,8018ebb0
chr::ControlHitBackBullet,8077d0f8,5,8018d49c
chr::ControlHitBackBullet,8077d0f8,6,801897b4
chr::ControlHitBackBullet,8077d0f8,7,80189634
chr::ControlHitBackBullet,8077d0f8,8,8018982c
chr::ControlHitBackBullet,8077d0f8,9,80189a14
chr::ControlHitBackBullet,8077d0f8,10,801899b0
chr::ControlHitBackBullet,8077d0f8,11,80189a30
chr::ControlHitBackBullet,8077d0f8,12,80189a8c
chr::ControlHitBackBullet,8077d0f8,13,801446e8
chr::ControlHitBackBullet,8077d0f8,14,80147a0c
chr::ControlHitBackBullet,8077d0f8,15,80188088
chr::ControlHitBackBullet,8077d0f8,16,80188080
chr::ControlHitBackBullet,8077d0f8,17,80188064
chr::ControlHitBackBullet,8077d0f8,18,800ee5a4
chr::ControlHitBackBullet,8077d0f8,19,80151180
chr::ControlHitBackBullet,8077d0f8,20,80147a10
chr::ControlHitBackBullet,8077d0f8,21,80188060
chr::ControlHitBackBullet,8077d0f8,22,80189b28
chr::ControlInteractionBase,80781430,0,801bc248
chr::ControlInteractionBase,80781430,1,801bbf84
chr::ControlInteractionBase,80781430,2,80192758
chr::ControlInteractionBase,80781430,3,80192578
chr::ControlInteractionBase,80781430,4,80192590
chr::ControlInteractionBase,80781430,5,800e70a8
chr::ControlInteractionBase,80781430,6,80158c9c
chr::ControlInteractionBase,80781430,7,80158d58
chr::ControlInteractionBase,80781430,8,80158e14
chr::ControlInteractionBase,80781430,9,800fcd1c
chr::ControlInteractionBase,80781430,10,800e60fc
chr::ControlInteractionBase,80781430,11,8017a220
chr::ControlInteractionBase,80781430,12,8017a2f8
chr::ControlInteractionBase,80781430,13,801446e8
chr::ControlInteractionBase,80781430,14,80147a0c
chr::ControlInteractionBase,80781430,15,80188088
chr::ControlInteractionBase,80781430,16,80188080
chr::ControlInteractionBase,80781430,17,80188064
chr::ControlInteractionBase,80781430,18,800ee5a4
chr::ControlInteractionBase,80781430,19,80151180
chr::ControlInteractionBase,80781430,20,80147a10
chr::ControlInteractionBase,80781430,21,80188060
chr::ControlJump,80781980,0,801c3394
chr::ControlJump,80781980,1,801c1b50
chr::ControlJump,80781980,2,80192758
chr::ControlJump,80781980,3,801c1db4
chr::ControlJump,80781980,4,80192590
chr::ControlJump,80781980,5,800e70a8
chr::ControlJump,80781980,6,80158c9c
chr::ControlJump,80781980,7,80158d58
chr::ControlJump,80781980,8,80158e14
chr::ControlJump,80781980,9,800fcd1c
chr::ControlJump,80781980,10,800e60fc
chr::ControlJump,80781980,11,8017a220
chr::ControlJump,80781980,12,8017a2f8
chr::ControlJump,80781980,13,801446e8
chr::ControlJump,80781980,14,80147a0c
chr::ControlJump,80781980,15,80188088
chr::ControlJump,80781980,16,80188080
chr::ControlJump,80781980,17,80188064
chr::ControlJump,80781980,18,800ee5a4
chr::ControlJump,80781980,19,80151180
chr::ControlJump,80781980,20,80147a10
chr::ControlJump,80781980,21,80188060
chr::ControlJumpAttack,8077d378,0,8018ec84
chr::ControlJumpAttack,8077d378,1,8018b87c
chr::ControlJumpAttack,8077d378,2,80192758
chr::ControlJumpAttack,8077d378,3,80192578
chr::ControlJumpAttack,8077d378,4,8018ebb0
chr::ControlJumpAttack,8077d378,5,800e70a8
chr::ControlJumpAttack,8077d378,6,801897b4
chr::ControlJumpAttack,8077d378,7,80189634
chr::ControlJumpAttack,8077d378,8,8018982c
chr::ControlJumpAttack,8077d378,9,80189a14
chr::ControlJumpAttack,8077d378,10,801899b0
chr::ControlJumpAttack,8077d378,11,80189a30
chr::ControlJumpAttack,8077d378,12,80189a8c
chr::ControlJumpAttack,8077d378,13,801446e8
chr::ControlJumpAttack,8077d378,14,80147a0c
chr::ControlJumpAttack,8077d378,15,80188088
chr::ControlJumpAttack,8077d378,16,80188080
chr::ControlJumpAttack,8077d378,17,80188064
chr::ControlJumpAttack,8077d378,18,800ee5a4
chr::ControlJumpAttack,8077d378,19,80151180
chr::ControlJumpAttack,8077d378,20,80147a10
chr::ControlJumpAttack,8077d378,21,80188060
chr::ControlJumpAttack,8077d378,22,80189b28
chr::ControlJumpAttack2,8077d2f8,0,8018ecc4
chr::ControlJumpAttack2,8077d2f8,1,8018bd74
chr::ControlJumpAttack2,8077d2f8,2,80192758
chr::ControlJumpAttack2,8077d2f8,3,8018c084
chr::ControlJumpAttack2,8077d2f8,4,8018ebb0
chr::ControlJumpAttack2,8077d2f8,5,800e70a8
chr::ControlJumpAttack2,8077d2f8,6,801897b4
chr::ControlJumpAttack2,8077d2f8,7,80189634
chr::ControlJumpAttack2,8077d2f8,8,8018982c
chr::ControlJumpAttack2,8077d2f8,9,80189a14
chr::ControlJumpAttack2,8077d2f8,10,801899b0
chr::ControlJumpAttack2,8077d2f8,11,80189a30
chr::ControlJumpAttack2,8077d2f8,12,80189a8c
chr::ControlJumpAttack2,8077d2f8,13,801446e8
chr::ControlJumpAttack2,8077d2f8,14,80147a0c
chr::ControlJumpAttack2,8077d2f8,15,80188088
chr::ControlJumpAttack2,8077d2f8,16,80188080
chr::ControlJumpAttack2,8077d2f8,17,80188064
chr::ControlJumpAttack2,8077d2f8,18,800ee5a4
chr::ControlJumpAttack2,8077d2f8,19,80151180
chr::ControlJumpAttack2,8077d2f8,20,80147a10
chr::ControlJumpAttack2,8077d2f8,21,80188060
chr::ControlJumpAttack2,8077d2f8,22,80189b28
chr::ControlKnockdown,8077ff80,0,801b04b8
chr::ControlKnockdown,8077ff80,1,801ad2b4
chr::ControlKnockdown,8077ff80,2,80192758
chr::ControlKnockdown,8077ff80,3,80192578
chr::ControlKnockdown,8077ff80,4,80192590
chr::ControlKnockdown,8077ff80,5,800e70a8
chr::ControlKnockdown,8077ff80,6,80158c9c
chr::ControlKnockdown,8077ff80,7,80158d58
chr::ControlKnockdown,8077ff80,8,80158e14
chr::ControlKnockdown,8077ff80,9,800fcd1c
chr::ControlKnockdown,8077ff80,10,800e60fc
chr::ControlKnockdown,8077ff80,11,8017a220
chr::ControlKnockdown,8077ff80,12,8017a2f8
chr::ControlKnockdown,8077ff80,13,801446e8
chr::ControlKnockdown,8077ff80,14,80147a0c
chr::ControlKnockdown,8077ff80,15,80188088
chr::ControlKnockdown,8077ff80,16,80188080
chr::ControlKnockdown,8077ff80,17,80188064
chr::ControlKnockdown,8077ff80,18,800ee5a4
chr::ControlKnockdown,8077ff80,19,80151180
chr::ControlKnockdown,8077ff80,20,80147a10
chr::ControlKnockdown,8077ff80,21,80188060
chr::ControlLadder,80781610,0,801bc578
chr::ControlLadder,80781610,1,801bc4f4
chr::ControlLadder,80781610,2,80192758
chr::ControlLadder,80781610,3,80192578
chr::ControlLadder,80781610,4,80192590
chr::ControlLadder,80781610,5,800e70a8
chr::ControlLadder,80781610,6,80158c9c
chr::ControlLadder,80781610,7,80158d58
chr::ControlLadder,80781610,8,80158e14
chr::ControlLadder,80781610,9,800fcd1c
chr::ControlLadder,80781610,10,800e60fc
chr::ControlLadder,80781610,11,8017a220
chr::ControlLadder,80781610,12,8017a2f8
chr::ControlLadder,80781610,13,801446e8
chr::ControlLadder,80781610,14,80147a0c
chr::ControlLadder,80781610,15,80188088
chr::ControlLadder,80781610,16,80188080
chr::ControlLadder,80781610,17,80188064
chr::ControlLadder,80781610,18,800ee5a4
chr::ControlLadder,80781610,19,80151180
chr::ControlLadder,80781610,20,80147a10
chr::ControlLadder,80781610,21,80188060
chr::ControlLookAroundEgg,80781688,0,801bc538
chr::ControlLookAroundEgg,80781688,1,801bc3b4
chr::ControlLookAroundEgg,80781688,2,80192758
chr::ControlLookAroundEgg,80781688,3,80192578
chr::ControlLookAroundEgg,80781688,4,80192590
chr::ControlLookAroundEgg,80781688,5,800e70a8
chr::ControlLookAroundEgg,80781688,6,80158c9c
chr::ControlLookAroundEgg,80781688,7,80158d58
chr::ControlLookAroundEgg,80781688,8,80158e14
chr::ControlLookAroundEgg,80781688,9,800fcd1c
chr::ControlLookAroundEgg,80781688,10,800e60fc
chr::ControlLookAroundEgg,80781688,11,8017a220
chr::ControlLookAroundEgg,80781688,12,8017a2f8
chr::ControlLookAroundEgg,80781688,13,801446e8
chr::ControlLookAroundEgg,80781688,14,80147a0c
chr::ControlLookAroundEgg,80781688,15,80188088
chr::ControlLookAroundEgg,80781688,16,80188080
chr::ControlLookAroundEgg,80781688,17,80188064
chr::ControlLookAroundEgg,80781688,18,800ee5a4
chr::ControlLookAroundEgg,80781688,19,80151180
chr::ControlLookAroundEgg,80781688,20,80147a10
chr::ControlLookAroundEgg,80781688,21,80188060
chr::ControlMagic,80781830,0,801bc904
chr::ControlMagic,80781830,1,801bc97c
chr::ControlMagic,80781830,2,801bda9c
chr::ControlMagic,80781830,3,80192578
chr::ControlMagic,80781830,4,80192590
chr::ControlMagic,80781830,5,800e70a8
chr::ControlMagic,80781830,6,80158c9c
chr::ControlMagic,80781830,7,80158d58
chr::ControlMagic,80781830,8,80158e14
chr::ControlMagic,80781830,9,800fcd1c
chr::ControlMagic,80781830,10,800e60fc
chr::ControlMagic,80781830,11,8017a220
chr::ControlMagic,80781830,12,8017a2f8
chr::ControlMagic,80781830,13,801446e8
chr::ControlMagic,80781830,14,80147a0c
chr::ControlMagic,80781830,15,80188088
chr::ControlMagic,80781830,16,80188080
chr::ControlMagic,80781830,17,80188064
chr::ControlMagic,80781830,18,800ee5a4
chr::ControlMagic,80781830,19,80151180
chr::ControlMagic,80781830,20,801a21a4
chr::ControlMagic,80781830,21,801c038c
chr::ControlMagicEnd,807817b8,0,801c039c
chr::ControlMagicEnd,807817b8,1,801be630
chr::ControlMagicEnd,807817b8,2,801bff28
chr::ControlMagicEnd,807817b8,3,80192578
chr::ControlMagicEnd,807817b8,4,801c0280
chr::ControlMagicEnd,807817b8,5,800e70a8
chr::ControlMagicEnd,807817b8,6,80158c9c
chr::ControlMagicEnd,807817b8,7,80158d58
chr::ControlMagicEnd,807817b8,8,801c0144
chr::ControlMagicEnd,807817b8,9,800fcd1c
chr::ControlMagicEnd,807817b8,10,800e60fc
chr::ControlMagicEnd,807817b8,11,8017a220
chr::ControlMagicEnd,807817b8,12,8017a2f8
chr::ControlMagicEnd,807817b8,13,801446e8
chr::ControlMagicEnd,807817b8,14,80147a0c
chr::ControlMagicEnd,807817b8,15,801c0360
chr::ControlMagicEnd,807817b8,16,801c0358
chr::ControlMagicEnd,807817b8,17,801c0344
chr::ControlMagicEnd,807817b8,18,801c01e0
chr::ControlMagicEnd,807817b8,19,80151180
chr::ControlMagicEnd,807817b8,20,80147a10
chr::ControlMagicEnd,807817b8,21,80188060
chr::ControlMatHold,8077e7d0,0,801a06e8
chr::ControlMatHold,8077e7d0,1,801975f4
chr::ControlMatHold,8077e7d0,2,80192758
chr::ControlMatHold,8077e7d0,3,80192578
chr::ControlMatHold,8077e7d0,4,80192590
chr::ControlMatHold,8077e7d0,5,800e70a8
chr::ControlMatHold,8077e7d0,6,80158c9c
chr::ControlMatHold,8077e7d0,7,80158d58
chr::ControlMatHold,8077e7d0,8,80158e14
chr::ControlMatHold,8077e7d0,9,800fcd1c
chr::ControlMatHold,8077e7d0,10,800e60fc
chr::ControlMatHold,8077e7d0,11,8017a220
chr::ControlMatHold,8077e7d0,12,8017a2f8
chr::ControlMatHold,8077e7d0,13,801446e8
chr::ControlMatHold,8077e7d0,14,80147a0c
chr::ControlMatHold,8077e7d0,15,80188088
chr::ControlMatHold,8077e7d0,16,80188080
chr::ControlMatHold,8077e7d0,17,80188064
chr::ControlMatHold,8077e7d0,18,800ee5a4
chr::ControlMatHold,8077e7d0,19,80151180
chr::ControlMatHold,8077e7d0,20,80147a10
chr::ControlMatHold,8077e7d0,21,80188060
chr::ControlMatHoldDamage,8077e6e0,0,801a0768
chr::ControlMatHoldDamage,8077e6e0,1,80198400
chr::ControlMatHoldDamage,8077e6e0,2,80192758
chr::ControlMatHoldDamage,8077e6e0,3,80192578
chr::ControlMatHoldDamage,8077e6e0,4,80192590
chr::ControlMatHoldDamage,8077e6e0,5,800e70a8
chr::ControlMatHoldDamage,8077e6e0,6,80158c9c
chr::ControlMatHoldDamage,8077e6e0,7,80158d58
chr::ControlMatHoldDamage,8077e6e0,8,80158e14
chr::ControlMatHoldDamage,8077e6e0,9,800fcd1c
chr::ControlMatHoldDamage,8077e6e0,10,800e60fc
chr::ControlMatHoldDamage,8077e6e0,11,8017a220
chr::ControlMatHoldDamage,8077e6e0,12,8017a2f8
chr::ControlMatHoldDamage,8077e6e0,13,801446e8
chr::ControlMatHoldDamage,8077e6e0,14,80147a0c
chr::ControlMatHoldDamage,8077e6e0,15,80188088
chr::ControlMatHoldDamage,8077e6e0,16,80188080
chr::ControlMatHoldDamage,8077e6e0,17,80188064
chr::ControlMatHoldDamage,8077e6e0,18,800ee5a4
chr::ControlMatHoldDamage,8077e6e0,19,80151180
chr::ControlMatHoldDamage,8077e6e0,20,80147a10
chr::ControlMatHoldDamage,8077e6e0,21,80188060
chr::ControlMatHoldGuard,8077e8c0,0,801a0668
chr::ControlMatHoldGuard,8077e8c0,1,80196a98
chr::ControlMatHoldGuard,8077e8c0,2,80192758
chr::ControlMatHoldGuard,8077e8c0,3,80192578
chr::ControlMatHoldGuard,8077e8c0,4,80192590
chr::ControlMatHoldGuard,8077e8c0,5,800e70a8
chr::ControlMatHoldGuard,8077e8c0,6,80158c9c
chr::ControlMatHoldGuard,8077e8c0,7,80158d58
chr::ControlMatHoldGuard,8077e8c0,8,80158e14
chr::ControlMatHoldGuard,8077e8c0,9,800fcd1c
chr::ControlMatHoldGuard,8077e8c0,10,800e60fc
chr::ControlMatHoldGuard,8077e8c0,11,8017a220
chr::ControlMatHoldGuard,8077e8c0,12,8017a2f8
chr::ControlMatHoldGuard,8077e8c0,13,801446e8
chr::ControlMatHoldGuard,8077e8c0,14,80147a0c
chr::ControlMatHoldGuard,8077e8c0,15,80188088
chr::ControlMatHoldGuard,8077e8c0,16,80188080
chr::ControlMatHoldGuard,8077e8c0,17,80188064
chr::ControlMatHoldGuard,8077e8c0,18,800ee5a4
chr::ControlMatHoldGuard,8077e8c0,19,80151180
chr::ControlMatHoldGuard,8077e8c0,20,80147a10
chr::ControlMatHoldGuard,8077e8c0,21,80188060
chr::ControlMatHoldPre,8077e848,0,801a06a8
chr::ControlMatHoldPre,8077e848,1,80196cd4
chr::ControlMatHoldPre,8077e848,2,801971b8
chr::ControlMatHoldPre,8077e848,3,80192578
chr::ControlMatHoldPre,8077e848,4,80192590
chr::ControlMatHoldPre,8077e848,5,80197518
chr::ControlMatHoldPre,8077e848,6,80158c9c
chr::ControlMatHoldPre,8077e848,7,80158d58
chr::ControlMatHoldPre,8077e848,8,80158e14
chr::ControlMatHoldPre,8077e848,9,800fcd1c
chr::ControlMatHoldPre,8077e848,10,800e60fc
chr::ControlMatHoldPre,8077e848,11,8017a220
chr::ControlMatHoldPre,8077e848,12,8017a2f8
chr::ControlMatHoldPre,8077e848,13,801446e8
chr::ControlMatHoldPre,8077e848,14,80147a0c
chr::ControlMatHoldPre,8077e848,15,80188088
chr::ControlMatHoldPre,8077e848,16,80188080
chr::ControlMatHoldPre,8077e848,17,80188064
chr::ControlMatHoldPre,8077e848,18,800ee5a4
chr::ControlMatHoldPre,8077e848,19,80151180
chr::ControlMatHoldPre,8077e848,20,80147a10
chr::ControlMatHoldPre,8077e848,21,80188060
chr::ControlMatHoldRelease,8077e758,0,801a0728
chr::ControlMatHoldRelease,8077e758,1,80197994
chr::ControlMatHoldRelease,8077e758,2,80197a68
chr::ControlMatHoldRelease,8077e758,3,80192578
chr::ControlMatHoldRelease,8077e758,4,80192590
chr::ControlMatHoldRelease,8077e758,5,80197dc8
chr::ControlMatHoldRelease,8077e758,6,80158c9c
chr::ControlMatHoldRelease,8077e758,7,80158d58
chr::ControlMatHoldRelease,8077e758,8,80158e14
chr::ControlMatHoldRelease,8077e758,9,800fcd1c
chr::ControlMatHoldRelease,8077e758,10,800e60fc
chr::ControlMatHoldRelease,8077e758,11,8017a220
chr::ControlMatHoldRelease,8077e758,12,8017a2f8
chr::ControlMatHoldRelease,8077e758,13,801446e8
chr::ControlMatHoldRelease,8077e758,14,80147a0c
chr::ControlMatHoldRelease,8077e758,15,80188088
chr::ControlMatHoldRelease,8077e758,16,80188080
chr::ControlMatHoldRelease,8077e758,17,80188064
chr::ControlMatHoldRelease,8077e758,18,800ee5a4
chr::ControlMatHoldRelease,8077e758,19,80151180
chr::ControlMatHoldRelease,8077e758,20,80147a10
chr::ControlMatHoldRelease,8077e758,21,80188060
chr::ControlMountleQuadruped,80781af0,0,801c0cc4
chr::ControlMountleQuadruped,80781af0,1,801c074c
chr::ControlMountleQuadruped,80781af0,2,80192758
chr::ControlMountleQuadruped,80781af0,3,801c0c08
chr::ControlMountleQuadruped,80781af0,4,80192590
chr::ControlMountleQuadruped,80781af0,5,800e70a8
chr::ControlMountleQuadruped,80781af0,6,80158c9c
chr::ControlMountleQuadruped,80781af0,7,80158d58
chr::ControlMountleQuadruped,80781af0,8,80158e14
chr::ControlMountleQuadruped,80781af0,9,800fcd1c
chr::ControlMountleQuadruped,80781af0,10,800e60fc
chr::ControlMountleQuadruped,80781af0,11,8017a220
chr::ControlMountleQuadruped,80781af0,12,8017a2f8
chr::ControlMountleQuadruped,80781af0,13,801446e8
chr::ControlMountleQuadruped,80781af0,14,80147a0c
chr::ControlMountleQuadruped,80781af0,15,80188088
chr::ControlMountleQuadruped,80781af0,16,80188080
chr::ControlMountleQuadruped,80781af0,17,80188064
chr::ControlMountleQuadruped,80781af0,18,800ee5a4
chr::ControlMountleQuadruped,80781af0,19,80151180
chr::ControlMountleQuadruped,80781af0,20,80147a10
chr::ControlMountleQuadruped,80781af0,21,80188060
chr::ControlMountleQuadruped,80781af0,22,801c0c04
chr::ControlMultiAttack,8077d278,0,8018ed04
chr::ControlMultiAttack,8077d278,1,8018c2e0
chr::ControlMultiAttack,8077d278,2,80192758
chr::ControlMultiAttack,8077d278,3,8018c650
chr::ControlMultiAttack,8077d278,4,8018ebb0
chr::ControlMultiAttack,8077d278,5,800e70a8
chr::ControlMultiAttack,8077d278,6,801897b4
chr::ControlMultiAttack,8077d278,7,80189634
chr::ControlMultiAttack,8077d278,8,8018982c
chr::ControlMultiAttack,8077d278,9,80189a14
chr::ControlMultiAttack,8077d278,10,801899b0
chr::ControlMultiAttack,8077d278,11,80189a30
chr::ControlMultiAttack,8077d278,12,80189a8c
chr::ControlMultiAttack,8077d278,13,801446e8
chr::ControlMultiAttack,8077d278,14,80147a0c
chr::ControlMultiAttack,8077d278,15,80188088
chr::ControlMultiAttack,8077d278,16,80188080
chr::ControlMultiAttack,8077d278,17,80188064
chr::ControlMultiAttack,8077d278,18,800ee5a4
chr::ControlMultiAttack,8077d278,19,80151180
chr::ControlMultiAttack,8077d278,20,80147a10
chr::ControlMultiAttack,8077d278,21,80188060
chr::ControlMultiAttack,8077d278,22,80189b28
chr::ControlOneMotionTarget,80781cd8,0,801c4678
chr::ControlOneMotionTarget,80781cd8,1,801c3f54
chr::ControlOneMotionTarget,80781cd8,2,80192758
chr::ControlOneMotionTarget,80781cd8,3,80192578
chr::ControlOneMotionTarget,80781cd8,4,80192590
chr::ControlOneMotionTarget,80781cd8,5,800e70a8
chr::ControlOneMotionTarget,80781cd8,6,80158c9c
chr::ControlOneMotionTarget,80781cd8,7,80158d58
chr::ControlOneMotionTarget,80781cd8,8,80158e14
chr::ControlOneMotionTarget,80781cd8,9,800fcd1c
chr::ControlOneMotionTarget,80781cd8,10,800e60fc
chr::ControlOneMotionTarget,80781cd8,11,8017a220
chr::ControlOneMotionTarget,80781cd8,12,8017a2f8
chr::ControlOneMotionTarget,80781cd8,13,801446e8
chr::ControlOneMotionTarget,80781cd8,14,80147a0c
chr::ControlOneMotionTarget,80781cd8,15,80188088
chr::ControlOneMotionTarget,80781cd8,16,80188080
chr::ControlOneMotionTarget,80781cd8,17,80188064
chr::ControlOneMotionTarget,80781cd8,18,800ee5a4
chr::ControlOneMotionTarget,80781cd8,19,80151180
chr::ControlOneMotionTarget,80781cd8,20,80147a10
chr::ControlOneMotionTarget,80781cd8,21,80188060
chr::ControlOneMotionTransition,80781c60,0,801c46b8
chr::ControlOneMotionTransition,80781c60,1,801c40a4
chr::ControlOneMotionTransition,80781c60,2,80192758
chr::ControlOneMotionTransition,80781c60,3,80192578
chr::ControlOneMotionTransition,80781c60,4,80192590
chr::ControlOneMotionTransition,80781c60,5,800e70a8
chr::ControlOneMotionTransition,80781c60,6,80158c9c
chr::ControlOneMotionTransition,80781c60,7,80158d58
chr::ControlOneMotionTransition,80781c60,8,80158e14
chr::ControlOneMotionTransition,80781c60,9,800fcd1c
chr::ControlOneMotionTransition,80781c60,10,800e60fc
chr::ControlOneMotionTransition,80781c60,11,8017a220
chr::ControlOneMotionTransition,80781c60,12,8017a2f8
chr::ControlOneMotionTransition,80781c60,13,801446e8
chr::ControlOneMotionTransition,80781c60,14,80147a0c
chr::ControlOneMotionTransition,80781c60,15,80188088
chr::ControlOneMotionTransition,80781c60,16,80188080
chr::ControlOneMotionTransition,80781c60,17,80188064
chr::ControlOneMotionTransition,80781c60,18,800ee5a4
chr::ControlOneMotionTransition,80781c60,19,80151180
chr::ControlOneMotionTransition,80781c60,20,80147a10
chr::ControlOneMotionTransition,80781c60,21,80188060
chr::ControlOttotto,80781e50,0,801c6ed0
chr::ControlOttotto,80781e50,1,801c4f54
chr::ControlOttotto,80781e50,2,80192758
chr::ControlOttotto,80781e50,3,80192578
chr::ControlOttotto,80781e50,4,80192590
chr::ControlOttotto,80781e50,5,800e70a8
chr::ControlOttotto,80781e50,6,80158c9c
chr::ControlOttotto,80781e50,7,80158d58
chr::ControlOttotto,80781e50,8,80158e14
chr::ControlOttotto,80781e50,9,800fcd1c
chr::ControlOttotto,80781e50,10,800e60fc
chr::ControlOttotto,80781e50,11,8017a220
chr::ControlOttotto,80781e50,12,8017a2f8
chr::ControlOttotto,80781e50,13,801446e8
chr::ControlOttotto,80781e50,14,80147a0c
chr::ControlOttotto,80781e50,15,80188088
chr::ControlOttotto,80781e50,16,80188080
chr::ControlOttotto,80781e50,17,80188064
chr::ControlOttotto,80781e50,18,800ee5a4
chr::ControlOttotto,80781e50,19,80151180
chr::ControlOttotto,80781e50,20,80147a10
chr::ControlOttotto,80781e50,21,80188060
chr::ControlOverdrive,80780f40,0,801b7c50
chr::ControlOverdrive,80780f40,1,801b74fc
chr::ControlOverdrive,80780f40,2,80192758
chr::ControlOverdrive,80780f40,3,80192578
chr::ControlOverdrive,80780f40,4,80192590
chr::ControlOverdrive,80780f40,5,801b779c
chr::ControlOverdrive,80780f40,6,80158c9c
chr::ControlOverdrive,80780f40,7,80158d58
chr::ControlOverdrive,80780f40,8,80158e14
chr::ControlOverdrive,80780f40,9,800fcd1c
chr::ControlOverdrive,80780f40,10,800e60fc
chr::ControlOverdrive,80780f40,11,8017a220
chr::ControlOverdrive,80780f40,12,8017a2f8
chr::ControlOverdrive,80780f40,13,801446e8
chr::ControlOverdrive,80780f40,14,80147a0c
chr::ControlOverdrive,80780f40,15,80188088
chr::ControlOverdrive,80780f40,16,80188080
chr::ControlOverdrive,80780f40,17,80188064
chr::ControlOverdrive,80780f40,18,800ee5a4
chr::ControlOverdrive,80780f40,19,80151180
chr::ControlOverdrive,80780f40,20,80147a10
chr::ControlOverdrive,80780f40,21,80188060
chr::ControlPushedAvoid,80781dd8,0,801c6f10
chr::ControlPushedAvoid,80781dd8,1,801c5c50
chr::ControlPushedAvoid,80781dd8,2,80192758
chr::ControlPushedAvoid,80781dd8,3,80192578
chr::ControlPushedAvoid,80781dd8,4,80192590
chr::ControlPushedAvoid,80781dd8,5,800e70a8
chr::ControlPushedAvoid,80781dd8,6,80158c9c
chr::ControlPushedAvoid,80781dd8,7,80158d58
chr::ControlPushedAvoid,80781dd8,8,80158e14
chr::ControlPushedAvoid,80781dd8,9,800fcd1c
chr::ControlPushedAvoid,80781dd8,10,800e60fc
chr::ControlPushedAvoid,80781dd8,11,8017a220
chr::ControlPushedAvoid,80781dd8,12,8017a2f8
chr::ControlPushedAvoid,80781dd8,13,801446e8
chr::ControlPushedAvoid,80781dd8,14,80147a0c
chr::ControlPushedAvoid,80781dd8,15,80188088
chr::ControlPushedAvoid,80781dd8,16,80188080
chr::ControlPushedAvoid,80781dd8,17,80188064
chr::ControlPushedAvoid,80781dd8,18,800ee5a4
chr::ControlPushedAvoid,80781dd8,19,80151180
chr::ControlPushedAvoid,80781dd8,20,80147a10
chr::ControlPushedAvoid,80781dd8,21,80188060
chr::ControlQuarkSeirenAttack,8077f3f8,0,801a76fc
chr::ControlQuarkSeirenAttack,8077f3f8,1,801a6364
chr::ControlQuarkSeirenAttack,8077f3f8,2,80192758
chr::ControlQuarkSeirenAttack,8077f3f8,3,80192578
chr::ControlQuarkSeirenAttack,8077f3f8,4,801a4db0
chr::ControlQuarkSeirenAttack,8077f3f8,5,801a6734
chr::ControlQuarkSeirenAttack,8077f3f8,6,80158c9c
chr::ControlQuarkSeirenAttack,8077f3f8,7,801a4ddc
chr::ControlQuarkSeirenAttack,8077f3f8,8,801a4dc4
chr::ControlQuarkSeirenAttack,8077f3f8,9,800fcd1c
chr::ControlQuarkSeirenAttack,8077f3f8,10,800e60fc
chr::ControlQuarkSeirenAttack,8077f3f8,11,8017a220
chr::ControlQuarkSeirenAttack,8077f3f8,12,8017a2f8
chr::ControlQuarkSeirenAttack,8077f3f8,13,801446e8
chr::ControlQuarkSeirenAttack,8077f3f8,14,80147a0c
chr::ControlQuarkSeirenAttack,8077f3f8,15,801a766c
chr::ControlQuarkSeirenAttack,8077f3f8,16,801a7664
chr::ControlQuarkSeirenAttack,8077f3f8,17,801a7650
chr::ControlQuarkSeirenAttack,8077f3f8,18,800ee5a4
chr::ControlQuarkSeirenAttack,8077f3f8,19,801a7648
chr::ControlQuarkSeirenAttack,8077f3f8,20,80147a10
chr::ControlQuarkSeirenAttack,8077f3f8,21,80188060
chr::ControlReflectLaser,8077de70,0,801a0b68
chr::ControlReflectLaser,8077de70,1,8019f998
chr::ControlReflectLaser,8077de70,2,8019fc6c
chr::ControlReflectLaser,8077de70,3,8019fbe0
chr::ControlReflectLaser,8077de70,4,80192590
chr::ControlReflectLaser,8077de70,5,800e70a8
chr::ControlReflectLaser,8077de70,6,80158c9c
chr::ControlReflectLaser,8077de70,7,80158d58
chr::ControlReflectLaser,8077de70,8,80158e14
chr::ControlReflectLaser,8077de70,9,800fcd1c
chr::ControlReflectLaser,8077de70,10,800e60fc
chr::ControlReflectLaser,8077de70,11,8017a220
chr::ControlReflectLaser,8077de70,12,8017a2f8
chr::ControlReflectLaser,8077de70,13,801446e8
chr::ControlReflectLaser,8077de70,14,80147a0c
chr::ControlReflectLaser,8077de70,15,80188088
chr::ControlReflectLaser,8077de70,16,80188080
chr::ControlReflectLaser,8077de70,17,80188064
chr::ControlReflectLaser,8077de70,18,800ee5a4
chr::ControlReflectLaser,8077de70,19,80151180
chr::ControlReflectLaser,8077de70,20,80147a10
chr::ControlReflectLaser,8077de70,21,80188060
chr::ControlRelease,8077f208,0,801a2c6c
chr::ControlRelease,8077f208,1,801a2414
chr::ControlRelease,8077f208,2,801a24e4
chr::ControlRelease,8077f208,3,80192578
chr::ControlRelease,8077f208,4,80192590
chr::ControlRelease,8077f208,5,801a24e0
chr::ControlRelease,8077f208,6,80158c9c
chr::ControlRelease,8077f208,7,80158d58
chr::ControlRelease,8077f208,8,80158e14
chr::ControlRelease,8077f208,9,800fcd1c
chr::ControlRelease,8077f208,10,800e60fc
chr::ControlRelease,8077f208,11,8017a220
chr::ControlRelease,8077f208,12,8017a2f8
chr::ControlRelease,8077f208,13,801446e8
chr::ControlRelease,8077f208,14,80147a0c
chr::ControlRelease,8077f208,15,80188088
chr::ControlRelease,8077f208,16,80188080
chr::ControlRelease,8077f208,17,80188064
chr::ControlRelease,8077f208,18,800ee5a4
chr::ControlRelease,8077f208,19,80151180
chr::ControlRelease,8077f208,20,80147a10
chr::ControlRelease,8077f208,21,80188060
chr::ControlRevival,8077fe90,0,801b0590
chr::ControlRevival,8077fe90,1,801ae8c8
chr::ControlRevival,8077fe90,2,80192758
chr::ControlRevival,8077fe90,3,80192578
chr::ControlRevival,8077fe90,4,80192590
chr::ControlRevival,8077fe90,5,800e70a8
chr::ControlRevival,8077fe90,6,80158c9c
chr::ControlRevival,8077fe90,7,80158d58
chr::ControlRevival,8077fe90,8,80158e14
chr::ControlRevival,8077fe90,9,800fcd1c
chr::ControlRevival,8077fe90,10,800e60fc
chr::ControlRevival,8077fe90,11,8017a220
chr::ControlRevival,8077fe90,12,8017a2f8
chr::ControlRevival,8077fe90,13,801446e8
chr::ControlRevival,8077fe90,14,80147a0c
chr::ControlRevival,8077fe90,15,80188088
chr::ControlRevival,8077fe90,16,80188080
chr::ControlRevival,8077fe90,17,80188064
chr::ControlRevival,8077fe90,18,800ee5a4
chr::ControlRevival,8077fe90,19,80151180
chr::ControlRevival,8077fe90,20,80147a10
chr::ControlRevival,8077fe90,21,80188060
chr::ControlRevivalSkelton,8077fe18,0,801b05d0
chr::ControlRevivalSkelton,8077fe18,1,801ae9a4
chr::ControlRevivalSkelton,8077fe18,2,801aea04
chr::ControlRevivalSkelton,8077fe18,3,80192578
chr::ControlRevivalSkelton,8077fe18,4,80192590
chr::ControlRevivalSkelton,8077fe18,5,801aef40
chr::ControlRevivalSkelton,8077fe18,6,80158c9c
chr::ControlRevivalSkelton,8077fe18,7,80158d58
chr::ControlRevivalSkelton,8077fe18,8,80158e14
chr::ControlRevivalSkelton,8077fe18,9,800fcd1c
chr::ControlRevivalSkelton,8077fe18,10,800e60fc
chr::ControlRevivalSkelton,8077fe18,11,8017a220
chr::ControlRevivalSkelton,8077fe18,12,8017a2f8
chr::ControlRevivalSkelton,8077fe18,13,801446e8
chr::ControlRevivalSkelton,8077fe18,14,801aef54
chr::ControlRevivalSkelton,8077fe18,15,80188088
chr::ControlRevivalSkelton,8077fe18,16,80188080
chr::ControlRevivalSkelton,8077fe18,17,80188064
chr::ControlRevivalSkelton,8077fe18,18,800ee5a4
chr::ControlRevivalSkelton,8077fe18,19,80151180
chr::ControlRevivalSkelton,8077fe18,20,80147a10
chr::ControlRevivalSkelton,8077fe18,21,80188060
chr::ControlRideBeast,80781f60,0,801c7898
chr::ControlRideBeast,80781f60,1,801c6f90
chr::ControlRideBeast,80781f60,2,80192758
chr::ControlRideBeast,80781f60,3,80192578
chr::ControlRideBeast,80781f60,4,80192590
chr::ControlRideBeast,80781f60,5,801c702c
chr::ControlRideBeast,80781f60,6,80158c9c
chr::ControlRideBeast,80781f60,7,80158d58
chr::ControlRideBeast,80781f60,8,80158e14
chr::ControlRideBeast,80781f60,9,800fcd1c
chr::ControlRideBeast,80781f60,10,800e60fc
chr::ControlRideBeast,80781f60,11,8017a220
chr::ControlRideBeast,80781f60,12,8017a2f8
chr::ControlRideBeast,80781f60,13,801446e8
chr::ControlRideBeast,80781f60,14,80147a0c
chr::ControlRideBeast,80781f60,15,80188088
chr::ControlRideBeast,80781f60,16,80188080
chr::ControlRideBeast,80781f60,17,80188064
chr::ControlRideBeast,80781f60,18,800ee5a4
chr::ControlRideBeast,80781f60,19,80151180
chr::ControlRideBeast,80781f60,20,80147a10
chr::ControlRideBeast,80781f60,21,80188060
chr::ControlShoot,80782070,0,801c8ed0
chr::ControlShoot,80782070,1,801c8b88
chr::ControlShoot,80782070,2,80192758
chr::ControlShoot,80782070,3,80192578
chr::ControlShoot,80782070,4,80192590
chr::ControlShoot,80782070,5,800e70a8
chr::ControlShoot,80782070,6,80158c9c
chr::ControlShoot,80782070,7,80158d58
chr::ControlShoot,80782070,8,80158e14
chr::ControlShoot,80782070,9,800fcd1c
chr::ControlShoot,80782070,10,800e60fc
chr::ControlShoot,80782070,11,8017a220
chr::ControlShoot,80782070,12,8017a2f8
chr::ControlShoot,80782070,13,801446e8
chr::ControlShoot,80782070,14,80147a0c
chr::ControlShoot,80782070,15,80188088
chr::ControlShoot,80782070,16,80188080
chr::ControlShoot,80782070,17,80188064
chr::ControlShoot,80782070,18,800ee5a4
chr::ControlShoot,80782070,19,80151180
chr::ControlShoot,80782070,20,80147a10
chr::ControlShoot,80782070,21,80188060
chr::ControlSideWallAttack,8077d1f8,0,8018ed44
chr::ControlSideWallAttack,8077d1f8,1,8018c84c
chr::ControlSideWallAttack,8077d1f8,2,80192758
chr::ControlSideWallAttack,8077d1f8,3,80192578
chr::ControlSideWallAttack,8077d1f8,4,8018ebb0
chr::ControlSideWallAttack,8077d1f8,5,8018cadc
chr::ControlSideWallAttack,8077d1f8,6,801897b4
chr::ControlSideWallAttack,8077d1f8,7,80189634
chr::ControlSideWallAttack,8077d1f8,8,8018982c
chr::ControlSideWallAttack,8077d1f8,9,80189a14
chr::ControlSideWallAttack,8077d1f8,10,801899b0
chr::ControlSideWallAttack,8077d1f8,11,80189a30
chr::ControlSideWallAttack,8077d1f8,12,80189a8c
chr::ControlSideWallAttack,8077d1f8,13,801446e8
chr::ControlSideWallAttack,8077d1f8,14,80147a0c
chr::ControlSideWallAttack,8077d1f8,15,80188088
chr::ControlSideWallAttack,8077d1f8,16,80188080
chr::ControlSideWallAttack,8077d1f8,17,80188064
chr::ControlSideWallAttack,8077d1f8,18,800ee5a4
chr::ControlSideWallAttack,8077d1f8,19,80151180
chr::ControlSideWallAttack,8077d1f8,20,80147a10
chr::ControlSideWallAttack,8077d1f8,21,80188060
chr::ControlSideWallAttack,8077d1f8,22,80189b28
chr::ControlSlip,807820e8,0,801c8e90
chr::ControlSlip,807820e8,1,801c87d8
chr::ControlSlip,807820e8,2,80192758
chr::ControlSlip,807820e8,3,80192578
chr::ControlSlip,807820e8,4,80192590
chr::ControlSlip,807820e8,5,800e70a8
chr::ControlSlip,807820e8,6,80158c9c
chr::ControlSlip,807820e8,7,80158d58
chr::ControlSlip,807820e8,8,80158e14
chr::ControlSlip,807820e8,9,800fcd1c
chr::ControlSlip,807820e8,10,800e60fc
chr::ControlSlip,807820e8,11,8017a220
chr::ControlSlip,807820e8,12,8017a2f8
chr::ControlSlip,807820e8,13,801446e8
chr::ControlSlip,807820e8,14,80147a0c
chr::ControlSlip,807820e8,15,80188088
chr::ControlSlip,807820e8,16,80188080
chr::ControlSlip,807820e8,17,80188064
chr::ControlSlip,807820e8,18,800ee5a4
chr::ControlSlip,807820e8,19,80151180
chr::ControlSlip,807820e8,20,80147a10
chr::ControlSlip,807820e8,21,80188060
chr::ControlStagger,80782160,0,801c9384
chr::ControlStagger,80782160,1,801c900c
chr::ControlStagger,80782160,2,80192758
chr::ControlStagger,80782160,3,80192578
chr::ControlStagger,80782160,4,80192590
chr::ControlStagger,80782160,5,800e70a8
chr::ControlStagger,80782160,6,80158c9c
chr::ControlStagger,80782160,7,80158d58
chr::ControlStagger,80782160,8,80158e14
chr::ControlStagger,80782160,9,800fcd1c
chr::ControlStagger,80782160,10,800e60fc
chr::ControlStagger,80782160,11,8017a220
chr::ControlStagger,80782160,12,8017a2f8
chr::ControlStagger,80782160,13,801446e8
chr::ControlStagger,80782160,14,80147a0c
chr::ControlStagger,80782160,15,80188088
chr::ControlStagger,80782160,16,80188080
chr::ControlStagger,80782160,17,80188064
chr::ControlStagger,80782160,18,800ee5a4
chr::ControlStagger,80782160,19,80151180
chr::ControlStagger,80782160,20,80147a10
chr::ControlStagger,80782160,21,80188060
chr::ControlStepOn,80781138,0,801b9954
chr::ControlStepOn,80781138,1,801b7cd0
chr::ControlStepOn,80781138,2,80192758
chr::ControlStepOn,80781138,3,80192578
chr::ControlStepOn,80781138,4,80192590
chr::ControlStepOn,80781138,5,800e70a8
chr::ControlStepOn,80781138,6,80158c9c
chr::ControlStepOn,80781138,7,80158d58
chr::ControlStepOn,80781138,8,80158e14
chr::ControlStepOn,80781138,9,800fcd1c
chr::ControlStepOn,80781138,10,800e60fc
chr::ControlStepOn,80781138,11,8017a220
chr::ControlStepOn,80781138,12,8017a2f8
chr::ControlStepOn,80781138,13,801446e8
chr::ControlStepOn,80781138,14,80147a0c
chr::ControlStepOn,80781138,15,80188088
chr::ControlStepOn,80781138,16,80188080
chr::ControlStepOn,80781138,17,80188064
chr::ControlStepOn,80781138,18,800ee5a4
chr::ControlStepOn,80781138,19,80151180
chr::ControlStepOn,80781138,20,80147a10
chr::ControlStepOn,80781138,21,80188060
chr::ControlStickSword,8077e9b0,0,801a05e8
chr::ControlStickSword,8077e9b0,1,80196a18
chr::ControlStickSword,8077e9b0,2,80192758
chr::ControlStickSword,8077e9b0,3,80192578
chr::ControlStickSword,8077e9b0,4,80192590
chr::ControlStickSword,8077e9b0,5,800e70a8
chr::ControlStickSword,8077e9b0,6,80158c9c
chr::ControlStickSword,8077e9b0,7,80158d58
chr::ControlStickSword,8077e9b0,8,80158e14
chr::ControlStickSword,8077e9b0,9,800fcd1c
chr::ControlStickSword,8077e9b0,10,800e60fc
chr::ControlStickSword,8077e9b0,11,8017a220
chr::ControlStickSword,8077e9b0,12,8017a2f8
chr::ControlStickSword,8077e9b0,13,801446e8
chr::ControlStickSword,8077e9b0,14,80147a0c
chr::ControlStickSword,8077e9b0,15,80188088
chr::ControlStickSword,8077e9b0,16,80188080
chr::ControlStickSword,8077e9b0,17,80188064
chr::ControlStickSword,8077e9b0,18,800ee5a4
chr::ControlStickSword,8077e9b0,19,80151180
chr::ControlStickSword,8077e9b0,20,80147a10
chr::ControlStickSword,8077e9b0,21,80188060
chr::ControlStickSwordSp,8077e938,0,801a0628
chr::ControlStickSwordSp,8077e938,1,80196a20
chr::ControlStickSwordSp,8077e938,2,80192758
chr::ControlStickSwordSp,8077e938,3,80192578
chr::ControlStickSwordSp,8077e938,4,80192590
chr::ControlStickSwordSp,8077e938,5,800e70a8
chr::ControlStickSwordSp,8077e938,6,80158c9c
chr::ControlStickSwordSp,8077e938,7,80158d58
chr::ControlStickSwordSp,8077e938,8,80158e14
chr::ControlStickSwordSp,8077e938,9,800fcd1c
chr::ControlStickSwordSp,8077e938,10,800e60fc
chr::ControlStickSwordSp,8077e938,11,8017a220
chr::ControlStickSwordSp,8077e938,12,8017a2f8
chr::ControlStickSwordSp,8077e938,13,801446e8
chr::ControlStickSwordSp,8077e938,14,80147a0c
chr::ControlStickSwordSp,8077e938,15,80188088
chr::ControlStickSwordSp,8077e938,16,80188080
chr::ControlStickSwordSp,8077e938,17,80188064
chr::ControlStickSwordSp,8077e938,18,800ee5a4
chr::ControlStickSwordSp,8077e938,19,80151180
chr::ControlStickSwordSp,8077e938,20,80147a10
chr::ControlStickSwordSp,8077e938,21,80188060
chr::ControlStickZanGurgCliff,8077dee8,0,801a0b28
chr::ControlStickZanGurgCliff,8077dee8,1,8019f398
chr::ControlStickZanGurgCliff,8077dee8,2,8019f5bc
chr::ControlStickZanGurgCliff,8077dee8,3,8019f530
chr::ControlStickZanGurgCliff,8077dee8,4,80192590
chr::ControlStickZanGurgCliff,8077dee8,5,800e70a8
chr::ControlStickZanGurgCliff,8077dee8,6,80158c9c
chr::ControlStickZanGurgCliff,8077dee8,7,80158d58
chr::ControlStickZanGurgCliff,8077dee8,8,80158e14
chr::ControlStickZanGurgCliff,8077dee8,9,800fcd1c
chr::ControlStickZanGurgCliff,8077dee8,10,800e60fc
chr::ControlStickZanGurgCliff,8077dee8,11,8017a220
chr::ControlStickZanGurgCliff,8077dee8,12,8017a2f8
chr::ControlStickZanGurgCliff,8077dee8,13,801446e8
chr::ControlStickZanGurgCliff,8077dee8,14,80147a0c
chr::ControlStickZanGurgCliff,8077dee8,15,80188088
chr::ControlStickZanGurgCliff,8077dee8,16,80188080
chr::ControlStickZanGurgCliff,8077dee8,17,80188064
chr::ControlStickZanGurgCliff,8077dee8,18,800ee5a4
chr::ControlStickZanGurgCliff,8077dee8,19,80151180
chr::ControlStickZanGurgCliff,8077dee8,20,80147a10
chr::ControlStickZanGurgCliff,8077dee8,21,80188060
chr::ControlStickZanGurgStand,8077df60,0,801a0ae8
chr::ControlStickZanGurgStand,8077df60,1,8019ec68
chr::ControlStickZanGurgStand,8077df60,2,80192758
chr::ControlStickZanGurgStand,8077df60,3,8019ef70
chr::ControlStickZanGurgStand,8077df60,4,80192590
chr::ControlStickZanGurgStand,8077df60,5,800e70a8
chr::ControlStickZanGurgStand,8077df60,6,80158c9c
chr::ControlStickZanGurgStand,8077df60,7,80158d58
chr::ControlStickZanGurgStand,8077df60,8,80158e14
chr::ControlStickZanGurgStand,8077df60,9,800fcd1c
chr::ControlStickZanGurgStand,8077df60,10,800e60fc
chr::ControlStickZanGurgStand,8077df60,11,8017a220
chr::ControlStickZanGurgStand,8077df60,12,8017a2f8
chr::ControlStickZanGurgStand,8077df60,13,801446e8
chr::ControlStickZanGurgStand,8077df60,14,80147a0c
chr::ControlStickZanGurgStand,8077df60,15,80188088
chr::ControlStickZanGurgStand,8077df60,16,80188080
chr::ControlStickZanGurgStand,8077df60,17,80188064
chr::ControlStickZanGurgStand,8077df60,18,800ee5a4
chr::ControlStickZanGurgStand,8077df60,19,80151180
chr::ControlStickZanGurgStand,8077df60,20,80147a10
chr::ControlStickZanGurgStand,8077df60,21,80188060
chr::ControlStool,80780508,0,801b2748
chr::ControlStool,80780508,1,801b1624
chr::ControlStool,80780508,2,80192758
chr::ControlStool,80780508,3,80192578
chr::ControlStool,80780508,4,80192590
chr::ControlStool,80780508,5,800e70a8
chr::ControlStool,80780508,6,80158c9c
chr::ControlStool,80780508,7,80158d58
chr::ControlStool,80780508,8,80158e14
chr::ControlStool,80780508,9,800fcd1c
chr::ControlStool,80780508,10,800e60fc
chr::ControlStool,80780508,11,8017a220
chr::ControlStool,80780508,12,8017a2f8
chr::ControlStool,80780508,13,801446e8
chr::ControlStool,80780508,14,80147a0c
chr::ControlStool,80780508,15,80188088
chr::ControlStool,80780508,16,80188080
chr::ControlStool,80780508,17,80188064
chr::ControlStool,80780508,18,800ee5a4
chr::ControlStool,80780508,19,80151180
chr::ControlStool,80780508,20,80147a10
chr::ControlStool,80780508,21,80188060
chr::ControlSwapAttack,8077d078,0,8018ee04
chr::ControlSwapAttack,8077d078,1,8018d840
chr::ControlSwapAttack,8077d078,2,80192758
chr::ControlSwapAttack,8077d078,3,80192578
chr::ControlSwapAttack,8077d078,4,8018ebb0
chr::ControlSwapAttack,8077d078,5,8018da70
chr::ControlSwapAttack,8077d078,6,801897b4
chr::ControlSwapAttack,8077d078,7,80189634
chr::ControlSwapAttack,8077d078,8,8018982c
chr::ControlSwapAttack,8077d078,9,80189a14
chr::ControlSwapAttack,8077d078,10,801899b0
chr::ControlSwapAttack,8077d078,11,80189a30
chr::ControlSwapAttack,8077d078,12,80189a8c
chr::ControlSwapAttack,8077d078,13,801446e8
chr::ControlSwapAttack,8077d078,14,80147a0c
chr::ControlSwapAttack,8077d078,15,80188088
chr::ControlSwapAttack,8077d078,16,80188080
chr::ControlSwapAttack,8077d078,17,80188064
chr::ControlSwapAttack,8077d078,18,800ee5a4
chr::ControlSwapAttack,8077d078,19,80151180
chr::ControlSwapAttack,8077d078,20,80147a10
chr::ControlSwapAttack,8077d078,21,80188060
chr::ControlSwapAttack,8077d078,22,80189b28
chr::ControlSwapPos,80780490,0,801b2788
chr::ControlSwapPos,80780490,1,801b19c8
chr::ControlSwapPos,80780490,2,80192758
chr::ControlSwapPos,80780490,3,80192578
chr::ControlSwapPos,80780490,4,80192590
chr::ControlSwapPos,80780490,5,800e70a8
chr::ControlSwapPos,80780490,6,80158c9c
chr::ControlSwapPos,80780490,7,80158d58
chr::ControlSwapPos,80780490,8,80158e14
chr::ControlSwapPos,80780490,9,800fcd1c
chr::ControlSwapPos,80780490,10,800e60fc
chr::ControlSwapPos,80780490,11,8017a220
chr::ControlSwapPos,80780490,12,8017a2f8
chr::ControlSwapPos,80780490,13,801446e8
chr::ControlSwapPos,80780490,14,80147a0c
chr::ControlSwapPos,80780490,15,80188088
chr::ControlSwapPos,80780490,16,80188080
chr::ControlSwapPos,80780490,17,80188064
chr::ControlSwapPos,80780490,18,800ee5a4
chr::ControlSwapPos,80780490,19,80151180
chr::ControlSwapPos,80780490,20,80147a10
chr::ControlSwapPos,80780490,21,80188060
chr::ControlSwatTurn,807805f8,0,801b26c8
chr::ControlSwatTurn,807805f8,1,801b0ed0
chr::ControlSwatTurn,807805f8,2,80192758
chr::ControlSwatTurn,807805f8,3,80192578
chr::ControlSwatTurn,807805f8,4,80192590
chr::ControlSwatTurn,807805f8,5,801b11a8
chr::ControlSwatTurn,807805f8,6,80158c9c
chr::ControlSwatTurn,807805f8,7,80158d58
chr::ControlSwatTurn,807805f8,8,80158e14
chr::ControlSwatTurn,807805f8,9,800fcd1c
chr::ControlSwatTurn,807805f8,10,800e60fc
chr::ControlSwatTurn,807805f8,11,8017a220
chr::ControlSwatTurn,807805f8,12,8017a2f8
chr::ControlSwatTurn,807805f8,13,801446e8
chr::ControlSwatTurn,807805f8,14,80147a0c
chr::ControlSwatTurn,807805f8,15,80188088
chr::ControlSwatTurn,807805f8,16,80188080
chr::ControlSwatTurn,807805f8,17,80188064
chr::ControlSwatTurn,807805f8,18,800ee5a4
chr::ControlSwatTurn,807805f8,19,80151180
chr::ControlSwatTurn,807805f8,20,80147a10
chr::ControlSwatTurn,807805f8,21,80188060
chr::ControlThreadCatch,8077e398,0,801a08e8
chr::ControlThreadCatch,8077e398,1,8019b068
chr::ControlThreadCatch,8077e398,2,8019b0f0
chr::ControlThreadCatch,8077e398,3,80192578
chr::ControlThreadCatch,8077e398,4,80192590
chr::ControlThreadCatch,8077e398,5,800e70a8
chr::ControlThreadCatch,8077e398,6,80158c9c
chr::ControlThreadCatch,8077e398,7,80158d58
chr::ControlThreadCatch,8077e398,8,80158e14
chr::ControlThreadCatch,8077e398,9,800fcd1c
chr::ControlThreadCatch,8077e398,10,800e60fc
chr::ControlThreadCatch,8077e398,11,8017a220
chr::ControlThreadCatch,8077e398,12,8017a2f8
chr::ControlThreadCatch,8077e398,13,801446e8
chr::ControlThreadCatch,8077e398,14,80147a0c
chr::ControlThreadCatch,8077e398,15,80188088
chr::ControlThreadCatch,8077e398,16,80188080
chr::ControlThreadCatch,8077e398,17,80188064
chr::ControlThreadCatch,8077e398,18,800ee5a4
chr::ControlThreadCatch,8077e398,19,80151180
chr::ControlThreadCatch,8077e398,20,80147a10
chr::ControlThreadCatch,8077e398,21,80188060
chr::ControlThreadDead,8077e320,0,8019b630
chr::ControlThreadDead,8077e320,1,8019b6a8
chr::ControlThreadDead,8077e320,2,8019ba1c
chr::ControlThreadDead,8077e320,3,80192578
chr::ControlThreadDead,8077e320,4,80192590
chr::ControlThreadDead,8077e320,5,8019ba08
chr::ControlThreadDead,8077e320,6,80158c9c
chr::ControlThreadDead,8077e320,7,80158d58
chr::ControlThreadDead,8077e320,8,80158e14
chr::ControlThreadDead,8077e320,9,800fcd1c
chr::ControlThreadDead,8077e320,10,800e60fc
chr::ControlThreadDead,8077e320,11,8017a220
chr::ControlThreadDead,8077e320,12,8017a2f8
chr::ControlThreadDead,8077e320,13,801446e8
chr::ControlThreadDead,8077e320,14,80147a0c
chr::ControlThreadDead,8077e320,15,80188088
chr::ControlThreadDead,8077e320,16,80188080
chr::ControlThreadDead,8077e320,17,80188064
chr::ControlThreadDead,8077e320,18,800ee5a4
chr::ControlThreadDead,8077e320,19,80151180
chr::ControlThreadDead,8077e320,20,80147a10
chr::ControlThreadDead,8077e320,21,80188060
chr::ControlThreadRelease,8077e2a8,0,801a0928
chr::ControlThreadRelease,8077e2a8,1,8019be14
chr::ControlThreadRelease,8077e2a8,2,80192758
chr::ControlThreadRelease,8077e2a8,3,80192578
chr::ControlThreadRelease,8077e2a8,4,80192590
chr::ControlThreadRelease,8077e2a8,5,8019be88
chr::ControlThreadRelease,8077e2a8,6,80158c9c
chr::ControlThreadRelease,8077e2a8,7,80158d58
chr::ControlThreadRelease,8077e2a8,8,80158e14
chr::ControlThreadRelease,8077e2a8,9,800fcd1c
chr::ControlThreadRelease,8077e2a8,10,800e60fc
chr::ControlThreadRelease,8077e2a8,11,8017a220
chr::ControlThreadRelease,8077e2a8,12,8017a2f8
chr::ControlThreadRelease,8077e2a8,13,801446e8
chr::ControlThreadRelease,8077e2a8,14,80147a0c
chr::ControlThreadRelease,8077e2a8,15,80188088
chr::ControlThreadRelease,8077e2a8,16,80188080
chr::ControlThreadRelease,8077e2a8,17,80188064
chr::ControlThreadRelease,8077e2a8,18,800ee5a4
chr::ControlThreadRelease,8077e2a8,19,80151180
chr::ControlThreadRelease,8077e2a8,20,80147a10
chr::ControlThreadRelease,8077e2a8,21,80188060
chr::ControlThroughRope,807810b8,0,801b9994
chr::ControlThroughRope,807810b8,1,801b7cd0
chr::ControlThroughRope,807810b8,2,80192758
chr::ControlThroughRope,807810b8,3,80192578
chr::ControlThroughRope,807810b8,4,80192590
chr::ControlThroughRope,807810b8,5,800e70a8
chr::ControlThroughRope,807810b8,6,80158c9c
chr::ControlThroughRope,807810b8,7,80158d58
chr::ControlThroughRope,807810b8,8,80158e14
chr::ControlThroughRope,807810b8,9,800fcd1c
chr::ControlThroughRope,807810b8,10,800e60fc
chr::ControlThroughRope,807810b8,11,8017a220
chr::ControlThroughRope,807810b8,12,8017a2f8
chr::ControlThroughRope,807810b8,13,801446e8
chr::ControlThroughRope,807810b8,14,80147a0c
chr::ControlThroughRope,807810b8,15,80188088
chr::ControlThroughRope,807810b8,16,80188080
chr::ControlThroughRope,807810b8,17,80188064
chr::ControlThroughRope,807810b8,18,800ee5a4
chr::ControlThroughRope,807810b8,19,80151180
chr::ControlThroughRope,807810b8,20,80147a10
chr::ControlThroughRope,807810b8,21,80188060
chr::ControlThrown,8077e668,0,801a07a8
chr::ControlThrown,8077e668,1,80198874
chr::ControlThrown,8077e668,2,80192758
chr::ControlThrown,8077e668,3,80192578
chr::ControlThrown,8077e668,4,80192590
chr::ControlThrown,8077e668,5,800e70a8
chr::ControlThrown,8077e668,6,80158c9c
chr::ControlThrown,8077e668,7,80158d58
chr::ControlThrown,8077e668,8,80158e14
chr::ControlThrown,8077e668,9,800fcd1c
chr::ControlThrown,8077e668,10,800e60fc
chr::ControlThrown,8077e668,11,8017a220
chr::ControlThrown,8077e668,12,8017a2f8
chr::ControlThrown,8077e668,13,801446e8
chr::ControlThrown,8077e668,14,80147a0c
chr::ControlThrown,8077e668,15,80188088
chr::ControlThrown,8077e668,16,80188080
chr::ControlThrown,8077e668,17,80188064
chr::ControlThrown,8077e668,18,800ee5a4
chr::ControlThrown,8077e668,19,80151180
chr::ControlThrown,8077e668,20,80147a10
chr::ControlThrown,8077e668,21,80188060
chr::ControlThrownAvoid,8077e578,0,801993ec
chr::ControlThrownAvoid,8077e578,1,80199450
chr::ControlThrownAvoid,8077e578,2,80192758
chr::ControlThrownAvoid,8077e578,3,80199760
chr::ControlThrownAvoid,8077e578,4,80192590
chr::ControlThrownAvoid,8077e578,5,800e70a8
chr::ControlThrownAvoid,8077e578,6,80158c9c
chr::ControlThrownAvoid,8077e578,7,80158d58
chr::ControlThrownAvoid,8077e578,8,80158e14
chr::ControlThrownAvoid,8077e578,9,800fcd1c
chr::ControlThrownAvoid,8077e578,10,800e60fc
chr::ControlThrownAvoid,8077e578,11,8017a220
chr::ControlThrownAvoid,8077e578,12,8017a2f8
chr::ControlThrownAvoid,8077e578,13,801446e8
chr::ControlThrownAvoid,8077e578,14,80147a0c
chr::ControlThrownAvoid,8077e578,15,80188088
chr::ControlThrownAvoid,8077e578,16,80188080
chr::ControlThrownAvoid,8077e578,17,80188064
chr::ControlThrownAvoid,8077e578,18,800ee5a4
chr::ControlThrownAvoid,8077e578,19,80151180
chr::ControlThrownAvoid,8077e578,20,80147a10
chr::ControlThrownAvoid,8077e578,21,80188060
chr::ControlThrownAway,8077e5f0,0,801a07e8
chr::ControlThrownAway,8077e5f0,1,8019905c
chr::ControlThrownAway,8077e5f0,2,80192758
chr::ControlThrownAway,8077e5f0,3,80199334
chr::ControlThrownAway,8077e5f0,4,80192590
chr::ControlThrownAway,8077e5f0,5,800e70a8
chr::ControlThrownAway,8077e5f0,6,80158c9c
chr::ControlThrownAway,8077e5f0,7,80158d58
chr::ControlThrownAway,8077e5f0,8,80158e14
chr::ControlThrownAway,8077e5f0,9,800fcd1c
chr::ControlThrownAway,8077e5f0,10,800e60fc
chr::ControlThrownAway,8077e5f0,11,8017a220
chr::ControlThrownAway,8077e5f0,12,8017a2f8
chr::ControlThrownAway,8077e5f0,13,801446e8
chr::ControlThrownAway,8077e5f0,14,80147a0c
chr::ControlThrownAway,8077e5f0,15,80188088
chr::ControlThrownAway,8077e5f0,16,80188080
chr::ControlThrownAway,8077e5f0,17,80188064
chr::ControlThrownAway,8077e5f0,18,800ee5a4
chr::ControlThrownAway,8077e5f0,19,80151180
chr::ControlThrownAway,8077e5f0,20,80147a10
chr::ControlThrownAway,8077e5f0,21,80188060
chr::ControlThrownBreakSkelton,8077e410,0,801a08a8
chr::ControlThrownBreakSkelton,8077e410,1,8019a8a8
chr::ControlThrownBreakSkelton,8077e410,2,8019ac60
chr::ControlThrownBreakSkelton,8077e410,3,80192578
chr::ControlThrownBreakSkelton,8077e410,4,80192590
chr::ControlThrownBreakSkelton,8077e410,5,800e70a8
chr::ControlThrownBreakSkelton,8077e410,6,80158c9c
chr::ControlThrownBreakSkelton,8077e410,7,80158d58
chr::ControlThrownBreakSkelton,8077e410,8,80158e14
chr::ControlThrownBreakSkelton,8077e410,9,800fcd1c
chr::ControlThrownBreakSkelton,8077e410,10,800e60fc
chr::ControlThrownBreakSkelton,8077e410,11,8017a220
chr::ControlThrownBreakSkelton,8077e410,12,8017a2f8
chr::ControlThrownBreakSkelton,8077e410,13,801446e8
chr::ControlThrownBreakSkelton,8077e410,14,80147a0c
chr::ControlThrownBreakSkelton,8077e410,15,80188088
chr::ControlThrownBreakSkelton,8077e410,16,80188080
chr::ControlThrownBreakSkelton,8077e410,17,80188064
chr::ControlThrownBreakSkelton,8077e410,18,800ee5a4
chr::ControlThrownBreakSkelton,8077e410,19,80151180
chr::ControlThrownBreakSkelton,8077e410,20,80147a10
chr::ControlThrownBreakSkelton,8077e410,21,80188060
chr::ControlThrownSimple,8077e1b8,0,801a09a8
chr::ControlThrownSimple,8077e1b8,1,8019c104
chr::ControlThrownSimple,8077e1b8,2,8019c234
chr::ControlThrownSimple,8077e1b8,3,80192578
chr::ControlThrownSimple,8077e1b8,4,80192590
chr::ControlThrownSimple,8077e1b8,5,800e70a8
chr::ControlThrownSimple,8077e1b8,6,80158c9c
chr::ControlThrownSimple,8077e1b8,7,80158d58
chr::ControlThrownSimple,8077e1b8,8,80158e14
chr::ControlThrownSimple,8077e1b8,9,800fcd1c
chr::ControlThrownSimple,8077e1b8,10,800e60fc
chr::ControlThrownSimple,8077e1b8,11,8017a220
chr::ControlThrownSimple,8077e1b8,12,8017a2f8
chr::ControlThrownSimple,8077e1b8,13,801446e8
chr::ControlThrownSimple,8077e1b8,14,80147a0c
chr::ControlThrownSimple,8077e1b8,15,80188088
chr::ControlThrownSimple,8077e1b8,16,80188080
chr::ControlThrownSimple,8077e1b8,17,80188064
chr::ControlThrownSimple,8077e1b8,18,800ee5a4
chr::ControlThrownSimple,8077e1b8,19,80151180
chr::ControlThrownSimple,8077e1b8,20,80147a10
chr::ControlThrownSimple,8077e1b8,21,80188060
chr::ControlThrownSkelton,8077e488,0,801a0868
chr::ControlThrownSkelton,8077e488,1,8019a524
chr::ControlThrownSkelton,8077e488,2,80192758
chr::ControlThrownSkelton,8077e488,3,80192578
chr::ControlThrownSkelton,8077e488,4,80192590
chr::ControlThrownSkelton,8077e488,5,800e70a8
chr::ControlThrownSkelton,8077e488,6,80158c9c
chr::ControlThrownSkelton,8077e488,7,80158d58
chr::ControlThrownSkelton,8077e488,8,80158e14
chr::ControlThrownSkelton,8077e488,9,800fcd1c
chr::ControlThrownSkelton,8077e488,10,800e60fc
chr::ControlThrownSkelton,8077e488,11,8017a220
chr::ControlThrownSkelton,8077e488,12,8017a2f8
chr::ControlThrownSkelton,8077e488,13,801446e8
chr::ControlThrownSkelton,8077e488,14,80147a0c
chr::ControlThrownSkelton,8077e488,15,80188088
chr::ControlThrownSkelton,8077e488,16,80188080
chr::ControlThrownSkelton,8077e488,17,80188064
chr::ControlThrownSkelton,8077e488,18,800ee5a4
chr::ControlThrownSkelton,8077e488,19,80151180
chr::ControlThrownSkelton,8077e488,20,80147a10
chr::ControlThrownSkelton,8077e488,21,80188060
chr::ControlThrust,8077ecf8,0,801a0428
chr::ControlThrust,8077ecf8,1,80192948
chr::ControlThrust,8077ecf8,2,80193074
chr::ControlThrust,8077ecf8,3,80192578
chr::ControlThrust,8077ecf8,4,80192590
chr::ControlThrust,8077ecf8,5,8019355c
chr::ControlThrust,8077ecf8,6,80158c9c
chr::ControlThrust,8077ecf8,7,80158d58
chr::ControlThrust,8077ecf8,8,80158e14
chr::ControlThrust,8077ecf8,9,800fcd1c
chr::ControlThrust,8077ecf8,10,800e60fc
chr::ControlThrust,8077ecf8,11,8017a220
chr::ControlThrust,8077ecf8,12,8017a2f8
chr::ControlThrust,8077ecf8,13,801446e8
chr::ControlThrust,8077ecf8,14,80147a0c
chr::ControlThrust,8077ecf8,15,80188088
chr::ControlThrust,8077ecf8,16,80188080
chr::ControlThrust,8077ecf8,17,80188064
chr::ControlThrust,8077ecf8,18,800ee5a4
chr::ControlThrust,8077ecf8,19,80151180
chr::ControlThrust,8077ecf8,20,80147a10
chr::ControlThrust,8077ecf8,21,80188060
chr::ControlThrustForCocoon,8077eaa0,0,801a0568
chr::ControlThrustForCocoon,8077eaa0,1,80195ad0
chr::ControlThrustForCocoon,8077eaa0,2,80192758
chr::ControlThrustForCocoon,8077eaa0,3,801963f4
chr::ControlThrustForCocoon,8077eaa0,4,80192590
chr::ControlThrustForCocoon,8077eaa0,5,8019640c
chr::ControlThrustForCocoon,8077eaa0,6,80158c9c
chr::ControlThrustForCocoon,8077eaa0,7,80158d58
chr::ControlThrustForCocoon,8077eaa0,8,80158e14
chr::ControlThrustForCocoon,8077eaa0,9,800fcd1c
chr::ControlThrustForCocoon,8077eaa0,10,800e60fc
chr::ControlThrustForCocoon,8077eaa0,11,8017a220
chr::ControlThrustForCocoon,8077eaa0,12,8017a2f8
chr::ControlThrustForCocoon,8077eaa0,13,801446e8
chr::ControlThrustForCocoon,8077eaa0,14,80196408
chr::ControlThrustForCocoon,8077eaa0,15,80188088
chr::ControlThrustForCocoon,8077eaa0,16,80188080
chr::ControlThrustForCocoon,8077eaa0,17,80188064
chr::ControlThrustForCocoon,8077eaa0,18,800ee5a4
chr::ControlThrustForCocoon,8077eaa0,19,801a0418
chr::ControlThrustForCocoon,8077eaa0,20,80147a10
chr::ControlThrustForCocoon,8077eaa0,21,80188060
chr::ControlThrustForCrab,8077ec80,0,801a0468
chr::ControlThrustForCrab,8077ec80,1,801937cc
chr::ControlThrustForCrab,8077ec80,2,80192758
chr::ControlThrustForCrab,8077ec80,3,80192578
chr::ControlThrustForCrab,8077ec80,4,80192590
chr::ControlThrustForCrab,8077ec80,5,800e70a8
chr::ControlThrustForCrab,8077ec80,6,80158c9c
chr::ControlThrustForCrab,8077ec80,7,80158d58
chr::ControlThrustForCrab,8077ec80,8,80158e14
chr::ControlThrustForCrab,8077ec80,9,800fcd1c
chr::ControlThrustForCrab,8077ec80,10,800e60fc
chr::ControlThrustForCrab,8077ec80,11,8017a220
chr::ControlThrustForCrab,8077ec80,12,8017a2f8
chr::ControlThrustForCrab,8077ec80,13,801446e8
chr::ControlThrustForCrab,8077ec80,14,80147a0c
chr::ControlThrustForCrab,8077ec80,15,80188088
chr::ControlThrustForCrab,8077ec80,16,80188080
chr::ControlThrustForCrab,8077ec80,17,80188064
chr::ControlThrustForCrab,8077ec80,18,800ee5a4
chr::ControlThrustForCrab,8077ec80,19,80151180
chr::ControlThrustForCrab,8077ec80,20,80147a10
chr::ControlThrustForCrab,8077ec80,21,80188060
chr::ControlThrustForGhoul,8077eb18,0,801a0528
chr::ControlThrustForGhoul,8077eb18,1,801953b8
chr::ControlThrustForGhoul,8077eb18,2,80192758
chr::ControlThrustForGhoul,8077eb18,3,80192578
chr::ControlThrustForGhoul,8077eb18,4,80192590
chr::ControlThrustForGhoul,8077eb18,5,801957d4
chr::ControlThrustForGhoul,8077eb18,6,80158c9c
chr::ControlThrustForGhoul,8077eb18,7,80158d58
chr::ControlThrustForGhoul,8077eb18,8,80158e14
chr::ControlThrustForGhoul,8077eb18,9,800fcd1c
chr::ControlThrustForGhoul,8077eb18,10,800e60fc
chr::ControlThrustForGhoul,8077eb18,11,8017a220
chr::ControlThrustForGhoul,8077eb18,12,8017a2f8
chr::ControlThrustForGhoul,8077eb18,13,801446e8
chr::ControlThrustForGhoul,8077eb18,14,80147a0c
chr::ControlThrustForGhoul,8077eb18,15,80188088
chr::ControlThrustForGhoul,8077eb18,16,80188080
chr::ControlThrustForGhoul,8077eb18,17,80188064
chr::ControlThrustForGhoul,8077eb18,18,800ee5a4
chr::ControlThrustForGhoul,8077eb18,19,801a0420
chr::ControlThrustForGhoul,8077eb18,20,80147a10
chr::ControlThrustForGhoul,8077eb18,21,80188060
chr::ControlThrustForKraken,8077ec08,0,801a04a8
chr::ControlThrustForKraken,8077ec08,1,80194334
chr::ControlThrustForKraken,8077ec08,2,80192758
chr::ControlThrustForKraken,8077ec08,3,80192578
chr::ControlThrustForKraken,8077ec08,4,80192590
chr::ControlThrustForKraken,8077ec08,5,800e70a8
chr::ControlThrustForKraken,8077ec08,6,80158c9c
chr::ControlThrustForKraken,8077ec08,7,80158d58
chr::ControlThrustForKraken,8077ec08,8,80158e14
chr::ControlThrustForKraken,8077ec08,9,800fcd1c
chr::ControlThrustForKraken,8077ec08,10,800e60fc
chr::ControlThrustForKraken,8077ec08,11,8017a220
chr::ControlThrustForKraken,8077ec08,12,8017a2f8
chr::ControlThrustForKraken,8077ec08,13,801446e8
chr::ControlThrustForKraken,8077ec08,14,80147a0c
chr::ControlThrustForKraken,8077ec08,15,80188088
chr::ControlThrustForKraken,8077ec08,16,80188080
chr::ControlThrustForKraken,8077ec08,17,80188064
chr::ControlThrustForKraken,8077ec08,18,800ee5a4
chr::ControlThrustForKraken,8077ec08,19,80151180
chr::ControlThrustForKraken,8077ec08,20,80147a10
chr::ControlThrustForKraken,8077ec08,21,80188060
chr::ControlThrustForQuarkStand,8077eb90,0,801a04e8
chr::ControlThrustForQuarkStand,8077eb90,1,80194790
chr::ControlThrustForQuarkStand,8077eb90,2,80192758
chr::ControlThrustForQuarkStand,8077eb90,3,80194d5c
chr::ControlThrustForQuarkStand,8077eb90,4,80192590
chr::ControlThrustForQuarkStand,8077eb90,5,800e70a8
chr::ControlThrustForQuarkStand,8077eb90,6,80158c9c
chr::ControlThrustForQuarkStand,8077eb90,7,80158d58
chr::ControlThrustForQuarkStand,8077eb90,8,80158e14
chr::ControlThrustForQuarkStand,8077eb90,9,800fcd1c
chr::ControlThrustForQuarkStand,8077eb90,10,800e60fc
chr::ControlThrustForQuarkStand,8077eb90,11,8017a220
chr::ControlThrustForQuarkStand,8077eb90,12,8017a2f8
chr::ControlThrustForQuarkStand,8077eb90,13,801446e8
chr::ControlThrustForQuarkStand,8077eb90,14,80147a0c
chr::ControlThrustForQuarkStand,8077eb90,15,80188088
chr::ControlThrustForQuarkStand,8077eb90,16,80188080
chr::ControlThrustForQuarkStand,8077eb90,17,80188064
chr::ControlThrustForQuarkStand,8077eb90,18,800ee5a4
chr::ControlThrustForQuarkStand,8077eb90,19,80151180
chr::ControlThrustForQuarkStand,8077eb90,20,80147a10
chr::ControlThrustForQuarkStand,8077eb90,21,80188060
chr::ControlTurnQuadruped,807821d8,0,801c9ae4
chr::ControlTurnQuadruped,807821d8,1,801c951c
chr::ControlTurnQuadruped,807821d8,2,80192758
chr::ControlTurnQuadruped,807821d8,3,80192578
chr::ControlTurnQuadruped,807821d8,4,80192590
chr::ControlTurnQuadruped,807821d8,5,800e70a8
chr::ControlTurnQuadruped,807821d8,6,80158c9c
chr::ControlTurnQuadruped,807821d8,7,80158d58
chr::ControlTurnQuadruped,807821d8,8,80158e14
chr::ControlTurnQuadruped,807821d8,9,800fcd1c
chr::ControlTurnQuadruped,807821d8,10,800e60fc
chr::ControlTurnQuadruped,807821d8,11,8017a220
chr::ControlTurnQuadruped,807821d8,12,8017a2f8
chr::ControlTurnQuadruped,807821d8,13,801446e8
chr::ControlTurnQuadruped,807821d8,14,80147a0c
chr::ControlTurnQuadruped,807821d8,15,80188088
chr::ControlTurnQuadruped,807821d8,16,80188080
chr::ControlTurnQuadruped,807821d8,17,80188064
chr::ControlTurnQuadruped,807821d8,18,800ee5a4
chr::ControlTurnQuadruped,807821d8,19,80151180
chr::ControlTurnQuadruped,807821d8,20,80147a10
chr::ControlTurnQuadruped,807821d8,21,80188060
chr::ControlUseSkill,80782250,0,801c9f2c
chr::ControlUseSkill,80782250,1,801c9c68
chr::ControlUseSkill,80782250,2,80192758
chr::ControlUseSkill,80782250,3,80192578
chr::ControlUseSkill,80782250,4,80192590
chr::ControlUseSkill,80782250,5,800e70a8
chr::ControlUseSkill,80782250,6,80158c9c
chr::ControlUseSkill,80782250,7,80158d58
chr::ControlUseSkill,80782250,8,80158e14
chr::ControlUseSkill,80782250,9,800fcd1c
chr::ControlUseSkill,80782250,10,800e60fc
chr::ControlUseSkill,80782250,11,8017a220
chr::ControlUseSkill,80782250,12,8017a2f8
chr::ControlUseSkill,80782250,13,801446e8
chr::ControlUseSkill,80782250,14,80147a0c
chr::ControlUseSkill,80782250,15,80188088
chr::ControlUseSkill,80782250,16,80188080
chr::ControlUseSkill,80782250,17,80188064
chr::ControlUseSkill,80782250,18,800ee5a4
chr::ControlUseSkill,80782250,19,80151180
chr::ControlUseSkill,80782250,20,80147a10
chr::ControlUseSkill,80782250,21,80188060
chr::ControlWallDown,807823f8,0,801cbfec
chr::ControlWallDown,807823f8,1,801ca1e0
chr::ControlWallDown,807823f8,2,801caaf0
chr::ControlWallDown,807823f8,3,80192578
chr::ControlWallDown,807823f8,4,80192590
chr::ControlWallDown,807823f8,5,801cb2bc
chr::ControlWallDown,807823f8,6,80158c9c
chr::ControlWallDown,807823f8,7,80158d58
chr::ControlWallDown,807823f8,8,80158e14
chr::ControlWallDown,807823f8,9,800fcd1c
chr::ControlWallDown,807823f8,10,800e60fc
chr::ControlWallDown,807823f8,11,8017a220
chr::ControlWallDown,807823f8,12,8017a2f8
chr::ControlWallDown,807823f8,13,801446e8
chr::ControlWallDown,807823f8,14,801cb24c
chr::ControlWallDown,807823f8,15,80188088
chr::ControlWallDown,807823f8,16,80188080
chr::ControlWallDown,807823f8,17,80188064
chr::ControlWallDown,807823f8,18,800ee5a4
chr::ControlWallDown,807823f8,19,80151180
chr::ControlWallDown,807823f8,20,801a21a4
chr::ControlWallDown,807823f8,21,80188060
chr::ControlWallMountle,807819f8,0,801c3354
chr::ControlWallMountle,807819f8,1,801c1084
chr::ControlWallMountle,807819f8,2,80192758
chr::ControlWallMountle,807819f8,3,801c1518
chr::ControlWallMountle,807819f8,4,80192590
chr::ControlWallMountle,807819f8,5,800e70a8
chr::ControlWallMountle,807819f8,6,80158c9c
chr::ControlWallMountle,807819f8,7,80158d58
chr::ControlWallMountle,807819f8,8,80158e14
chr::ControlWallMountle,807819f8,9,800fcd1c
chr::ControlWallMountle,807819f8,10,800e60fc
chr::ControlWallMountle,807819f8,11,8017a220
chr::ControlWallMountle,807819f8,12,8017a2f8
chr::ControlWallMountle,807819f8,13,801446e8
chr::ControlWallMountle,807819f8,14,80147a0c
chr::ControlWallMountle,807819f8,15,80188088
chr::ControlWallMountle,807819f8,16,80188080
chr::ControlWallMountle,807819f8,17,80188064
chr::ControlWallMountle,807819f8,18,800ee5a4
chr::ControlWallMountle,807819f8,19,80151180
chr::ControlWallMountle,807819f8,20,80147a10
chr::ControlWallMountle,807819f8,21,80188060
chr::ControlWallSlash,80782380,0,801cc02c
chr::ControlWallSlash,80782380,1,801cb2d4
chr::ControlWallSlash,80782380,2,80192758
chr::ControlWallSlash,80782380,3,80192578
chr::ControlWallSlash,80782380,4,80192590
chr::ControlWallSlash,80782380,5,801cb41c
chr::ControlWallSlash,80782380,6,80158c9c
chr::ControlWallSlash,80782380,7,80158d58
chr::ControlWallSlash,80782380,8,80158e14
chr::ControlWallSlash,80782380,9,800fcd1c
chr::ControlWallSlash,80782380,10,800e60fc
chr::ControlWallSlash,80782380,11,8017a220
chr::ControlWallSlash,80782380,12,8017a2f8
chr::ControlWallSlash,80782380,13,801446e8
chr::ControlWallSlash,80782380,14,80147a0c
chr::ControlWallSlash,80782380,15,80188088
chr::ControlWallSlash,80782380,16,80188080
chr::ControlWallSlash,80782380,17,80188064
chr::ControlWallSlash,80782380,18,800ee5a4
chr::ControlWallSlash,80782380,19,80151180
chr::ControlWallSlash,80782380,20,80147a10
chr::ControlWallSlash,80782380,21,80188060
chr::ControlWarp,807803a0,0,801b2808
chr::ControlWarp,807803a0,1,801b22ac
chr::ControlWarp,807803a0,2,80192758
chr::ControlWarp,807803a0,3,80192578
chr::ControlWarp,807803a0,4,80192590
chr::ControlWarp,807803a0,5,801b242c
chr::ControlWarp,807803a0,6,80158c9c
chr::ControlWarp,807803a0,7,80158d58
chr::ControlWarp,807803a0,8,80158e14
chr::ControlWarp,807803a0,9,800fcd1c
chr::ControlWarp,807803a0,10,800e60fc
chr::ControlWarp,807803a0,11,8017a220
chr::ControlWarp,807803a0,12,8017a2f8
chr::ControlWarp,807803a0,13,801446e8
chr::ControlWarp,807803a0,14,80147a0c
chr::ControlWarp,807803a0,15,80188088
chr::ControlWarp,807803a0,16,80188080
chr::ControlWarp,807803a0,17,80188064
chr::ControlWarp,807803a0,18,800ee5a4
chr::ControlWarp,807803a0,19,80151180
chr::ControlWarp,807803a0,20,80147a10
chr::ControlWarp,807803a0,21,80188060
chr::ControlZanTackle,8077f378,0,801a773c
chr::ControlZanTackle,8077f378,1,801a6cfc
chr::ControlZanTackle,8077f378,2,801a6f58
chr::ControlZanTackle,8077f378,3,80192578
chr::ControlZanTackle,8077f378,4,801a4db0
chr::ControlZanTackle,8077f378,5,801a6f54
chr::ControlZanTackle,8077f378,6,80158c9c
chr::ControlZanTackle,8077f378,7,801a4ddc
chr::ControlZanTackle,8077f378,8,801a4dc4
chr::ControlZanTackle,8077f378,9,800fcd1c
chr::ControlZanTackle,8077f378,10,800e60fc
chr::ControlZanTackle,8077f378,11,8017a220
chr::ControlZanTackle,8077f378,12,8017a2f8
chr::ControlZanTackle,8077f378,13,801446e8
chr::ControlZanTackle,8077f378,14,80147a0c
chr::ControlZanTackle,8077f378,15,801a766c
chr::ControlZanTackle,8077f378,16,801a7664
chr::ControlZanTackle,8077f378,17,801a7650
chr::ControlZanTackle,8077f378,18,800ee5a4
chr::ControlZanTackle,8077f378,19,801a7648
chr::ControlZanTackle,8077f378,20,80147a10
chr::ControlZanTackle,8077f378,21,80188060
db::GrowthParse,80783088,0,8020fb6c
db::GrowthParse,80783088,1,8020f7d0
db::MotionCommandCommon,807830f0,0,8021bf84
db::MotionCommandCommon,807830f0,1,8021bf74
db::MotionCommandCommon,807830f0,2,8021bf74
db::MotionCommandCommon,807830f0,3,8021bef4
db::MotionCommandCommon,807830f0,4,8021bf2c
db::MotionCommandCommon,807830f0,5,8021bf2c
db::MotionCommandCommon,807830f0,6,8021bf74
db::MotionCommandCommon,807830f0,7,8021bf2c
db::MotionCommandCommon,807830f0,8,8021bf2c
db::MotionCommandCommon,807830f0,9,8021bf74
db::MotionCommandCommon,807830f0,10,8021bf2c
db::MotionCommandCommon,807830f0,11,8021bf74
db::MotionCommandCommon,807830f0,12,8021bf74
db::MotionCommandCommon,807830f0,13,8021bf74
db::MotionCommandCommon,807830f0,14,8021bf74
db::MotionCommandCommon,807830f0,15,8021bf74
db::MotionCommandCommon,807830f0,16,8021bf74
db::MotionCommandCommon,807830f0,17,8021bf74
db::MotionCommandCommon,807830f0,18,8021bf74
db::MotionCommandCommon,807830f0,19,8021bf74
db::MotionCommandCommon,807830f0,20,8021bf74
db::MotionCommandCommon,807830f0,21,8021bf74
db::MotionCommandCommon,807830f0,22,8021bf74
db::MotionCommandCommon,807830f0,23,8021bf74
db::MotionCommandCommon,807830f0,24,8021bf74
db::MotionCommandCommon,807830f0,25,8021bf74
db::MotionCommandCommon,807830f0,26,8021bf74
db::MotionCommandCommon,807830f0,27,8021bf2c
db::MotionCommandCommon,807830f0,28,8021bf2c
db::MotionCommandCommon,807830f0,29,8021bf2c
db::MotionCommandCommon,807830f0,30,8021bf2c
db::MotionCommandCommon,807830f0,31,8021bf2c
db::MotionCommandCommon,807830f0,32,8021bf2c
db::MotionCommandCommon,807830f0,33,8021bf2c
db::MotionCommandCommon,807830f0,34,8021bf74
db::MotionCommandCommon,807830f0,35,8021bf74
db::MotionCommandCommon,807830f0,36,8021bf2c
db::MotionCommandCommon,807830f0,37,8021bf74
db::MotionCommandCommon,807830f0,38,8021bf74
db::MotionCommandCommon,807830f0,39,8021bf74
db::MotionCommandCommon,807830f0,40,8021bf74
db::MotionCommandCommon,807830f0,41,8021bf74
db::MotionCommandCommon,807830f0,42,8021bf74
db::MotionCommandCommon,807830f0,43,8021bf2c
db::MotionCommandCommon,807830f0,44,8021bf2c
db::MotionCommandCommon,807830f0,45,8021bf2c
db::MotionCommandCommon,807830f0,46,8021bf74
db::MotionCommandCommon,807830f0,47,8021bf74
db::MotionCommandCommon,807830f0,48,8021bf74
db::MotionCommandCommon,807830f0,49,8021bf74
db::MotionCommandCommon,807830f0,50,8021bf74
db::MotionCommandCommon,807830f0,51,8021bf2c
db::MotionCommandCommon,807830f0,52,8021bf2c
db::MotionCommandCommon,807830f0,53,8021bf2c
db::MotionCommandCommon,807830f0,54,8021bf2c
db::MotionCommandCommon,807830f0,55,8021bf2c
db::MotionCommandCommon,807830f0,56,8021bf2c
db::MotionCommandCommon,807830f0,57,8021bf2c
db::MotionCommandCommon,807830f0,58,8021bf2c
db::MotionCommandCommon,807830f0,59,8021bf2c
db::MotionCommandCommon,807830f0,60,8021bf74
db::MotionCommandCommon,807830f0,61,8021bf74
db::MotionCommandCommon,807830f0,62,8021bf74
db::MotionCommandCommon,807830f0,63,8021bf3c
db::MotionCommandCommon,807830f0,64,8021bf74
db::MotionCommandCommon,807830f0,65,8021bf74
db::MotionCommandCommon,807830f0,66,8021bf2c
db::MotionCommandCommon,807830f0,67,8021bef4
db::MotionCommandCommon,807830f0,68,8021bf74
db::MotionCommandCommon,807830f0,69,8021bf2c
db::MotionCommandCommon,807830f0,70,8021bf2c
db::MotionCommandCommon,807830f0,71,8021bf2c
db::MotionCommandCommon,807830f0,72,8021c3dc
db::MotionCommandCommon,807830f0,73,8021c000
db::MotionCommandCommon,807830f0,74,8021c3c4
db::MotionCommandCommon,807830f0,75,8021c3c4
db::MotionCommandCommon,807830f0,76,8021c010
db::MotionCommandCommon,807830f0,77,8021c088
db::MotionCommandCommon,807830f0,78,8021c100
db::MotionCommandCommon,807830f0,79,8021c178
db::MotionCommandCommon,807830f0,80,8021c1f0
db::MotionCommandCommon,807830f0,81,8021c3c4
db::MotionCommandCommon,807830f0,82,8021c3c4
db::MotionCommandCommon,807830f0,83,8021c3c4
db::MotionCommandCommon,807830f0,84,8021c3c4
db::MotionCommandCommon,807830f0,85,8021c3c4
db::MotionCommandCommon,807830f0,86,8021c3c4
db::MotionCommandCommon,807830f0,87,8021c2b4
db::MotionCommandCommon,807830f0,88,8021c3c4
db::MotionCommandCommon,807830f0,89,8021c3c4
db::MotionCommandCommon,807830f0,90,8021c3c4
db::MotionCommandCommon,807830f0,91,8021c3c4
db::MotionCommandCommon,807830f0,92,8021c32c
db::MotionCommandCommon,807830f0,93,8021caf0
db::MotionCommandCommon,807830f0,94,8021cadc
db::MotionCommandCommon,807830f0,95,8021cadc
db::MotionCommandCommon,807830f0,96,8021ca50
db::MotionCommandCommon,807830f0,97,8021ca8c
db::MotionCommandCommon,807830f0,98,8021ca8c
db::MotionCommandCommon,807830f0,99,8021cadc
db::MotionCommandCommon,807830f0,100,8021ca8c
db::MotionCommandCommon,807830f0,101,8021ca8c
db::MotionCommandCommon,807830f0,102,8021cadc
db::MotionCommandCommon,807830f0,103,8021ca8c
db::MotionCommandCommon,807830f0,104,8021cadc
db::MotionCommandCommon,807830f0,105,8021cadc
db::MotionCommandCommon,807830f0,106,8021cadc
db::MotionCommandCommon,807830f0,107,8021cadc
db::MotionCommandCommon,807830f0,108,8021cadc
db::MotionCommandCommon,807830f0,109,8021cadc
db::MotionCommandCommon,807830f0,110,8021cadc
db::MotionCommandCommon,807830f0,111,8021cadc
db::MotionCommandCommon,807830f0,112,8021cadc
db::MotionCommandCommon,807830f0,113,8021cadc
db::MotionCommandCommon,807830f0,114,8021cadc
db::MotionCommandCommon,807830f0,115,8021cadc
db::MotionCommandCommon,807830f0,116,8021cadc
db::MotionCommandCommon,807830f0,117,8021cadc
db::MotionCommandCommon,807830f0,118,8021cadc
db::MotionCommandCommon,807830f0,119,8021cadc
db::MotionCommandCommon,807830f0,120,8021ca8c
db::MotionCommandCommon,807830f0,121,8021ca8c
db::MotionCommandCommon,807830f0,122,8021ca8c
db::MotionCommandCommon,807830f0,123,8021ca8c
db::MotionCommandCommon,807830f0,124,8021ca8c
db::MotionCommandCommon,807830f0,125,8021ca8c
db::MotionCommandCommon,807830f0,126,8021ca8c
db::MotionCommandCommon,807830f0,127,8021cadc
db::MotionCommandCommon,807830f0,128,8021cadc
db::MotionCommandCommon,807830f0,129,8021ca8c
db::MotionCommandCommon,807830f0,130,8021cadc
db::MotionCommandCommon,807830f0,131,8021cadc
db::MotionCommandCommon,807830f0,132,8021cadc
db::MotionCommandCommon,807830f0,133,8021cadc
db::MotionCommandCommon,807830f0,134,8021cadc
db::MotionCommandCommon,807830f0,135,8021cadc
db::MotionCommandCommon,807830f0,136,8021ca8c
db::MotionCommandCommon,807830f0,137,8021ca8c
db::MotionCommandCommon,807830f0,138,8021ca8c
db::MotionCommandCommon,807830f0,139,8021cadc
db::MotionCommandCommon,807830f0,140,8021cadc
db::MotionCommandCommon,807830f0,141,8021cadc
db::MotionCommandCommon,807830f0,142,8021cadc
db::MotionCommandCommon,807830f0,143,8021cadc
db::MotionCommandCommon,807830f0,144,8021ca8c
db::MotionCommandCommon,807830f0,145,8021ca8c
db::MotionCommandCommon,807830f0,146,8021ca8c
db::MotionCommandCommon,807830f0,147,8021ca8c
db::MotionCommandCommon,807830f0,148,8021ca8c
db::MotionCommandCommon,807830f0,149,8021ca8c
db::MotionCommandCommon,807830f0,150,8021ca8c
db::MotionCommandCommon,807830f0,151,8021ca8c
db::MotionCommandCommon,807830f0,152,8021ca8c
db::MotionCommandCommon,807830f0,153,8021cadc
db::MotionCommandCommon,807830f0,154,8021cadc
db::MotionCommandCommon,807830f0,155,8021cadc
db::MotionCommandCommon,807830f0,156,8021caa0
db::MotionCommandCommon,807830f0,157,8021cadc
db::MotionCommandCommon,807830f0,158,8021cadc
db::MotionCommandCommon,807830f0,159,8021ca8c
db::MotionCommandCommon,807830f0,160,8021ca50
db::MotionCommandCommon,807830f0,161,8021cadc
db::MotionCommandCommon,807830f0,162,8021ca8c
db::MotionCommandCommon,807830f0,163,8021ca8c
db::MotionCommandCommon,807830f0,164,8021ca8c
db::MotionCommandCommon,807830f0,165,8021c7c0
db::MotionCommandCommon,807830f0,166,8021c7d4
db::MotionCommandCommon,807830f0,167,8021c814
db::MotionCommandCommon,807830f0,168,8021c848
db::MotionCommandCommon,807830f0,169,8021c860
db::MotionCommandCommon,807830f0,170,8021c894
db::MotionCommandCommon,807830f0,171,8021c8bc
db::MotionCommandCommon,807830f0,172,8021c8fc
db::MotionCommandCommon,807830f0,173,8021c79c
db::MotionCommandCommon,807830f0,174,8021c794
db::MotionCommandCommon,807830f0,175,8021c794
db::MotionCommandCommon,807830f0,176,8021c774
db::MotionCommandCommon,807830f0,177,8021c784
db::MotionCommandCommon,807830f0,178,8021c77c
db::MotionCommandCommon,807830f0,179,8021c794
db::MotionCommandCommon,807830f0,180,8021c784
db::MotionCommandCommon,807830f0,181,8021c784
db::MotionCommandCommon,807830f0,182,8021c794
db::MotionCommandCommon,807830f0,183,8021c784
db::MotionCommandCommon,807830f0,184,8021c794
db::MotionCommandCommon,807830f0,185,8021c794
db::MotionCommandCommon,807830f0,186,8021c794
db::MotionCommandCommon,807830f0,187,8021c794
db::MotionCommandCommon,807830f0,188,8021c794
db::MotionCommandCommon,807830f0,189,8021c794
db::MotionCommandCommon,807830f0,190,8021c794
db::MotionCommandCommon,807830f0,191,8021c794
db::MotionCommandCommon,807830f0,192,8021c794
db::MotionCommandCommon,807830f0,193,8021c794
db::MotionCommandCommon,807830f0,194,8021c794
db::MotionCommandCommon,807830f0,195,8021c794
db::MotionCommandCommon,807830f0,196,8021c794
db::MotionCommandCommon,807830f0,197,8021c794
db::MotionCommandCommon,807830f0,198,8021c794
db::MotionCommandCommon,807830f0,199,8021c794
db::MotionCommandCommon,807830f0,200,8021c784
db::MotionCommandCommon,807830f0,201,8021c784
db::MotionCommandCommon,807830f0,202,8021c784
db::MotionCommandCommon,807830f0,203,8021c784
db::MotionCommandCommon,807830f0,204,8021c784
db::MotionCommandCommon,807830f0,205,8021c77c
db::MotionCommandCommon,807830f0,206,8021c77c
db::MotionCommandCommon,807830f0,207,8021c794
db::MotionCommandCommon,807830f0,208,8021c784
db::MotionCommandCommon,807830f0,209,8021c784
db::MotionCommandCommon,807830f0,210,8021c794
db::MotionCommandCommon,807830f0,211,8021c794
db::MotionCommandCommon,807830f0,212,8021c794
db::MotionCommandCommon,807830f0,213,8021c794
db::MotionCommandCommon,807830f0,214,8021c794
db::MotionCommandCommon,807830f0,215,8021c794
db::MotionCommandCommon,807830f0,216,8021c784
db::MotionCommandCommon,807830f0,217,8021c784
db::MotionCommandCommon,807830f0,218,8021c784
db::MotionCommandCommon,807830f0,219,8021c794
db::MotionCommandCommon,807830f0,220,8021c794
db::MotionCommandCommon,807830f0,221,8021c794
db::MotionCommandCommon,807830f0,222,8021c794
db::MotionCommandCommon,807830f0,223,8021c794
db::MotionCommandCommon,807830f0,224,8021c784
db::MotionCommandCommon,807830f0,225,8021c784
db::MotionCommandCommon,807830f0,226,8021c784
db::MotionCommandCommon,807830f0,227,8021c784
db::MotionCommandCommon,807830f0,228,8021c784
db::MotionCommandCommon,807830f0,229,8021c784
db::MotionCommandCommon,807830f0,230,8021c784
db::MotionCommandCommon,807830f0,231,8021c784
db::MotionCommandCommon,807830f0,232,8021c784
db::MotionCommandCommon,807830f0,233,8021c794
db::MotionCommandCommon,807830f0,234,8021c794
db::MotionCommandCommon,807830f0,235,8021c794
db::MotionCommandCommon,807830f0,236,8021c78c
db::MotionCommandCommon,807830f0,237,8021c794
db::MotionCommandCommon,807830f0,238,8021c794
db::MotionCommandCommon,807830f0,239,8021c77c
db::MotionCommandCommon,807830f0,240,8021c774
db::MotionCommandCommon,807830f0,241,8021c77c
db::MotionCommandCommon,807830f0,242,8021c784
db::MotionCommandCommon,807830f0,243,8021c794
db::MotionCommandCommon,807830f0,244,8021c784
gmk::ArenaFloor,8078df80,0,8041f78c
gmk::ArenaFloor,8078df80,1,8041f7d4
gmk::ArenaFloor,8078df80,2,8041f800
gmk::ArenaFloor,8078df80,3,8041fa60
gmk::ArenaFloor,8078df80,4,8041fb14
gmk::ArenaFloor,8078df80,5,8041fc6c
gmk::ArenaFloor,8078df80,6,8041fdc4
gmk::ArenaFloor,8078df80,7,8041f6e0
gmk::AttractHatePoint,8078e2a0,0,804227a4
gmk::AttractHatePoint,8078e2a0,1,80422960
gmk::AttractHatePoint,8078e2a0,2,80422bf4
gmk::AttractHatePoint,8078e2a0,3,80422f6c
gmk::AttractHatePoint,8078e2a0,4,80013cac
gmk::AttractHatePoint,8078e2a0,5,80422f70
gmk::AttractHatePoint,8078e2a0,6,80422f78
gmk::AttractHatePoint,8078e2a0,7,803ecbd0
gmk::AttractHatePoint,8078e2a0,8,804229a8
gmk::AttractHatePoint,8078e2a0,9,803ecb84
gmk::AttractHatePoint,8078e2a0,10,803edf40
gmk::AttractHatePoint,8078e2a0,11,803edf24
gmk::AttractHatePoint,8078e2a0,12,80012a14
gmk::AttractHatePoint,8078e2a0,13,803edf20
gmk::AttractHatePoint,8078e2a0,14,804230fc
gmk::AttractHatePoint,8078e2a0,15,800fa4f4
gmk::AttractHatePoint,8078e2a0,16,803ede34
gmk::AttractHatePoint,8078e2a0,17,803edf1c
gmk::AttractHatePoint,8078e2a0,18,802aeabc
gmk::AttractHatePoint,8078e2a0,19,800eb488
gmk::AttractHatePoint,8078e2a0,20,800fa4ec
gmk::AttractHatePoint,8078e2a0,21,80017944
gmk::AttractHatePoint,8078e2a0,22,80423194
gmk::AttractHatePoint,8078e2a0,23,803a04b8
gmk::AttractHatePoint,8078e2a0,24,800e2fdc
gmk::AttractHatePoint,8078e2a0,25,804231c0
gmk::AttractHatePoint,8078e2a0,26,80423160
gmk::Augur,8078e040,0,8042000c
gmk::Augur,8078e040,1,804200d8
gmk::Augur,8078e040,2,804202e8
gmk::Augur,8078e040,3,80420490
gmk::Augur,8078e040,4,80013cac
gmk::Augur,8078e040,5,80420494
gmk::Augur,8078e040,6,8042049c
gmk::Augur,8078e040,7,803ecbd0
gmk::Augur,8078e040,8,80420120
gmk::Augur,8078e040,9,803ecb84
gmk::Augur,8078e040,10,803edf40
gmk::Augur,8078e040,11,803edf24
gmk::Augur,8078e040,12,80012a14
gmk::Augur,8078e040,13,803edf20
gmk::Augur,8078e040,14,804208e4
gmk::Augur,8078e040,15,800fa4f4
gmk::Augur,8078e040,16,803ede34
gmk::Augur,8078e040,17,803edf1c
gmk::Augur,8078e040,18,802aeabc
gmk::Augur,8078e040,19,800eb488
gmk::Augur,8078e040,20,800fa4ec
gmk::Augur,8078e040,21,80017944
gmk::Augur,8078e040,22,801b7794
gmk::Augur,8078e040,23,803a04b8
gmk::Augur,8078e040,24,800e2fdc
gmk::Augur,8078e040,25,80420934
gmk::Augur,8078e040,26,803edaf0
gmk::AutomaticDoor,8078ccc0,0,803f6b88
gmk::AutomaticDoor,8078ccc0,1,803f6c48
gmk::AutomaticDoor,8078ccc0,2,803f6c70
gmk::AutomaticDoor,8078ccc0,3,803f6d48
gmk::AutomaticDoor,8078ccc0,4,80013cac
gmk::AutomaticDoor,8078ccc0,5,803f6d60
gmk::AutomaticDoor,8078ccc0,6,803f6e0c
gmk::AutomaticDoor,8078ccc0,7,803ecbd0
gmk::AutomaticDoor,8078ccc0,8,803f70e4
gmk::AutomaticDoor,8078ccc0,9,803ecb84
gmk::AutomaticDoor,8078ccc0,10,803edf40
gmk::AutomaticDoor,8078ccc0,11,803edf24
gmk::AutomaticDoor,8078ccc0,12,80012a14
gmk::AutomaticDoor,8078ccc0,13,803edf20
gmk::AutomaticDoor,8078ccc0,14,803f7178
gmk::AutomaticDoor,8078ccc0,15,800fa4f4
gmk::AutomaticDoor,8078ccc0,16,803ede34
gmk::AutomaticDoor,8078ccc0,17,803edf1c
gmk::AutomaticDoor,8078ccc0,18,802aeabc
gmk::AutomaticDoor,8078ccc0,19,800eb488
gmk::AutomaticDoor,8078ccc0,20,800fa4ec
gmk::AutomaticDoor,8078ccc0,21,80017944
gmk::AutomaticDoor,8078ccc0,22,801b7794
gmk::AutomaticDoor,8078ccc0,23,803a04b8
gmk::AutomaticDoor,8078ccc0,24,800e2fdc
gmk::AutomaticDoor,8078ccc0,25,803ed92c
gmk::AutomaticDoor,8078ccc0,26,803f73f4
gmk::Banana,8078db08,0,80417130
gmk::Banana,8078db08,1,80417224
gmk::Banana,8078db08,2,8041766c
gmk::Banana,8078db08,3,804180cc
gmk::Banana,8078db08,4,80013cac
gmk::Banana,8078db08,5,80417530
gmk::Banana,8078db08,6,8041726c
gmk::Banana,8078db08,7,803ecbd0
gmk::Banana,8078db08,8,80417628
gmk::Banana,8078db08,9,803ecb84
gmk::Banana,8078db08,10,803edf40
gmk::Banana,8078db08,11,803edf24
gmk::Banana,8078db08,12,80012a14
gmk::Banana,8078db08,13,803edf20
gmk::Banana,8078db08,14,8041814c
gmk::Banana,8078db08,15,800fa4f4
gmk::Banana,8078db08,16,803ede34
gmk::Banana,8078db08,17,803edf1c
gmk::Banana,8078db08,18,802aeabc
gmk::Banana,8078db08,19,800eb488
gmk::Banana,8078db08,20,800fa4ec
gmk::Banana,8078db08,21,80017944
gmk::Banana,8078db08,22,8041816c
gmk::Banana,8078db08,23,803a04b8
gmk::Banana,8078db08,24,800e2fdc
gmk::Banana,8078db08,25,803ed92c
gmk::Banana,8078db08,26,803edaf0
gmk::Bat,8078d288,0,80405f88
gmk::Bat,8078d288,1,80406038
gmk::Bat,8078d288,2,804062fc
gmk::Bat,8078d288,3,80406560
gmk::Bat,8078d288,4,80013cac
gmk::Bat,8078d288,5,803ecb7c
gmk::Bat,8078d288,6,80406600
gmk::Bat,8078d288,7,803ecbd0
gmk::Bat,8078d288,8,803edf5c
gmk::Bat,8078d288,9,803ecb84
gmk::Bat,8078d288,10,803edf40
gmk::Bat,8078d288,11,803edf24
gmk::Bat,8078d288,12,80012a14
gmk::Bat,8078d288,13,803edf20
gmk::Bat,8078d288,14,80012714
gmk::Bat,8078d288,15,800fa4f4
gmk::Bat,8078d288,16,803ede34
gmk::Bat,8078d288,17,803edf1c
gmk::Bat,8078d288,18,802aeabc
gmk::Bat,8078d288,19,800eb488
gmk::Bat,8078d288,20,800fa4ec
gmk::Bat,8078d288,21,80017944
gmk::Bat,8078d288,22,801b7794
gmk::Bat,8078d288,23,803a04b8
gmk::Bat,8078d288,24,800e2fdc
gmk::Bat,8078d288,25,803ed92c
gmk::Bat,8078d288,26,803edaf0
gmk::Brazier,8078d3b8,0,80408464
gmk::Brazier,8078d3b8,1,80408520
gmk::Brazier,8078d3b8,2,80408578
gmk::Brazier,8078d3b8,3,804088c0
gmk::Brazier,8078d3b8,4,80013cac
gmk::Brazier,8078d3b8,5,80408920
gmk::Brazier,8078d3b8,6,804089a0
gmk::Brazier,8078d3b8,7,803ecbd0
gmk::Brazier,8078d3b8,8,80408c94
gmk::Brazier,8078d3b8,9,803ecb84
gmk::Brazier,8078d3b8,10,803edf40
gmk::Brazier,8078d3b8,11,803edf24
gmk::Brazier,8078d3b8,12,80409398
gmk::Brazier,8078d3b8,13,803edf20
gmk::Brazier,8078d3b8,14,80408d58
gmk::Brazier,8078d3b8,15,800fa4f4
gmk::Brazier,8078d3b8,16,803ede34
gmk::Brazier,8078d3b8,17,803edf1c
gmk::Brazier,8078d3b8,18,802aeabc
gmk::Brazier,8078d3b8,19,800eb488
gmk::Brazier,8078d3b8,20,800fa4ec
gmk::Brazier,8078d3b8,21,80017944
gmk::Brazier,8078d3b8,22,801b7794
gmk::Brazier,8078d3b8,23,803a04b8
gmk::Brazier,8078d3b8,24,800e2fdc
gmk::Brazier,8078d3b8,25,804091fc
gmk::Brazier,8078d3b8,26,8040913c
gmk::BulletPoint,8078ddb0,0,8041c164
gmk::BulletPoint,8078ddb0,1,8041c21c
gmk::BulletPoint,8078ddb0,2,8041c3b0
gmk::BulletPoint,8078ddb0,3,8041c6a8
gmk::BulletPoint,8078ddb0,4,80013cac
gmk::BulletPoint,8078ddb0,5,8041c718
gmk::BulletPoint,8078ddb0,6,8041c784
gmk::BulletPoint,8078ddb0,7,803ecbd0
gmk::BulletPoint,8078ddb0,8,8041c270
gmk::BulletPoint,8078ddb0,9,803ecb84
gmk::BulletPoint,8078ddb0,10,803edf40
gmk::BulletPoint,8078ddb0,11,803edf24
gmk::BulletPoint,8078ddb0,12,8041cd1c
gmk::BulletPoint,8078ddb0,13,803edf20
gmk::BulletPoint,8078ddb0,14,8041c99c
gmk::BulletPoint,8078ddb0,15,800fa4f4
gmk::BulletPoint,8078ddb0,16,803ede34
gmk::BulletPoint,8078ddb0,17,803edf1c
gmk::BulletPoint,8078ddb0,18,802aeabc
gmk::BulletPoint,8078ddb0,19,800eb488
gmk::BulletPoint,8078ddb0,20,800fa4ec
gmk::BulletPoint,8078ddb0,21,80017944
gmk::BulletPoint,8078ddb0,22,801b7794
gmk::BulletPoint,8078ddb0,23,803a04b8
gmk::BulletPoint,8078ddb0,24,800e2fdc
gmk::BulletPoint,8078ddb0,25,803ed92c
gmk::BulletPoint,8078ddb0,26,8041cc78
gmk::Cannon,8078d450,0,8040b4b8
gmk::Cannon,8078d450,1,804095f0
gmk::Cannon,8078d450,2,804096d4
gmk::Cannon,8078d450,3,8040a32c
gmk::Cannon,8078d450,4,80013cac
gmk::Cannon,8078d450,5,8040a994
gmk::Cannon,8078d450,6,8040aa10
gmk::Cannon,8078d450,7,803ecbd0
gmk::Cannon,8078d450,8,803edf5c
gmk::Cannon,8078d450,9,803ecb84
gmk::Cannon,8078d450,10,803edf40
gmk::Cannon,8078d450,11,803edf24
gmk::Cannon,8078d450,12,80012a14
gmk::Cannon,8078d450,13,803edf20
gmk::Cannon,8078d450,14,8040ab64
gmk::Cannon,8078d450,15,800fa4f4
gmk::Cannon,8078d450,16,803ede34
gmk::Cannon,8078d450,17,803edf1c
gmk::Cannon,8078d450,18,802aeabc
gmk::Cannon,8078d450,19,800eb488
gmk::Cannon,8078d450,20,800fa4ec
gmk::Cannon,8078d450,21,80017944
gmk::Cannon,8078d450,22,803fb788
gmk::Cannon,8078d450,23,803a04b8
gmk::Cannon,8078d450,24,8040b1f8
gmk::Cannon,8078d450,25,8040b4b4
gmk::Cannon,8078d450,26,803edaf0
gmk::Cannonball,8078cf20,0,803fc880
gmk::Cannonball,8078cf20,1,803fc0e0
gmk::Cannonball,8078cf20,2,803fc134
gmk::Cannonball,8078cf20,3,803fc4c0
gmk::Cannonball,8078cf20,4,80013cac
gmk::Cannonball,8078cf20,5,803ecb7c
gmk::Cannonball,8078cf20,6,803fc53c
gmk::Cannonball,8078cf20,7,803ecbd0
gmk::Cannonball,8078cf20,8,803edf5c
gmk::Cannonball,8078cf20,9,803ecb84
gmk::Cannonball,8078cf20,10,803edf40
gmk::Cannonball,8078cf20,11,803edf24
gmk::Cannonball,8078cf20,12,80012a14
gmk::Cannonball,8078cf20,13,803edf20
gmk::Cannonball,8078cf20,14,803fc540
gmk::Cannonball,8078cf20,15,800fa4f4
gmk::Cannonball,8078cf20,16,803fc6e8
gmk::Cannonball,8078cf20,17,803fc824
gmk::Cannonball,8078cf20,18,802aeabc
gmk::Cannonball,8078cf20,19,800eb488
gmk::Cannonball,8078cf20,20,800fa4ec
gmk::Cannonball,8078cf20,21,80017944
gmk::Cannonball,8078cf20,22,803fc6bc
gmk::Cannonball,8078cf20,23,803a04b8
gmk::Cannonball,8078cf20,24,800e2fdc
gmk::Cannonball,8078cf20,25,803ed92c
gmk::Cannonball,8078cf20,26,803edaf0
gmk::CharaLight,8078e338,0,80423434
gmk::CharaLight,8078e338,1,804234f4
gmk::CharaLight,8078e338,2,80423684
gmk::CharaLight,8078e338,3,804238e8
gmk::CharaLight,8078e338,4,80013cac
gmk::CharaLight,8078e338,5,80423958
gmk::CharaLight,8078e338,6,804239d4
gmk::CharaLight,8078e338,7,803ecbd0
gmk::CharaLight,8078e338,8,8042357c
gmk::CharaLight,8078e338,9,803ecb84
gmk::CharaLight,8078e338,10,803edf40
gmk::CharaLight,8078e338,11,803edf24
gmk::CharaLight,8078e338,12,80423f48
gmk::CharaLight,8078e338,13,803edf20
gmk::CharaLight,8078e338,14,80423be0
gmk::CharaLight,8078e338,15,800fa4f4
gmk::CharaLight,8078e338,16,803ede34
gmk::CharaLight,8078e338,17,803edf1c
gmk::CharaLight,8078e338,18,802aeabc
gmk::CharaLight,8078e338,19,800eb488
gmk::CharaLight,8078e338,20,800fa4ec
gmk::CharaLight,8078e338,21,80017944
gmk::CharaLight,8078e338,22,801b7794
gmk::CharaLight,8078e338,23,803a04b8
gmk::CharaLight,8078e338,24,800e2fdc
gmk::CharaLight,8078e338,25,803ed92c
gmk::CharaLight,8078e338,26,80423ea4
gmk::CharaObj,8078ea38,0,8042d748
gmk::CharaObj,8078ea38,1,8042d7c0
gmk::CharaObj,8078ea38,2,8042d93c
gmk::CharaObj,8078ea38,3,8042dfd4
gmk::CharaObj,8078ea38,4,80013cac
gmk::CharaObj,8078ea38,5,8042e034
gmk::CharaObj,8078ea38,6,8042e064
gmk::CharaObj,8078ea38,7,803ecbd0
gmk::CharaObj,8078ea38,8,8042d8c0
gmk::CharaObj,8078ea38,9,803ecb84
gmk::CharaObj,8078ea38,10,803edf40
gmk::CharaObj,8078ea38,11,803edf24
gmk::CharaObj,8078ea38,12,8042e364
gmk::CharaObj,8078ea38,13,803edf20
gmk::CharaObj,8078ea38,14,8042e2c4
gmk::CharaObj,8078ea38,15,800fa4f4
gmk::CharaObj,8078ea38,16,803ede34
gmk::CharaObj,8078ea38,17,803edf1c
gmk::CharaObj,8078ea38,18,802aeabc
gmk::CharaObj,8078ea38,19,800eb488
gmk::CharaObj,8078ea38,20,800fa4ec
gmk::CharaObj,8078ea38,21,80017944
gmk::CharaObj,8078ea38,22,8042e34c
gmk::CharaObj,8078ea38,23,803a04b8
gmk::CharaObj,8078ea38,24,800e2fdc
gmk::CharaObj,8078ea38,25,8042e360
gmk::CharaObj,8078ea38,26,8042e2f4
gmk::ChickenManager,8078d590,0,8040dd20
gmk::ChickenManager,8078d590,1,8040dde0
gmk::ChickenManager,8078d590,2,8040de48
gmk::ChickenManager,8078d590,3,8040e244
gmk::ChickenManager,8078d590,4,80013cac
gmk::ChickenManager,8078d590,5,8040e2b0
gmk::ChickenManager,8078d590,6,8040e31c
gmk::ChickenManager,8078d590,7,803ecbd0
gmk::ChickenManager,8078d590,8,8040e4e8
gmk::ChickenManager,8078d590,9,803ecb84
gmk::ChickenManager,8078d590,10,803edf40
gmk::ChickenManager,8078d590,11,803edf24
gmk::ChickenManager,8078d590,12,8040ec28
gmk::ChickenManager,8078d590,13,803edf20
gmk::ChickenManager,8078d590,14,8040e620
gmk::ChickenManager,8078d590,15,800fa4f4
gmk::ChickenManager,8078d590,16,803ede34
gmk::ChickenManager,8078d590,17,803edf1c
gmk::ChickenManager,8078d590,18,802aeabc
gmk::ChickenManager,8078d590,19,800eb488
gmk::ChickenManager,8078d590,20,800fa4ec
gmk::ChickenManager,8078d590,21,80017944
gmk::ChickenManager,8078d590,22,801b7794
gmk::ChickenManager,8078d590,23,8040ebd8
gmk::ChickenManager,8078d590,24,8040ebe0
gmk::ChickenManager,8078d590,25,803ed92c
gmk::ChickenManager,8078d590,26,8040eb2c
gmk::Coffin,8078d8a8,0,80412f28
gmk::Coffin,8078d8a8,1,80412ffc
gmk::Coffin,8078d8a8,2,804131a4
gmk::Coffin,8078d8a8,3,80413aac
gmk::Coffin,8078d8a8,4,80013cac
gmk::Coffin,8078d8a8,5,80413b1c
gmk::Coffin,8078d8a8,6,80413bd4
gmk::Coffin,8078d8a8,7,80414328
gmk::Coffin,8078d8a8,8,804130b8
gmk::Coffin,8078d8a8,9,803ecb84
gmk::Coffin,8078d8a8,10,803edf40
gmk::Coffin,8078d8a8,11,803edf24
gmk::Coffin,8078d8a8,12,804137c4
gmk::Coffin,8078d8a8,13,803edf20
gmk::Coffin,8078d8a8,14,804145b8
gmk::Coffin,8078d8a8,15,804145e8
gmk::Coffin,8078d8a8,16,80414824
gmk::Coffin,8078d8a8,17,8041482c
gmk::Coffin,8078d8a8,18,80414a6c
gmk::Coffin,8078d8a8,19,804149f0
gmk::Coffin,8078d8a8,20,80414994
gmk::Coffin,8078d8a8,21,80414974
gmk::Coffin,8078d8a8,22,801b7794
gmk::Coffin,8078d8a8,23,803a04b8
gmk::Coffin,8078d8a8,24,800e2fdc
gmk::Coffin,8078d8a8,25,803ed92c
gmk::Coffin,8078d8a8,26,804146e4
gmk::DoorSeal,8078e3d0,0,80424170
gmk::DoorSeal,8078e3d0,1,80424254
gmk::DoorSeal,8078e3d0,2,8042499c
gmk::DoorSeal,8078e3d0,3,80425928
gmk::DoorSeal,8078e3d0,4,80013cac
gmk::DoorSeal,8078e3d0,5,8042592c
gmk::DoorSeal,8078e3d0,6,804259b8
gmk::DoorSeal,8078e3d0,7,803ecbd0
gmk::DoorSeal,8078e3d0,8,8042493c
gmk::DoorSeal,8078e3d0,9,803ecb84
gmk::DoorSeal,8078e3d0,10,803edf40
gmk::DoorSeal,8078e3d0,11,803edf24
gmk::DoorSeal,8078e3d0,12,80012a14
gmk::DoorSeal,8078e3d0,13,803edf20
gmk::DoorSeal,8078e3d0,14,80425b64
gmk::DoorSeal,8078e3d0,15,800fa4f4
gmk::DoorSeal,8078e3d0,16,803ede34
gmk::DoorSeal,8078e3d0,17,803edf1c
gmk::DoorSeal,8078e3d0,18,802aeabc
gmk::DoorSeal,8078e3d0,19,800eb488
gmk::DoorSeal,8078e3d0,20,800fa4ec
gmk::DoorSeal,8078e3d0,21,80017944
gmk::DoorSeal,8078e3d0,22,801b7794
gmk::DoorSeal,8078e3d0,23,803a04b8
gmk::DoorSeal,8078e3d0,24,800e2fdc
gmk::DoorSeal,8078e3d0,25,80425e2c
gmk::DoorSeal,8078e3d0,26,80425db4
gmk::FallingTower,8078d778,0,80410b38
gmk::FallingTower,8078d778,1,80410ba0
gmk::FallingTower,8078d778,2,80410e84
gmk::FallingTower,8078d778,3,80411230
gmk::FallingTower,8078d778,4,80013cac
gmk::FallingTower,8078d778,5,80410bc8
gmk::FallingTower,8078d778,6,80410bf8
gmk::FallingTower,8078d778,7,803ecbd0
gmk::FallingTower,8078d778,8,80410de0
gmk::FallingTower,8078d778,9,803ecb84
gmk::FallingTower,8078d778,10,803edf40
gmk::FallingTower,8078d778,11,803edf24
gmk::FallingTower,8078d778,12,80411438
gmk::FallingTower,8078d778,13,803edf20
gmk::FallingTower,8078d778,14,804112b0
gmk::FallingTower,8078d778,15,800fa4f4
gmk::FallingTower,8078d778,16,803ede34
gmk::FallingTower,8078d778,17,803edf1c
gmk::FallingTower,8078d778,18,802aeabc
gmk::FallingTower,8078d778,19,800eb488
gmk::FallingTower,8078d778,20,800fa4ec
gmk::FallingTower,8078d778,21,80017944
gmk::FallingTower,8078d778,22,801b7794
gmk::FallingTower,8078d778,23,803a04b8
gmk::FallingTower,8078d778,24,800e2fdc
gmk::FallingTower,8078d778,25,803ed92c
gmk::FallingTower,8078d778,26,803edaf0
gmk::Fireworks,8078dee8,0,8041deb0
gmk::Fireworks,8078dee8,1,8041df38
gmk::Fireworks,8078dee8,2,8041e2c8
gmk::Fireworks,8078dee8,3,8041e86c
gmk::Fireworks,8078dee8,4,80013cac
gmk::Fireworks,8078dee8,5,8041e870
gmk::Fireworks,8078dee8,6,8041e89c
gmk::Fireworks,8078dee8,7,803ecbd0
gmk::Fireworks,8078dee8,8,8041e258
gmk::Fireworks,8078dee8,9,803ecb84
gmk::Fireworks,8078dee8,10,803edf40
gmk::Fireworks,8078dee8,11,803edf24
gmk::Fireworks,8078dee8,12,80012a14
gmk::Fireworks,8078dee8,13,803edf20
gmk::Fireworks,8078dee8,14,8041ea1c
gmk::Fireworks,8078dee8,15,800fa4f4
gmk::Fireworks,8078dee8,16,803ede34
gmk::Fireworks,8078dee8,17,803edf1c
gmk::Fireworks,8078dee8,18,802aeabc
gmk::Fireworks,8078dee8,19,800eb488
gmk::Fireworks,8078dee8,20,800fa4ec
gmk::Fireworks,8078dee8,21,80017944
gmk::Fireworks,8078dee8,22,801b7794
gmk::Fireworks,8078dee8,23,803a04b8
gmk::Fireworks,8078dee8,24,800e2fdc
gmk::Fireworks,8078dee8,25,803ed92c
gmk::Fireworks,8078dee8,26,8041eadc
gmk::FlamingArrow,8078dba0,0,804182a8
gmk::FlamingArrow,8078dba0,1,80418320
gmk::FlamingArrow,8078dba0,2,804183b0
gmk::FlamingArrow,8078dba0,3,8041841c
gmk::FlamingArrow,8078dba0,4,80013cac
gmk::FlamingArrow,8078dba0,5,8041847c
gmk::FlamingArrow,8078dba0,6,804184bc
gmk::FlamingArrow,8078dba0,7,803ecbd0
gmk::FlamingArrow,8078dba0,8,8041867c
gmk::FlamingArrow,8078dba0,9,803ecb84
gmk::FlamingArrow,8078dba0,10,803edf40
gmk::FlamingArrow,8078dba0,11,803edf24
gmk::FlamingArrow,8078dba0,12,80418ea4
gmk::FlamingArrow,8078dba0,13,803edf20
gmk::FlamingArrow,8078dba0,14,80418bc4
gmk::FlamingArrow,8078dba0,15,800fa4f4
gmk::FlamingArrow,8078dba0,16,803ede34
gmk::FlamingArrow,8078dba0,17,803edf1c
gmk::FlamingArrow,8078dba0,18,802aeabc
gmk::FlamingArrow,8078dba0,19,800eb488
gmk::FlamingArrow,8078dba0,20,800fa4ec
gmk::FlamingArrow,8078dba0,21,80017944
gmk::FlamingArrow,8078dba0,22,801b7794
gmk::FlamingArrow,8078dba0,23,803a04b8
gmk::FlamingArrow,8078dba0,24,800e2fdc
gmk::FlamingArrow,8078dba0,25,80418c4c
gmk::FlamingArrow,8078dba0,26,80418be4
gmk::FloatingBox,8078e898,0,8042d5d0
gmk::FloatingBox,8078e898,1,8042d5a8
gmk::FloatingBox,8078e898,2,8042d5a4
gmk::FloatingBox,8078e898,3,8042d5a0
gmk::FloatingBox,8078e898,4,80013cac
gmk::FloatingBox,8078e898,5,800ef3e0
gmk::FloatingBox,8078e898,6,80147b04
gmk::FloatingBox,8078e898,7,801437d0
gmk::FloatingBox,8078e898,8,800ef3dc
gmk::FloatingBox,8078e898,9,801388b8
gmk::FloatingBox,8078e898,10,8014bdb0
gmk::FloatingBox,8078e898,11,8013c564
gmk::FloatingBox,8078e898,12,800ef3d8
gmk::FloatingBox,8078e898,13,801513d0
gmk::FloatingBox,8078e898,14,80152a20
gmk::FloatingBox,8078e898,15,80152d10
gmk::FloatingBox,8078e898,16,80153004
gmk::FloatingBox,8078e898,17,80152a24
gmk::FloatingBox,8078e898,18,80148340
gmk::FloatingBox,8078e898,19,801489cc
gmk::FloatingBox,8078e898,20,800ef394
gmk::FloatingBox,8078e898,21,801501f0
gmk::FloatingBox,8078e898,22,800ef38c
gmk::FloatingBox,8078e898,23,80138d70
gmk::FloatingBox,8078e898,24,800e8fac
gmk::FloatingBox,8078e898,25,800e8fb4
gmk::FloatingBox,8078e898,26,800e8fa4
gmk::FloatingBox,8078e898,27,80155494
gmk::FloatingBox,8078e898,28,80158d60
gmk::FloatingBox,8078e898,29,8015dbc8
gmk::FloatingBox,8078e898,30,801606dc
gmk::FloatingBox,8078e898,31,80160f54
gmk::FloatingBox,8078e898,32,80168fcc
gmk::FloatingBox,8078e898,33,80169c0c
gmk::FloatingBox,8078e898,34,800ef2ac
gmk::FloatingBox,8078e898,35,800ef370
gmk::FloatingBox,8078e898,36,80176b68
gmk::FloatingBox,8078e898,37,80176d2c
gmk::FloatingBox,8078e898,38,800ef368
gmk::FloatingBox,8078e898,39,8017cb6c
gmk::FloatingBox,8078e898,40,80041a20
gmk::FloatingBox,8078e898,41,800ef324
gmk::FloatingBox,8078e898,42,800ef31c
gmk::FloatingBox,8078e898,43,800ef310
gmk::FloatingBox,8078e898,44,8017b0f8
gmk::FloatingBox,8078e898,45,800ef308
gmk::FloatingBox,8078e898,46,800ef304
gmk::FloatingBox,8078e898,47,8017bc58
gmk::FloatingBox,8078e898,48,800ef2f0
gmk::FloatingBox,8078e898,49,8017bddc
gmk::FloatingBox,8078e898,50,8017c4c4
gmk::FloatingBox,8078e898,51,800ef2b4
gmk::FloatingBox,8078e898,52,8017c52c
gmk::FloatingBox,8078e898,53,800ef270
gmk::FloatingBox,8078e898,54,800ef080
gmk::FragileObject,8078cc28,0,803f4948
gmk::FragileObject,8078cc28,1,803f4a4c
gmk::FragileObject,8078cc28,2,803f4d98
gmk::FragileObject,8078cc28,3,803f5ad8
gmk::FragileObject,8078cc28,4,80013cac
gmk::FragileObject,8078cc28,5,803f5b48
gmk::FragileObject,8078cc28,6,803f5c2c
gmk::FragileObject,8078cc28,7,803f60e8
gmk::FragileObject,8078cc28,8,803f4b80
gmk::FragileObject,8078cc28,9,803ecb84
gmk::FragileObject,8078cc28,10,803edf40
gmk::FragileObject,8078cc28,11,803edf24
gmk::FragileObject,8078cc28,12,803f69dc
gmk::FragileObject,8078cc28,13,803f69c8
gmk::FragileObject,8078cc28,14,803f6280
gmk::FragileObject,8078cc28,15,800fa4f4
gmk::FragileObject,8078cc28,16,803ede34
gmk::FragileObject,8078cc28,17,803edf1c
gmk::FragileObject,8078cc28,18,802aeabc
gmk::FragileObject,8078cc28,19,800eb488
gmk::FragileObject,8078cc28,20,800fa4ec
gmk::FragileObject,8078cc28,21,80017944
gmk::FragileObject,8078cc28,22,801b7794
gmk::FragileObject,8078cc28,23,803f699c
gmk::FragileObject,8078cc28,24,800e2fdc
gmk::FragileObject,8078cc28,25,803ed92c
gmk::FragileObject,8078cc28,26,803f68b4
gmk::GmkChara,8078e9a0,0,8042cee8
gmk::GmkChara,8078e9a0,1,8042cf40
gmk::GmkChara,8078e9a0,2,8042d0dc
gmk::GmkChara,8078e9a0,3,8042d114
gmk::GmkChara,8078e9a0,4,80013cac
gmk::GmkChara,8078e9a0,5,8042d138
gmk::GmkChara,8078e9a0,6,8042d140
gmk::GmkChara,8078e9a0,7,803ecbd0
gmk::GmkChara,8078e9a0,8,8042cfb4
gmk::GmkChara,8078e9a0,9,803ecb84
gmk::GmkChara,8078e9a0,10,803edf40
gmk::GmkChara,8078e9a0,11,803edf24
gmk::GmkChara,8078e9a0,12,80012a14
gmk::GmkChara,8078e9a0,13,803edf20
gmk::GmkChara,8078e9a0,14,8042d3ec
gmk::GmkChara,8078e9a0,15,800fa4f4
gmk::GmkChara,8078e9a0,16,803ede34
gmk::GmkChara,8078e9a0,17,803edf1c
gmk::GmkChara,8078e9a0,18,802aeabc
gmk::GmkChara,8078e9a0,19,800eb488
gmk::GmkChara,8078e9a0,20,800fa4ec
gmk::GmkChara,8078e9a0,21,80017944
gmk::GmkChara,8078e9a0,22,8042d474
gmk::GmkChara,8078e9a0,23,803a04b8
gmk::GmkChara,8078e9a0,24,800e2fdc
gmk::GmkChara,8078e9a0,25,8042d488
gmk::GmkChara,8078e9a0,26,8042d41c
gmk::HealPoint,8078d6e0,0,8040fc30
gmk::HealPoint,8078d6e0,1,8040fce4
gmk::HealPoint,8078d6e0,2,8040fd30
gmk::HealPoint,8078d6e0,3,8040ff5c
gmk::HealPoint,8078d6e0,4,80013cac
gmk::HealPoint,8078d6e0,5,8040ffbc
gmk::HealPoint,8078d6e0,6,80410028
gmk::HealPoint,8078d6e0,7,803ecbd0
gmk::HealPoint,8078d6e0,8,80410358
gmk::HealPoint,8078d6e0,9,803ecb84
gmk::HealPoint,8078d6e0,10,803edf40
gmk::HealPoint,8078d6e0,11,803edf24
gmk::HealPoint,8078d6e0,12,80410a60
gmk::HealPoint,8078d6e0,13,803edf20
gmk::HealPoint,8078d6e0,14,80410698
gmk::HealPoint,8078d6e0,15,800fa4f4
gmk::HealPoint,8078d6e0,16,803ede34
gmk::HealPoint,8078d6e0,17,803edf1c
gmk::HealPoint,8078d6e0,18,802aeabc
gmk::HealPoint,8078d6e0,19,800eb488
gmk::HealPoint,8078d6e0,20,800fa4ec
gmk::HealPoint,8078d6e0,21,80017944
gmk::HealPoint,8078d6e0,22,801b7794
gmk::HealPoint,8078d6e0,23,803a04b8
gmk::HealPoint,8078d6e0,24,800e2fdc
gmk::HealPoint,8078d6e0,25,803ed92c
gmk::HealPoint,8078d6e0,26,804109ac
gmk::InteractionSpot,8078e638,0,80429868
gmk::InteractionSpot,8078e638,1,80429964
gmk::InteractionSpot,8078e638,2,80429f90
gmk::InteractionSpot,8078e638,3,8042a2fc
gmk::InteractionSpot,8078e638,4,80013cac
gmk::InteractionSpot,8078e638,5,8042a300
gmk::InteractionSpot,8078e638,6,8042a360
gmk::InteractionSpot,8078e638,7,8042a98c
gmk::InteractionSpot,8078e638,8,80429eec
gmk::InteractionSpot,8078e638,9,803ecb84
gmk::InteractionSpot,8078e638,10,803edf40
gmk::InteractionSpot,8078e638,11,803edf24
gmk::InteractionSpot,8078e638,12,80012a14
gmk::InteractionSpot,8078e638,13,803edf20
gmk::InteractionSpot,8078e638,14,8042aa7c
gmk::InteractionSpot,8078e638,15,800fa4f4
gmk::InteractionSpot,8078e638,16,803ede34
gmk::InteractionSpot,8078e638,17,803edf1c
gmk::InteractionSpot,8078e638,18,802aeabc
gmk::InteractionSpot,8078e638,19,800eb488
gmk::InteractionSpot,8078e638,20,800fa4ec
gmk::InteractionSpot,8078e638,21,80017944
gmk::InteractionSpot,8078e638,22,801b7794
gmk::InteractionSpot,8078e638,23,803a04b8
gmk::InteractionSpot,8078e638,24,800e2fdc
gmk::InteractionSpot,8078e638,25,803ed92c
gmk::InteractionSpot,8078e638,26,8042aadc
gmk::Item,8078cfb8,0,803fcd78
gmk::Item,8078cfb8,1,803fcd98
gmk::Item,8078cfb8,2,803fcdc8
gmk::Item,8078cfb8,3,803fcf70
gmk::Item,8078cfb8,4,803fcfb4
gmk::Item,8078cfb8,5,803fcfe4
gmk::Item,8078cfb8,6,803fd020
gmk::Item,8078cfb8,7,803fd050
gmk::ItemSlotAnimeBuffer,8078f3c0,0,8044e0a8
gmk::ItemSlotAnimeBuffer,8078f3c0,1,800d2860
gmk::ItemSlotAnimeBuffer,8078f3c0,2,8004312c
gmk::ItemSlotAnimeBuffer,8078f3c0,3,80043128
gmk::ItemSlotAnimeBuffer,8078f3c0,4,80013cac
gmk::ItemSlotTextCache,8078f380,0,80452600
gmk::ItemSlotTextCache,8078f380,1,804523d0
gmk::ItemSlotTextCache,8078f380,2,8004312c
gmk::ItemSlotTextCache,8078f380,3,80043128
gmk::ItemSlotTextCache,8078f380,4,80013cac
gmk::LandMine,8078e170,0,804214fc
gmk::LandMine,8078e170,1,80421554
gmk::LandMine,8078e170,2,80421628
gmk::LandMine,8078e170,3,80421864
gmk::LandMine,8078e170,4,80013cac
gmk::LandMine,8078e170,5,803ecb7c
gmk::LandMine,8078e170,6,803ecbcc
gmk::LandMine,8078e170,7,803ecbd0
gmk::LandMine,8078e170,8,8042157c
gmk::LandMine,8078e170,9,803ecb84
gmk::LandMine,8078e170,10,803edf40
gmk::LandMine,8078e170,11,803edf24
gmk::LandMine,8078e170,12,80012a14
gmk::LandMine,8078e170,13,803edf20
gmk::LandMine,8078e170,14,80421868
gmk::LandMine,8078e170,15,800fa4f4
gmk::LandMine,8078e170,16,803ede34
gmk::LandMine,8078e170,17,803edf1c
gmk::LandMine,8078e170,18,802aeabc
gmk::LandMine,8078e170,19,800eb488
gmk::LandMine,8078e170,20,800fa4ec
gmk::LandMine,8078e170,21,80017944
gmk::LandMine,8078e170,22,804218d8
gmk::LandMine,8078e170,23,803a04b8
gmk::LandMine,8078e170,24,800e2fdc
gmk::LandMine,8078e170,25,80421904
gmk::LandMine,8078e170,26,803edaf0
gmk::Lemon,8078da70,0,80416764
gmk::Lemon,8078da70,1,80416a34
gmk::Lemon,8078da70,2,80416aa8
gmk::Lemon,8078da70,3,80416c84
gmk::Lemon,8078da70,4,80013cac
gmk::Lemon,8078da70,5,804167cc
gmk::Lemon,8078da70,6,804167fc
gmk::Lemon,8078da70,7,80416960
gmk::Lemon,8078da70,8,80416a7c
gmk::Lemon,8078da70,9,803ecb84
gmk::Lemon,8078da70,10,803edf40
gmk::Lemon,8078da70,11,803edf24
gmk::Lemon,8078da70,12,80416f6c
gmk::Lemon,8078da70,13,803edf20
gmk::Lemon,8078da70,14,80416cb8
gmk::Lemon,8078da70,15,800fa4f4
gmk::Lemon,8078da70,16,803ede34
gmk::Lemon,8078da70,17,803edf1c
gmk::Lemon,8078da70,18,802aeabc
gmk::Lemon,8078da70,19,800eb488
gmk::Lemon,8078da70,20,800fa4ec
gmk::Lemon,8078da70,21,80017944
gmk::Lemon,8078da70,22,80416f40
gmk::Lemon,8078da70,23,803a04b8
gmk::Lemon,8078da70,24,800e2fdc
gmk::Lemon,8078da70,25,803ed92c
gmk::Lemon,8078da70,26,803edaf0
gmk::LemonBucket,8078ec98,0,80432c90
gmk::LemonBucket,8078ec98,1,80432c68
gmk::LemonBucket,8078ec98,2,80432c64
gmk::LemonBucket,8078ec98,3,80432c60
gmk::LemonBucket,8078ec98,4,80013cac
gmk::LemonBucket,8078ec98,5,800ef3e0
gmk::LemonBucket,8078ec98,6,80147b04
gmk::LemonBucket,8078ec98,7,801437d0
gmk::LemonBucket,8078ec98,8,800ef3dc
gmk::LemonBucket,8078ec98,9,801388b8
gmk::LemonBucket,8078ec98,10,8014bdb0
gmk::LemonBucket,8078ec98,11,8013c564
gmk::LemonBucket,8078ec98,12,800ef3d8
gmk::LemonBucket,8078ec98,13,801513d0
gmk::LemonBucket,8078ec98,14,80152a20
gmk::LemonBucket,8078ec98,15,80152d10
gmk::LemonBucket,8078ec98,16,80153004
gmk::LemonBucket,8078ec98,17,80152a24
gmk::LemonBucket,8078ec98,18,80148340
gmk::LemonBucket,8078ec98,19,801489cc
gmk::LemonBucket,8078ec98,20,800ef394
gmk::LemonBucket,8078ec98,21,801501f0
gmk::LemonBucket,8078ec98,22,800ef38c
gmk::LemonBucket,8078ec98,23,80138d70
gmk::LemonBucket,8078ec98,24,800e8fac
gmk::LemonBucket,8078ec98,25,800e8fb4
gmk::LemonBucket,8078ec98,26,800e8fa4
gmk::LemonBucket,8078ec98,27,80155494
gmk::LemonBucket,8078ec98,28,80158d60
gmk::LemonBucket,8078ec98,29,8015dbc8
gmk::LemonBucket,8078ec98,30,801606dc
gmk::LemonBucket,8078ec98,31,80160f54
gmk::LemonBucket,8078ec98,32,80168fcc
gmk::LemonBucket,8078ec98,33,80169c0c
gmk::LemonBucket,8078ec98,34,800ef2ac
gmk::LemonBucket,8078ec98,35,800ef370
gmk::LemonBucket,8078ec98,36,80176b68
gmk::LemonBucket,8078ec98,37,80176d2c
gmk::LemonBucket,8078ec98,38,800ef368
gmk::LemonBucket,8078ec98,39,8017cb6c
gmk::LemonBucket,8078ec98,40,80041a20
gmk::LemonBucket,8078ec98,41,800ef324
gmk::LemonBucket,8078ec98,42,800ef31c
gmk::LemonBucket,8078ec98,43,800ef310
gmk::LemonBucket,8078ec98,44,8017b0f8
gmk::LemonBucket,8078ec98,45,800ef308
gmk::LemonBucket,8078ec98,46,800ef304
gmk::LemonBucket,8078ec98,47,8017bc58
gmk::LemonBucket,8078ec98,48,800ef2f0
gmk::LemonBucket,8078ec98,49,8017bddc
gmk::LemonBucket,8078ec98,50,8017c4c4
gmk::LemonBucket,8078ec98,51,800ef2b4
gmk::LemonBucket,8078ec98,52,8017c52c
gmk::LemonBucket,8078ec98,53,800ef270
gmk::LemonBucket,8078ec98,54,800ef080
gmk::MapLift,8078e6d0,0,8042b0c0
gmk::MapLift,8078e6d0,1,8042b134
gmk::MapLift,8078e6d0,2,8042b228
gmk::MapLift,8078e6d0,3,8042b358
gmk::MapLift,8078e6d0,4,80013cac
gmk::MapLift,8078e6d0,5,8042b35c
gmk::MapLift,8078e6d0,6,8042b3bc
gmk::MapLift,8078e6d0,7,803ecbd0
gmk::MapLift,8078e6d0,8,8042b1c4
gmk::MapLift,8078e6d0,9,803ecb84
gmk::MapLift,8078e6d0,10,803edf40
gmk::MapLift,8078e6d0,11,803edf24
gmk::MapLift,8078e6d0,12,80012a14
gmk::MapLift,8078e6d0,13,803edf20
gmk::MapLift,8078e6d0,14,8042b54c
gmk::MapLift,8078e6d0,15,800fa4f4
gmk::MapLift,8078e6d0,16,803ede34
gmk::MapLift,8078e6d0,17,803edf1c
gmk::MapLift,8078e6d0,18,802aeabc
gmk::MapLift,8078e6d0,19,800eb488
gmk::MapLift,8078e6d0,20,800fa4ec
gmk::MapLift,8078e6d0,21,80017944
gmk::MapLift,8078e6d0,22,801b7794
gmk::MapLift,8078e6d0,23,803a04b8
gmk::MapLift,8078e6d0,24,800e2fdc
gmk::MapLift,8078e6d0,25,803ed92c
gmk::MapLift,8078e6d0,26,803edaf0
gmk::MotionObject,8078d940,0,80414b84
gmk::MotionObject,8078d940,1,80414f2c
gmk::MotionObject,8078d940,2,8041502c
gmk::MotionObject,8078d940,3,804150bc
gmk::MotionObject,8078d940,4,80013cac
gmk::MotionObject,8078d940,5,80414c38
gmk::MotionObject,8078d940,6,80414c9c
gmk::MotionObject,8078d940,7,80414e58
gmk::MotionObject,8078d940,8,80414f54
gmk::MotionObject,8078d940,9,803ecb84
gmk::MotionObject,8078d940,10,803edf40
gmk::MotionObject,8078d940,11,803edf24
gmk::MotionObject,8078d940,12,80415244
gmk::MotionObject,8078d940,13,803edf20
gmk::MotionObject,8078d940,14,804150d4
gmk::MotionObject,8078d940,15,800fa4f4
gmk::MotionObject,8078d940,16,803ede34
gmk::MotionObject,8078d940,17,803edf1c
gmk::MotionObject,8078d940,18,802aeabc
gmk::MotionObject,8078d940,19,800eb488
gmk::MotionObject,8078d940,20,800fa4ec
gmk::MotionObject,8078d940,21,80017944
gmk::MotionObject,8078d940,22,80415214
gmk::MotionObject,8078d940,23,803a04b8
gmk::MotionObject,8078d940,24,800e2fdc
gmk::MotionObject,8078d940,25,803ed92c
gmk::MotionObject,8078d940,26,803edaf0
gmk::OnOff,8078cdf0,0,803f9edc
gmk::OnOff,8078cdf0,1,803f94e0
gmk::OnOff,8078cdf0,2,803f9624
gmk::OnOff,8078cdf0,3,803edf6c
gmk::OnOff,8078cdf0,4,80013cac
gmk::OnOff,8078cdf0,5,803ecb7c
gmk::OnOff,8078cdf0,6,803ecbcc
gmk::OnOff,8078cdf0,7,803ecbd0
gmk::OnOff,8078cdf0,8,803f957c
gmk::OnOff,8078cdf0,9,803ecb84
gmk::OnOff,8078cdf0,10,803edf40
gmk::OnOff,8078cdf0,11,803edf24
gmk::OnOff,8078cdf0,12,80012a14
gmk::OnOff,8078cdf0,13,803edf20
gmk::OnOff,8078cdf0,14,803f9e14
gmk::OnOff,8078cdf0,15,800fa4f4
gmk::OnOff,8078cdf0,16,803ede34
gmk::OnOff,8078cdf0,17,803edf1c
gmk::OnOff,8078cdf0,18,802aeabc
gmk::OnOff,8078cdf0,19,800eb488
gmk::OnOff,8078cdf0,20,800fa4ec
gmk::OnOff,8078cdf0,21,80017944
gmk::OnOff,8078cdf0,22,803f9e70
gmk::OnOff,8078cdf0,23,803f9e9c
gmk::OnOff,8078cdf0,24,800e2fdc
gmk::OnOff,8078cdf0,25,803ed92c
gmk::OnOff,8078cdf0,26,803edaf0
gmk::OpenBoard,8078e800,0,8042c30c
gmk::OpenBoard,8078e800,1,8042c384
gmk::OpenBoard,8078e800,2,8042c5ac
gmk::OpenBoard,8078e800,3,8042c9b4
gmk::OpenBoard,8078e800,4,80013cac
gmk::OpenBoard,8078e800,5,8042ca24
gmk::OpenBoard,8078e800,6,8042ca54
gmk::OpenBoard,8078e800,7,803ecbd0
gmk::OpenBoard,8078e800,8,8042c4a4
gmk::OpenBoard,8078e800,9,803ecb84
gmk::OpenBoard,8078e800,10,803edf40
gmk::OpenBoard,8078e800,11,803edf24
gmk::OpenBoard,8078e800,12,8042ce28
gmk::OpenBoard,8078e800,13,803edf20
gmk::OpenBoard,8078e800,14,8042cc10
gmk::OpenBoard,8078e800,15,800fa4f4
gmk::OpenBoard,8078e800,16,803ede34
gmk::OpenBoard,8078e800,17,803edf1c
gmk::OpenBoard,8078e800,18,802aeabc
gmk::OpenBoard,8078e800,19,800eb488
gmk::OpenBoard,8078e800,20,800fa4ec
gmk::OpenBoard,8078e800,21,80017944
gmk::OpenBoard,8078e800,22,8042cc98
gmk::OpenBoard,8078e800,23,803a04b8
gmk::OpenBoard,8078e800,24,800e2fdc
gmk::OpenBoard,8078e800,25,8042ccac
gmk::OpenBoard,8078e800,26,8042cc40
gmk::PassBoard,8078ead0,0,8042e47c
gmk::PassBoard,8078ead0,1,8042e51c
gmk::PassBoard,8078ead0,2,8042e640
gmk::PassBoard,8078ead0,3,8042e930
gmk::PassBoard,8078ead0,4,80013cac
gmk::PassBoard,8078ead0,5,8042e9a0
gmk::PassBoard,8078ead0,6,8042e9f4
gmk::PassBoard,8078ead0,7,8042ebdc
gmk::PassBoard,8078ead0,8,8042e574
gmk::PassBoard,8078ead0,9,803ecb84
gmk::PassBoard,8078ead0,10,803edf40
gmk::PassBoard,8078ead0,11,803edf24
gmk::PassBoard,8078ead0,12,8042f0ac
gmk::PassBoard,8078ead0,13,803edf20
gmk::PassBoard,8078ead0,14,8042edf4
gmk::PassBoard,8078ead0,15,800fa4f4
gmk::PassBoard,8078ead0,16,803ede34
gmk::PassBoard,8078ead0,17,803edf1c
gmk::PassBoard,8078ead0,18,802aeabc
gmk::PassBoard,8078ead0,19,800eb488
gmk::PassBoard,8078ead0,20,800fa4ec
gmk::PassBoard,8078ead0,21,80017944
gmk::PassBoard,8078ead0,22,801b7794
gmk::PassBoard,8078ead0,23,803a04b8
gmk::PassBoard,8078ead0,24,800e2fdc
gmk::PassBoard,8078ead0,25,8042ef4c
gmk::PassBoard,8078ead0,26,8042eef4
gmk::PigeonManager,8078d320,0,80406998
gmk::PigeonManager,8078d320,1,80406aa4
gmk::PigeonManager,8078d320,2,80406acc
gmk::PigeonManager,8078d320,3,80406ec4
gmk::PigeonManager,8078d320,4,80013cac
gmk::PigeonManager,8078d320,5,80407010
gmk::PigeonManager,8078d320,6,804070b4
gmk::PigeonManager,8078d320,7,803ecbd0
gmk::PigeonManager,8078d320,8,8040736c
gmk::PigeonManager,8078d320,9,803ecb84
gmk::PigeonManager,8078d320,10,803edf40
gmk::PigeonManager,8078d320,11,803edf24
gmk::PigeonManager,8078d320,12,80408308
gmk::PigeonManager,8078d320,13,803edf20
gmk::PigeonManager,8078d320,14,80407408
gmk::PigeonManager,8078d320,15,80407c0c
gmk::PigeonManager,8078d320,16,803ede34
gmk::PigeonManager,8078d320,17,803edf1c
gmk::PigeonManager,8078d320,18,802aeabc
gmk::PigeonManager,8078d320,19,800eb488
gmk::PigeonManager,8078d320,20,800fa4ec
gmk::PigeonManager,8078d320,21,80017944
gmk::PigeonManager,8078d320,22,804082c4
gmk::PigeonManager,8078d320,23,803a04b8
gmk::PigeonManager,8078d320,24,800e2fdc
gmk::PigeonManager,8078d320,25,803ed92c
gmk::PigeonManager,8078d320,26,803edaf0
gmk::PlayEffect,8078cd58,0,803f76d8
gmk::PlayEffect,8078cd58,1,803f77b8
gmk::PlayEffect,8078cd58,2,803f7f30
gmk::PlayEffect,8078cd58,3,803f86e0
gmk::PlayEffect,8078cd58,4,80013cac
gmk::PlayEffect,8078cd58,5,803f87e0
gmk::PlayEffect,8078cd58,6,803f8890
gmk::PlayEffect,8078cd58,7,803ecbd0
gmk::PlayEffect,8078cd58,8,803f7e7c
gmk::PlayEffect,8078cd58,9,803ecb84
gmk::PlayEffect,8078cd58,10,803edf40
gmk::PlayEffect,8078cd58,11,803edf24
gmk::PlayEffect,8078cd58,12,803f93e4
gmk::PlayEffect,8078cd58,13,803f940c
gmk::PlayEffect,8078cd58,14,803f8e68
gmk::PlayEffect,8078cd58,15,800fa4f4
gmk::PlayEffect,8078cd58,16,803f9400
gmk::PlayEffect,8078cd58,17,803f9408
gmk::PlayEffect,8078cd58,18,802aeabc
gmk::PlayEffect,8078cd58,19,800eb488
gmk::PlayEffect,8078cd58,20,800fa4ec
gmk::PlayEffect,8078cd58,21,80017944
gmk::PlayEffect,8078cd58,22,801b7794
gmk::PlayEffect,8078cd58,23,803a04b8
gmk::PlayEffect,8078cd58,24,800e2fdc
gmk::PlayEffect,8078cd58,25,803ed92c
gmk::PlayEffect,8078cd58,26,803edaf0
gmk::RainDrops,8078e768,0,8042b678
gmk::RainDrops,8078e768,1,8042b72c
gmk::RainDrops,8078e768,2,8042b90c
gmk::RainDrops,8078e768,3,8042be5c
gmk::RainDrops,8078e768,4,80013cac
gmk::RainDrops,8078e768,5,8042becc
gmk::RainDrops,8078e768,6,8042bf38
gmk::RainDrops,8078e768,7,803ecbd0
gmk::RainDrops,8078e768,8,8042b77c
gmk::RainDrops,8078e768,9,803ecb84
gmk::RainDrops,8078e768,10,803edf40
gmk::RainDrops,8078e768,11,803edf24
gmk::RainDrops,8078e768,12,8042c214
gmk::RainDrops,8078e768,13,803edf20
gmk::RainDrops,8078e768,14,8042c174
gmk::RainDrops,8078e768,15,800fa4f4
gmk::RainDrops,8078e768,16,803ede34
gmk::RainDrops,8078e768,17,803edf1c
gmk::RainDrops,8078e768,18,802aeabc
gmk::RainDrops,8078e768,19,800eb488
gmk::RainDrops,8078e768,20,800fa4ec
gmk::RainDrops,8078e768,21,80017944
gmk::RainDrops,8078e768,22,8042c1fc
gmk::RainDrops,8078e768,23,803a04b8
gmk::RainDrops,8078e768,24,800e2fdc
gmk::RainDrops,8078e768,25,8042c210
gmk::RainDrops,8078e768,26,8042c1a4
gmk::RandomItem,8078eed0,0,80435f58
gmk::RandomItem,8078eed0,1,80436000
gmk::RandomItem,8078eed0,2,804360d4
gmk::RandomItem,8078eed0,3,804365fc
gmk::RandomItem,8078eed0,4,80013cac
gmk::RandomItem,8078eed0,5,80436624
gmk::RandomItem,8078eed0,6,804366a0
gmk::RandomItem,8078eed0,7,80436800
gmk::RandomItem,8078eed0,8,80436028
gmk::RandomItem,8078eed0,9,803ecb84
gmk::RandomItem,8078eed0,10,803edf40
gmk::RandomItem,8078eed0,11,803edf24
gmk::RandomItem,8078eed0,12,80012a14
gmk::RandomItem,8078eed0,13,803edf20
gmk::RandomItem,8078eed0,14,80436804
gmk::RandomItem,8078eed0,15,800fa4f4
gmk::RandomItem,8078eed0,16,80436b9c
gmk::RandomItem,8078eed0,17,80436ca8
gmk::RandomItem,8078eed0,18,802aeabc
gmk::RandomItem,8078eed0,19,800eb488
gmk::RandomItem,8078eed0,20,800fa4ec
gmk::RandomItem,8078eed0,21,80017944
gmk::RandomItem,8078eed0,22,804365d4
gmk::RandomItem,8078eed0,23,803a04b8
gmk::RandomItem,8078eed0,24,800e2fdc
gmk::RandomItem,8078eed0,25,80436d04
gmk::RandomItem,8078eed0,26,80436b44
gmk::RandomMerchant,8078ee38,0,80432ec0
gmk::RandomMerchant,8078ee38,1,80432fd0
gmk::RandomMerchant,8078ee38,2,8043323c
gmk::RandomMerchant,8078ee38,3,8043329c
gmk::RandomMerchant,8078ee38,4,80013cac
gmk::RandomMerchant,8078ee38,5,80433478
gmk::RandomMerchant,8078ee38,6,804334ec
gmk::RandomMerchant,8078ee38,7,803ecbd0
gmk::RandomMerchant,8078ee38,8,80432ff8
gmk::RandomMerchant,8078ee38,9,803ecb84
gmk::RandomMerchant,8078ee38,10,803edf40
gmk::RandomMerchant,8078ee38,11,803edf24
gmk::RandomMerchant,8078ee38,12,80012a14
gmk::RandomMerchant,8078ee38,13,803edf20
gmk::RandomMerchant,8078ee38,14,804345e4
gmk::RandomMerchant,8078ee38,15,800fa4f4
gmk::RandomMerchant,8078ee38,16,803ede34
gmk::RandomMerchant,8078ee38,17,803edf1c
gmk::RandomMerchant,8078ee38,18,802aeabc
gmk::RandomMerchant,8078ee38,19,800eb488
gmk::RandomMerchant,8078ee38,20,800fa4ec
gmk::RandomMerchant,8078ee38,21,80017944
gmk::RandomMerchant,8078ee38,22,801b7794
gmk::RandomMerchant,8078ee38,23,803a04b8
gmk::RandomMerchant,8078ee38,24,800e2fdc
gmk::RandomMerchant,8078ee38,25,803ed92c
gmk::RandomMerchant,8078ee38,26,80434604
gmk::ReinforcePoint,8078ce88,0,803fbeec
gmk::ReinforcePoint,8078ce88,1,803fa148
gmk::ReinforcePoint,8078ce88,2,803fa5c8
gmk::ReinforcePoint,8078ce88,3,803faefc
gmk::ReinforcePoint,8078ce88,4,80013cac
gmk::ReinforcePoint,8078ce88,5,803fa1e4
gmk::ReinforcePoint,8078ce88,6,803fa214
gmk::ReinforcePoint,8078ce88,7,803fa3d0
gmk::ReinforcePoint,8078ce88,8,803fa540
gmk::ReinforcePoint,8078ce88,9,803ecb84
gmk::ReinforcePoint,8078ce88,10,803edf40
gmk::ReinforcePoint,8078ce88,11,803edf24
gmk::ReinforcePoint,8078ce88,12,803fbee4
gmk::ReinforcePoint,8078ce88,13,803edf20
gmk::ReinforcePoint,8078ce88,14,803faf8c
gmk::ReinforcePoint,8078ce88,15,800fa4f4
gmk::ReinforcePoint,8078ce88,16,803fbd50
gmk::ReinforcePoint,8078ce88,17,803fb800
gmk::ReinforcePoint,8078ce88,18,802aeabc
gmk::ReinforcePoint,8078ce88,19,800eb488
gmk::ReinforcePoint,8078ce88,20,800fa4ec
gmk::ReinforcePoint,8078ce88,21,80017944
gmk::ReinforcePoint,8078ce88,22,803fb7c8
gmk::ReinforcePoint,8078ce88,23,803a04b8
gmk::ReinforcePoint,8078ce88,24,800e2fdc
gmk::ReinforcePoint,8078ce88,25,803ed92c
gmk::ReinforcePoint,8078ce88,26,803fbe74
gmk::RoomLight,8078e0d8,0,80420be0
gmk::RoomLight,8078e0d8,1,80420ec8
gmk::RoomLight,8078e0d8,2,80420f88
gmk::RoomLight,8078e0d8,3,80421128
gmk::RoomLight,8078e0d8,4,80013cac
gmk::RoomLight,8078e0d8,5,80420ca0
gmk::RoomLight,8078e0d8,6,80420d0c
gmk::RoomLight,8078e0d8,7,803ecbd0
gmk::RoomLight,8078e0d8,8,80420f10
gmk::RoomLight,8078e0d8,9,803ecb84
gmk::RoomLight,8078e0d8,10,803edf40
gmk::RoomLight,8078e0d8,11,803edf24
gmk::RoomLight,8078e0d8,12,8042144c
gmk::RoomLight,8078e0d8,13,803edf20
gmk::RoomLight,8078e0d8,14,804211b0
gmk::RoomLight,8078e0d8,15,80421308
gmk::RoomLight,8078e0d8,16,803ede34
gmk::RoomLight,8078e0d8,17,803edf1c
gmk::RoomLight,8078e0d8,18,802aeabc
gmk::RoomLight,8078e0d8,19,80421438
gmk::RoomLight,8078e0d8,20,800fa4ec
gmk::RoomLight,8078e0d8,21,80017944
gmk::RoomLight,8078e0d8,22,8042140c
gmk::RoomLight,8078e0d8,23,803a04b8
gmk::RoomLight,8078e0d8,24,800e2fdc
gmk::RoomLight,8078e0d8,25,803ed92c
gmk::RoomLight,8078e0d8,26,803edaf0
gmk::RotaryRoom,8078e468,0,80426260
gmk::RotaryRoom,8078e468,1,80426344
gmk::RotaryRoom,8078e468,2,804265e8
gmk::RotaryRoom,8078e468,3,80426878
gmk::RotaryRoom,8078e468,4,80013cac
gmk::RotaryRoom,8078e468,5,8042693c
gmk::RotaryRoom,8078e468,6,804269e0
gmk::RotaryRoom,8078e468,7,803ecbd0
gmk::RotaryRoom,8078e468,8,804264a0
gmk::RotaryRoom,8078e468,9,803ecb84
gmk::RotaryRoom,8078e468,10,803edf40
gmk::RotaryRoom,8078e468,11,803edf24
gmk::RotaryRoom,8078e468,12,80427520
gmk::RotaryRoom,8078e468,13,803edf20
gmk::RotaryRoom,8078e468,14,80426cf8
gmk::RotaryRoom,8078e468,15,804273a4
gmk::RotaryRoom,8078e468,16,803ede34
gmk::RotaryRoom,8078e468,17,803edf1c
gmk::RotaryRoom,8078e468,18,80427568
gmk::RotaryRoom,8078e468,19,80427570
gmk::RotaryRoom,8078e468,20,8042758c
gmk::RotaryRoom,8078e468,21,804275bc
gmk::RotaryRoom,8078e468,22,80427550
gmk::RotaryRoom,8078e468,23,803a04b8
gmk::RotaryRoom,8078e468,24,800e2fdc
gmk::RotaryRoom,8078e468,25,804275d0
gmk::RotaryRoom,8078e468,26,804274c8
gmk::SavePoint,8078ef68,0,8043723c
gmk::SavePoint,8078ef68,1,804372e4
gmk::SavePoint,8078ef68,2,804375c0
gmk::SavePoint,8078ef68,3,80438814
gmk::SavePoint,8078ef68,4,80013cac
gmk::SavePoint,8078ef68,5,80438e6c
gmk::SavePoint,8078ef68,6,80438ef8
gmk::SavePoint,8078ef68,7,803ecbd0
gmk::SavePoint,8078ef68,8,8043730c
gmk::SavePoint,8078ef68,9,803ecb84
gmk::SavePoint,8078ef68,10,803edf40
gmk::SavePoint,8078ef68,11,803edf24
gmk::SavePoint,8078ef68,12,80012a14
gmk::SavePoint,8078ef68,13,803edf20
gmk::SavePoint,8078ef68,14,80439248
gmk::SavePoint,8078ef68,15,800fa4f4
gmk::SavePoint,8078ef68,16,803ede34
gmk::SavePoint,8078ef68,17,803edf1c
gmk::SavePoint,8078ef68,18,802aeabc
gmk::SavePoint,8078ef68,19,800eb488
gmk::SavePoint,8078ef68,20,800fa4ec
gmk::SavePoint,8078ef68,21,80017944
gmk::SavePoint,8078ef68,22,801b7794
gmk::SavePoint,8078ef68,23,803a04b8
gmk::SavePoint,8078ef68,24,800e2fdc
gmk::SavePoint,8078ef68,25,803ed92c
gmk::SavePoint,8078ef68,26,80439268
gmk::ShakeCamera,8078e208,0,80421b7c
gmk::ShakeCamera,8078e208,1,80421e54
gmk::ShakeCamera,8078e208,2,80421f1c
gmk::ShakeCamera,8078e208,3,80422080
gmk::ShakeCamera,8078e208,4,80013cac
gmk::ShakeCamera,8078e208,5,80421c68
gmk::ShakeCamera,8078e208,6,80421ccc
gmk::ShakeCamera,8078e208,7,803ecbd0
gmk::ShakeCamera,8078e208,8,80421e9c
gmk::ShakeCamera,8078e208,9,803ecb84
gmk::ShakeCamera,8078e208,10,803edf40
gmk::ShakeCamera,8078e208,11,803edf24
gmk::ShakeCamera,8078e208,12,80012a14
gmk::ShakeCamera,8078e208,13,803edf20
gmk::ShakeCamera,8078e208,14,80422084
gmk::ShakeCamera,8078e208,15,800fa4f4
gmk::ShakeCamera,8078e208,16,803ede34
gmk::ShakeCamera,8078e208,17,803edf1c
gmk::ShakeCamera,8078e208,18,802aeabc
gmk::ShakeCamera,8078e208,19,800eb488
gmk::ShakeCamera,8078e208,20,800fa4ec
gmk::ShakeCamera,8078e208,21,80017944
gmk::ShakeCamera,8078e208,22,80422454
gmk::ShakeCamera,8078e208,23,803a04b8
gmk::ShakeCamera,8078e208,24,800e2fdc
gmk::ShakeCamera,8078e208,25,80422510
gmk::ShakeCamera,8078e208,26,80422498
gmk::SkeltonsMirror,8078d9d8,0,804154ac
gmk::SkeltonsMirror,8078d9d8,1,80415514
gmk::SkeltonsMirror,8078d9d8,2,8041553c
gmk::SkeltonsMirror,8078d9d8,3,80415910
gmk::SkeltonsMirror,8078d9d8,4,80013cac
gmk::SkeltonsMirror,8078d9d8,5,80415934
gmk::SkeltonsMirror,8078d9d8,6,80415974
gmk::SkeltonsMirror,8078d9d8,7,803ecbd0
gmk::SkeltonsMirror,8078d9d8,8,80415ab4
gmk::SkeltonsMirror,8078d9d8,9,803ecb84
gmk::SkeltonsMirror,8078d9d8,10,803edf40
gmk::SkeltonsMirror,8078d9d8,11,803edf24
gmk::SkeltonsMirror,8078d9d8,12,80012a14
gmk::SkeltonsMirror,8078d9d8,13,803edf20
gmk::SkeltonsMirror,8078d9d8,14,80415e40
gmk::SkeltonsMirror,8078d9d8,15,800fa4f4
gmk::SkeltonsMirror,8078d9d8,16,803ede34
gmk::SkeltonsMirror,8078d9d8,17,803edf1c
gmk::SkeltonsMirror,8078d9d8,18,802aeabc
gmk::SkeltonsMirror,8078d9d8,19,800eb488
gmk::SkeltonsMirror,8078d9d8,20,800fa4ec
gmk::SkeltonsMirror,8078d9d8,21,80017944
gmk::SkeltonsMirror,8078d9d8,22,8041669c
gmk::SkeltonsMirror,8078d9d8,23,803a04b8
gmk::SkeltonsMirror,8078d9d8,24,800e2fdc
gmk::SkeltonsMirror,8078d9d8,25,80416698
gmk::SkeltonsMirror,8078d9d8,26,803edaf0
gmk::SparkCube,8078e500,0,804280b4
gmk::SparkCube,8078e500,1,8042813c
gmk::SparkCube,8078e500,2,804282b8
gmk::SparkCube,8078e500,3,80428338
gmk::SparkCube,8078e500,4,80013cac
gmk::SparkCube,8078e500,5,803ecb7c
gmk::SparkCube,8078e500,6,804283ec
gmk::SparkCube,8078e500,7,803ecbd0
gmk::SparkCube,8078e500,8,803edf5c
gmk::SparkCube,8078e500,9,803ecb84
gmk::SparkCube,8078e500,10,803edf40
gmk::SparkCube,8078e500,11,803edf24
gmk::SparkCube,8078e500,12,80012a14
gmk::SparkCube,8078e500,13,803edf20
gmk::SparkCube,8078e500,14,8042856c
gmk::SparkCube,8078e500,15,80428928
gmk::SparkCube,8078e500,16,803ede34
gmk::SparkCube,8078e500,17,803edf1c
gmk::SparkCube,8078e500,18,802aeabc
gmk::SparkCube,8078e500,19,800eb488
gmk::SparkCube,8078e500,20,800fa4ec
gmk::SparkCube,8078e500,21,80017944
gmk::SparkCube,8078e500,22,801b7794
gmk::SparkCube,8078e500,23,803a04b8
gmk::SparkCube,8078e500,24,800e2fdc
gmk::SparkCube,8078e500,25,803ed92c
gmk::SparkCube,8078e500,26,803edaf0
gmk::SwingObject,8078d128,0,80400818
gmk::SwingObject,8078d128,1,80400904
gmk::SwingObject,8078d128,2,8040099c
gmk::SwingObject,8078d128,3,80400c74
gmk::SwingObject,8078d128,4,80013cac
gmk::SwingObject,8078d128,5,803ecb7c
gmk::SwingObject,8078d128,6,8040134c
gmk::SwingObject,8078d128,7,803ecbd0
gmk::SwingObject,8078d128,8,803edf5c
gmk::SwingObject,8078d128,9,803ecb84
gmk::SwingObject,8078d128,10,803edf40
gmk::SwingObject,8078d128,11,803edf24
gmk::SwingObject,8078d128,12,80012a14
gmk::SwingObject,8078d128,13,803edf20
gmk::SwingObject,8078d128,14,80012714
gmk::SwingObject,8078d128,15,800fa4f4
gmk::SwingObject,8078d128,16,803ede34
gmk::SwingObject,8078d128,17,803edf1c
gmk::SwingObject,8078d128,18,802aeabc
gmk::SwingObject,8078d128,19,800eb488
gmk::SwingObject,8078d128,20,80402970
gmk::SwingObject,8078d128,21,80017944
gmk::SwingObject,8078d128,22,801b7794
gmk::SwingObject,8078d128,23,803a04b8
gmk::SwingObject,8078d128,24,800e2fdc
gmk::SwingObject,8078d128,25,80402768
gmk::SwingObject,8078d128,26,803edaf0
gmk::TodomeCountUp,8078ec00,0,80430fc0
gmk::TodomeCountUp,8078ec00,1,8042f97c
gmk::TodomeCountUp,8078ec00,2,8042fac4
gmk::TodomeCountUp,8078ec00,3,804302fc
gmk::TodomeCountUp,8078ec00,4,80013cac
gmk::TodomeCountUp,8078ec00,5,804303d4
gmk::TodomeCountUp,8078ec00,6,80430428
gmk::TodomeCountUp,8078ec00,7,804307b4
gmk::TodomeCountUp,8078ec00,8,8042fa08
gmk::TodomeCountUp,8078ec00,9,803ecb84
gmk::TodomeCountUp,8078ec00,10,803edf40
gmk::TodomeCountUp,8078ec00,11,803edf24
gmk::TodomeCountUp,8078ec00,12,80430fa4
gmk::TodomeCountUp,8078ec00,13,803edf20
gmk::TodomeCountUp,8078ec00,14,804308f8
gmk::TodomeCountUp,8078ec00,15,800fa4f4
gmk::TodomeCountUp,8078ec00,16,80430bc0
gmk::TodomeCountUp,8078ec00,17,80430d7c
gmk::TodomeCountUp,8078ec00,18,802aeabc
gmk::TodomeCountUp,8078ec00,19,800eb488
gmk::TodomeCountUp,8078ec00,20,800fa4ec
gmk::TodomeCountUp,8078ec00,21,80017944
gmk::TodomeCountUp,8078ec00,22,80430bac
gmk::TodomeCountUp,8078ec00,23,803a04b8
gmk::TodomeCountUp,8078ec00,24,800e2fdc
gmk::TodomeCountUp,8078ec00,25,80430de4
gmk::TodomeCountUp,8078ec00,26,80430b54
gmk::Trap,8078d810,0,8041158c
gmk::Trap,8078d810,1,80411aa8
gmk::Trap,8078d810,2,80411bc4
gmk::Trap,8078d810,3,804120b8
gmk::Trap,8078d810,4,80013cac
gmk::Trap,8078d810,5,8041167c
gmk::Trap,8078d810,6,80411720
gmk::Trap,8078d810,7,804119d4
gmk::Trap,8078d810,8,80411af4
gmk::Trap,8078d810,9,803ecb84
gmk::Trap,8078d810,10,803edf40
gmk::Trap,8078d810,11,803edf24
gmk::Trap,8078d810,12,80412af4
gmk::Trap,8078d810,13,803edf20
gmk::Trap,8078d810,14,804120c0
gmk::Trap,8078d810,15,800fa4f4
gmk::Trap,8078d810,16,803ede34
gmk::Trap,8078d810,17,803edf1c
gmk::Trap,8078d810,18,802aeabc
gmk::Trap,8078d810,19,800eb488
gmk::Trap,8078d810,20,800fa4ec
gmk::Trap,8078d810,21,80017944
gmk::Trap,8078d810,22,801b7794
gmk::Trap,8078d810,23,803a04b8
gmk::Trap,8078d810,24,800e2fdc
gmk::Trap,8078d810,25,803ed92c
gmk::Trap,8078d810,26,804128a8
gmk::WaitObject,8078dd18,0,8041ba1c
gmk::WaitObject,8078dd18,1,8041ba74
gmk::WaitObject,8078dd18,2,8041bac0
gmk::WaitObject,8078dd18,3,8041c04c
gmk::WaitObject,8078dd18,4,80013cac
gmk::WaitObject,8078dd18,5,803ecb7c
gmk::WaitObject,8078dd18,6,803ecbcc
gmk::WaitObject,8078dd18,7,803ecbd0
gmk::WaitObject,8078dd18,8,8041babc
gmk::WaitObject,8078dd18,9,803ecb84
gmk::WaitObject,8078dd18,10,803edf40
gmk::WaitObject,8078dd18,11,803edf24
gmk::WaitObject,8078dd18,12,80012a14
gmk::WaitObject,8078dd18,13,803edf20
gmk::WaitObject,8078dd18,14,8041c050
gmk::WaitObject,8078dd18,15,800fa4f4
gmk::WaitObject,8078dd18,16,803ede34
gmk::WaitObject,8078dd18,17,803edf1c
gmk::WaitObject,8078dd18,18,802aeabc
gmk::WaitObject,8078dd18,19,800eb488
gmk::WaitObject,8078dd18,20,800fa4ec
gmk::WaitObject,8078dd18,21,80017944
gmk::WaitObject,8078dd18,22,8041c070
gmk::WaitObject,8078dd18,23,803a04b8
gmk::WaitObject,8078dd18,24,800e2fdc
gmk::WaitObject,8078dd18,25,803ed92c
gmk::WaitObject,8078dd18,26,803edaf0
gmk::WaterLevel,8078eb68,0,8042f240
gmk::WaterLevel,8078eb68,1,8042f48c
gmk::WaterLevel,8078eb68,2,8042f5e0
gmk::WaterLevel,8078eb68,3,8042f624
gmk::WaterLevel,8078eb68,4,80013cac
gmk::WaterLevel,8078eb68,5,8042f2ac
gmk::WaterLevel,8078eb68,6,803ecbcc
gmk::WaterLevel,8078eb68,7,8042f2dc
gmk::WaterLevel,8078eb68,8,8042f4d4
gmk::WaterLevel,8078eb68,9,803ecb84
gmk::WaterLevel,8078eb68,10,803edf40
gmk::WaterLevel,8078eb68,11,803edf24
gmk::WaterLevel,8078eb68,12,80012a14
gmk::WaterLevel,8078eb68,13,803edf20
gmk::WaterLevel,8078eb68,14,8042f628
gmk::WaterLevel,8078eb68,15,800fa4f4
gmk::WaterLevel,8078eb68,16,803ede34
gmk::WaterLevel,8078eb68,17,803edf1c
gmk::WaterLevel,8078eb68,18,802aeabc
gmk::WaterLevel,8078eb68,19,800eb488
gmk::WaterLevel,8078eb68,20,800fa4ec
gmk::WaterLevel,8078eb68,21,80017944
gmk::WaterLevel,8078eb68,22,8042f724
gmk::WaterLevel,8078eb68,23,803a04b8
gmk::WaterLevel,8078eb68,24,800e2fdc
gmk::WaterLevel,8078eb68,25,8042f750
gmk::WaterLevel,8078eb68,26,803edaf0
gmk::WindyItem,8078f000,0,8043a98c
gmk::WindyItem,8078f000,1,8043aa28
gmk::WindyItem,8078f000,2,8043aae0
gmk::WindyItem,8078f000,3,8043afc4
gmk::WindyItem,8078f000,4,80013cac
gmk::WindyItem,8078f000,5,8043afc8
gmk::WindyItem,8078f000,6,8043b028
gmk::WindyItem,8078f000,7,8043b160
gmk::WindyItem,8078f000,8,8043aa50
gmk::WindyItem,8078f000,9,803ecb84
gmk::WindyItem,8078f000,10,803edf40
gmk::WindyItem,8078f000,11,803edf24
gmk::WindyItem,8078f000,12,80012a14
gmk::WindyItem,8078f000,13,803edf20
gmk::WindyItem,8078f000,14,8043b164
gmk::WindyItem,8078f000,15,800fa4f4
gmk::WindyItem,8078f000,16,803ede34
gmk::WindyItem,8078f000,17,803edf1c
gmk::WindyItem,8078f000,18,802aeabc
gmk::WindyItem,8078f000,19,800eb488
gmk::WindyItem,8078f000,20,800fa4ec
gmk::WindyItem,8078f000,21,80017944
gmk::WindyItem,8078f000,22,8043b744
gmk::WindyItem,8078f000,23,803a04b8
gmk::WindyItem,8078f000,24,800e2fdc
gmk::WindyItem,8078f000,25,8043b614
gmk::WindyItem,8078f000,26,8043b5bc
homebutton::FrameController,80797a48,0,805c02b0
homebutton::FrameController,80797a48,1,805c0140
homebutton::GroupAnmController,80797a90,0,805c1b10
homebutton::GroupAnmController,80797a90,1,805c0950
homebutton::GroupAnmController,80797a90,2,805c0d90
homebutton::GroupAnmController,80797a90,3,805c1b00
homebutton::GroupAnmController,80797a90,4,805c1770
homebutton::GroupAnmController,80797a90,5,805c1010
homebutton::GroupAnmController,80797a90,6,805c07e0
homebutton::GroupAnmController,80797a90,7,805c0790
homebutton::GroupAnmController,80797a90,8,805c07f0
homebutton::GroupAnmController,80797a90,9,805c0800
homebutton::GroupAnmController,80797a90,10,805c0810
homebutton::GroupAnmController,80797a90,11,805c1b40
homebutton::GroupAnmController,80797a90,12,805c07a0
homebutton::GroupAnmController,80797a90,13,805c0cf0
homebutton::GroupAnmController,80797a90,14,805c1b30
homebutton::GroupAnmController,80797a90,15,805c1b20
homebutton::GroupAnmController,80797a90,16,805c0570
homebutton::GroupAnmController,80797a90,17,805c0ce0
homebutton::GroupAnmController,80797a90,18,805c0ea0
homebutton::GroupAnmController,80797a90,19,805c0a50
homebutton::GroupAnmController,80797a90,20,805c1a20
homebutton::GroupAnmController,80797a90,21,805c1630
homebutton::GroupAnmController,80797a90,22,805c1380
homebutton::GroupAnmController,80797a90,23,805c1b50
homebutton::HomeButtonEventHandler,80798d68,0,805c07d0
homebutton::HomeButtonEventHandler,80798d68,1,805c1b90
homebutton::gui::Manager,80797c48,0,805c1b10
homebutton::gui::Manager,80797c48,1,805c0950
homebutton::gui::Manager,80797c48,2,805c0d90
homebutton::gui::Manager,80797c48,3,805c1b00
homebutton::gui::Manager,80797c48,4,805c0e10
homebutton::gui::Manager,80797c48,5,805c1050
homebutton::gui::Manager,80797c48,6,805c07e0
homebutton::gui::Manager,80797c48,7,805c0790
homebutton::gui::Manager,80797c48,8,805c07f0
homebutton::gui::Manager,80797c48,9,805c0800
homebutton::gui::Manager,80797c48,10,805c0810
homebutton::gui::Manager,80797c48,11,805c1b40
homebutton::gui::Manager,80797c48,12,805c07a0
homebutton::gui::Manager,80797c48,13,805c0cf0
homebutton::gui::Manager,80797c48,14,805c1b30
homebutton::gui::Manager,80797c48,15,805c1b20
homebutton::gui::Manager,80797c48,16,805c0570
homebutton::gui::Manager,80797c48,17,805c0ce0
homebutton::gui::Manager,80797c48,18,805c0ea0
homebutton::gui::Manager,80797c48,19,805c0a50
homebutton::gui::Manager,80797c48,20,805c0780
homebutton::gui::PaneComponent,80797b38,0,805c1b10
homebutton::gui::PaneComponent,80797b38,1,805c08e0
homebutton::gui::PaneComponent,80797b38,2,805c0d20
homebutton::gui::PaneComponent,80797b38,3,805c1b00
homebutton::gui::PaneComponent,80797b38,4,805c0da0
homebutton::gui::PaneComponent,80797b38,5,805c0eb0
homebutton::gui::PaneComponent,80797b38,6,805c0980
homebutton::gui::PaneComponent,80797b38,7,805c0a60
homebutton::gui::PaneComponent,80797b38,8,805c0b00
homebutton::gui::PaneComponent,80797b38,9,805c1ba0
homebutton::gui::PaneComponent,80797b38,10,805c0b30
homebutton::gui::PaneComponent,80797b38,11,805c07b0
homebutton::gui::PaneComponent,80797b38,12,805c0e20
homebutton::gui::PaneComponent,80797b38,13,805c1b60
homebutton::gui::PaneComponent,80797b38,14,805c1090
homebutton::gui::PaneComponent,80797b38,15,805c10c0
homebutton::gui::PaneComponent,80797b38,16,805c13a0
homebutton::gui::PaneComponent,80797b38,17,805c14e0
homebutton::gui::PaneComponent,80797b38,18,805c1760
homebutton::gui::PaneComponent,80797b38,19,805c1bb0
homebutton::gui::PaneComponent,80797b38,20,805c1560
homebutton::gui::PaneComponent,80797b38,21,805c10e0
homebutton::gui::PaneComponent,80797b38,22,805c13c0
homebutton::gui::PaneManager,80797bd8,0,805c1b10
homebutton::gui::PaneManager,80797bd8,1,805c08e0
homebutton::gui::PaneManager,80797bd8,2,805c0d20
homebutton::gui::PaneManager,80797bd8,3,805c1b00
homebutton::gui::PaneManager,80797bd8,4,805c0da0
homebutton::gui::PaneManager,80797bd8,5,805c0820
homebutton::gui::PaneManager,80797bd8,6,805c0980
homebutton::gui::PaneManager,80797bd8,7,805c0a60
homebutton::gui::PaneManager,80797bd8,8,805c0b00
homebutton::gui::PaneManager,80797bd8,9,805c1ba0
homebutton::gui::PaneManager,80797bd8,10,805c0b30
homebutton::gui::PaneManager,80797bd8,11,805c07b0
homebutton::gui::PaneManager,80797bd8,12,805c0e20
homebutton::gui::PaneManager,80797bd8,13,805c1b60
int,8078a780,0,80399408
int,8078a780,1,80399410
int,8078a780,2,80399418
int,8078a780,3,80399420
int,8078a780,4,80399428
int,8078a780,5,80399430
int,8078a780,6,80399438
int,8078a780,7,80399444
int,8078a780,8,80399450
int,8078a780,9,8039945c
int,8078a780,10,80399b08
int,8078a780,11,80399a88
int,8078a780,12,80399a90
int,8078a780,13,80399a9c
int,8078a780,14,80399aa8
int,8078a780,15,80399ab4
int,8078a780,16,80399ac0
int,8078a780,17,80399acc
int,8078a780,18,80399ad8
int,8078a780,19,80399ae4
int,8078a780,20,80399af0
int,8078a780,21,80399afc
int,8078a780,22,80399a3c
int,8078a780,23,80399bd0
int,8078a780,24,80399cb0
int,8078a780,25,80399cb8
int,8078a780,26,8039a300
int,8078a780,27,8039a9c4
int,8078a780,28,80399c70
int,8078a780,29,80399f8c
int,8078a780,30,80399c20
leftshoulder,8078f0b8,0,8043b8e8
leftshoulder,8078f0b8,1,8043b988
leftshoulder,8078f0b8,2,8043c368
leftshoulder,8078f0b8,3,8043c4e0
leftshoulder,8078f0b8,4,80013cac
leftshoulder,8078f0b8,5,803ecb7c
leftshoulder,8078f0b8,6,803ecbcc
leftshoulder,8078f0b8,7,803ecbd0
leftshoulder,8078f0b8,8,803edf5c
leftshoulder,8078f0b8,9,803ecb84
leftshoulder,8078f0b8,10,803edf40
leftshoulder,8078f0b8,11,803edf24
leftshoulder,8078f0b8,12,80012a14
leftshoulder,8078f0b8,13,8043d580
leftshoulder,8078f0b8,14,8043d568
leftshoulder,8078f0b8,15,800fa4f4
leftshoulder,8078f0b8,16,803ede34
leftshoulder,8078f0b8,17,803edf1c
leftshoulder,8078f0b8,18,802aeabc
leftshoulder,8078f0b8,19,800eb488
leftshoulder,8078f0b8,20,800fa4ec
leftshoulder,8078f0b8,21,80017944
leftshoulder,8078f0b8,22,801b7794
leftshoulder,8078f0b8,23,803a04b8
leftshoulder,8078f0b8,24,800e2fdc
leftshoulder,8078f0b8,25,803ed92c
leftshoulder,8078f0b8,26,803edaf0
nw4hbm::lyt::Group,80799028,0,805cee20
nw4hbm::lyt::Group,80799028,1,805cef50
nw4hbm::lyt::Group,80799028,2,805cf260
nw4hbm::lyt::Group,80799028,3,805cf3b0
nw4hbm::lyt::Group,80799028,4,805cf3e0
nw4hbm::lyt::Group,80799028,5,805cf410
nw4hbm::lyt::Group,80799028,6,805cf430
nw4hbm::lyt::Group,80799028,7,805cf460
nw4hbm::lyt::Group,80799028,8,805cf480
nw4hbm::lyt::Group,80799028,9,805cf4a0
nw4hbm::lyt::Group,80799028,10,805cf530
nw4hbm::lyt::Material,80799100,0,805d2c70
nw4hbm::lyt::Material,80799100,1,805c1390
nw4hbm::lyt::Material,80799100,2,805d3170
nw4hbm::lyt::Material,80799100,3,805d3470
nw4hbm::lyt::Material,80799100,4,805d3500
nw4hbm::lyt::Material,80799100,5,805d3650
nw4hbm::lyt::Material,80799100,6,805d36e0
nw4hbm::lyt::Material,80799100,7,805d2f60
nw4hbm::lyt::Material,80799100,8,805d2f70
nw4hbm::lyt::Material,80799100,9,805d2f80
nw4hbm::lyt::Material,80799100,10,805d2fb0
nw4hbm::lyt::Material,80799100,11,805d2fe0
nw4hbm::lyt::Material,80799100,12,805d2ff0
nw4hbm::lyt::Material,80799100,13,805d3000
nw4hbm::lyt::Material,80799100,14,805d30b0
nw4hbm::lyt::Material,80799100,15,805d37a0
nw4hbm::lyt::Material,80799100,16,805d37c0
nw4hbm::lyt::Material,80799100,17,805d3850
nw4hbm::lyt::Material,80799100,18,805d3870
nw4hbm::lyt::Material,80799100,19,805d3950
nw4hbm::lyt::Material,80799100,20,805d39d0
nw4hbm::lyt::Material,80799100,21,805d3c80
nw4hbm::lyt::Material,80799100,22,805d3a90
nw4hbm::lyt::ResourceAccessor,80798ee8,0,805cd870
nw4hbm::lyt::ResourceAccessor,80798ee8,1,805cd980
nw4hbm::lyt::ResourceAccessor,80798ee8,2,805d3170
nw4hbm::lyt::ResourceAccessor,80798ee8,3,805d3470
nw4hbm::lyt::ResourceAccessor,80798ee8,4,805cd8d0
nw4hbm::lyt::ResourceAccessor,80798ee8,5,805d3650
nw4hbm::lyt::ResourceAccessor,80798ee8,6,805d36e0
nw4hbm::lyt::ResourceAccessor,80798ee8,7,805d2f60
nw4hbm::lyt::ResourceAccessor,80798ee8,8,805d2f70
nw4hbm::lyt::ResourceAccessor,80798ee8,9,805d2f80
nw4hbm::lyt::ResourceAccessor,80798ee8,10,805d2fb0
nw4hbm::lyt::ResourceAccessor,80798ee8,11,805d2fe0
nw4hbm::lyt::ResourceAccessor,80798ee8,12,805d2ff0
nw4hbm::lyt::ResourceAccessor,80798ee8,13,805d3000
nw4hbm::lyt::ResourceAccessor,80798ee8,14,805d30b0
nw4hbm::lyt::ResourceAccessor,80798ee8,15,805d37a0
nw4hbm::lyt::ResourceAccessor,80798ee8,16,805d37c0
nw4hbm::lyt::ResourceAccessor,80798ee8,17,805d3850
nw4hbm::lyt::ResourceAccessor,80798ee8,18,805d3870
nw4hbm::lyt::ResourceAccessor,80798ee8,19,805d3950
nw4hbm::lyt::ResourceAccessor,80798ee8,20,805d39d0
nw4hbm::lyt::ResourceAccessor,80798ee8,21,805d3c80
nw4hbm::lyt::ResourceAccessor,80798ee8,22,805d3a90
nw4hbm::ut::TagProcessorBase<wchar_t>,8079a6e8,0,805da7c0
nw4hbm::ut::TagProcessorBase<wchar_t>,8079a6e8,1,805da800
nw4hbm::ut::TagProcessorBase<wchar_t>,8079a6e8,2,805da960
nw4r::snd::DvdSoundArchive::DvdFileStream,80796be8,0,8059d828
nw4r::snd::DvdSoundArchive::DvdFileStream,80796be8,1,8059e1c0
nw4r::snd::DvdSoundArchive::DvdFileStream,80796be8,2,8059e1b8
nw4r::snd::DvdSoundArchive::DvdFileStream,80796be8,3,8059dc60
nw4r::snd::DvdSoundArchive::DvdFileStream,80796be8,4,8059da90
nw4r::snd::DvdSoundArchive::DvdFileStream,80796be8,5,8059db5c
nw4r::snd::SoundArchivePlayer,80796d80,0,8059e950
nw4r::snd::SoundArchivePlayer,80796d80,1,805a20a8
nw4r::snd::SoundArchivePlayer::WsdCallback,80796da8,0,8059e910
nw4r::snd::SoundArchivePlayer::WsdCallback,80796da8,1,805a1f30
rightfrontarm2,807850dc,0,80272fb8
rightfrontarm2,807850dc,1,80273970
rightfrontarm2,807850dc,2,80273fe8
rightfrontarm2,807850dc,3,80013cac
rightfrontarm2,807850dc,4,800ef3e0
rightfrontarm2,807850dc,5,80147b04
rightfrontarm2,807850dc,6,801437d0
rightfrontarm2,807850dc,7,800ef3dc
rightfrontarm2,807850dc,8,800ebf1c
rightfrontarm2,807850dc,9,8014bdb0
rightfrontarm2,807850dc,10,8013c564
rightfrontarm2,807850dc,11,800ef3d8
rightfrontarm2,807850dc,12,80274268
rightfrontarm2,807850dc,13,802744bc
rightfrontarm2,807850dc,14,800e8630
rightfrontarm2,807850dc,15,80153004
rightfrontarm2,807850dc,16,80152a24
rightfrontarm2,807850dc,17,80148340
rightfrontarm2,807850dc,18,80274518
rightfrontarm2,807850dc,19,800ef394
rightfrontarm2,807850dc,20,801501f0
rightfrontarm2,807850dc,21,800ef38c
rightfrontarm2,807850dc,22,80138d70
rightfrontarm2,807850dc,23,8035b8b0
rightfrontarm2,807850dc,24,8035bbcc
rightfrontarm2,807850dc,25,800e8fa4
rightfrontarm2,807850dc,26,80155494
rightfrontarm2,807850dc,27,80158d60
rightfrontarm2,807850dc,28,80274508
rightfrontarm2,807850dc,29,801606dc
rightfrontarm2,807850dc,30,80160f54
rightfrontarm2,807850dc,31,80168fcc
rightfrontarm2,807850dc,32,80169c0c
rightfrontarm2,807850dc,33,80279858
rightfrontarm2,807850dc,34,800ef370
rightfrontarm2,807850dc,35,80176b68
rightfrontarm2,807850dc,36,80176d2c
rightfrontarm2,807850dc,37,800ef368
rightfrontarm2,807850dc,38,800ee494
rightfrontarm2,807850dc,39,80041a20
rightfrontarm2,807850dc,40,800ef324
rightfrontarm2,807850dc,41,800ef31c
rightfrontarm2,807850dc,42,800ef310
rightfrontarm2,807850dc,43,8017b0f8
rightfrontarm2,807850dc,44,800ef308
rightfrontarm2,807850dc,45,800ef304
rightfrontarm2,807850dc,46,8017bc58
rightfrontarm2,807850dc,47,800ef2f0
rightfrontarm2,807850dc,48,8017bddc
rightfrontarm2,807850dc,49,8017c4c4
rightfrontarm2,807850dc,50,800ef2b4
rightfrontarm2,807850dc,51,8017c52c
rightfrontarm2,807850dc,52,800ef270
rightfrontarm2,807850dc,53,800ef080
rightfrontarm2,807850dc,54,800ee4d8
rightfrontarm2,807850dc,55,800eafd4
rightfrontarm2,807850dc,56,80274f54
rightfrontarm2,807850dc,57,800eacec
rightfrontarm2,807850dc,58,80180594
rightfrontarm2,807850dc,59,802745a0
rightfrontarm2,807850dc,60,802747d0
rightfrontarm2,807850dc,61,80274cfc
rightfrontarm2,807850dc,62,80274e7c
rightfrontarm2,807850dc,63,80275094
rightfrontarm2,807850dc,64,80275160
rightfrontarm2,807850dc,65,80275228
rightfrontarm2,807850dc,66,80275afc
rightfrontarm2,807850dc,67,8027606c
rightfrontarm2,807850dc,68,8027641c
rightfrontarm2,807850dc,69,80276484
rightfrontarm2,807850dc,70,80276648
rightfrontarm2,807850dc,71,802766b8
rightfrontarm2,807850dc,72,802767b0
rightfrontarm2,807850dc,73,80277a88
rightfrontarm2,807850dc,74,8027686c
rightfrontarm2,807850dc,75,802768cc
rightfrontarm2,807850dc,76,80276bf4
rightfrontarm2,807850dc,77,80276b3c
rightfrontarm2,807850dc,78,80276cac
rightfrontarm2,807850dc,79,80276e44
rightfrontarm2,807850dc,80,80276ecc
rightfrontarm2,807850dc,81,802773f8
rightfrontarm2,807850dc,82,80277478
rightfrontarm2,807850dc,83,802777cc
rightfrontarm2,807850dc,84,80277850
rightfrontarm2,807850dc,85,802778b0
rightfrontarm2,807850dc,86,80276944
rightfrontarm2,807850dc,87,80277af0
rightfrontarm2,807850dc,88,80277968
rightfrontarm2,807850dc,89,80278330
rightfrontarm2,807850dc,90,80276d58
rightfrontarm2,807854fc,0,8027cf28
rightfrontarm2,807854fc,1,8027d838
rightfrontarm2,807854fc,2,8027e19c
rightfrontarm2,807854fc,3,80013cac
rightfrontarm2,807854fc,4,800ef3e0
rightfrontarm2,807854fc,5,80147b04
rightfrontarm2,807854fc,6,801437d0
rightfrontarm2,807854fc,7,800ef3dc
rightfrontarm2,807854fc,8,800ebf1c
rightfrontarm2,807854fc,9,8014bdb0
rightfrontarm2,807854fc,10,8013c564
rightfrontarm2,807854fc,11,800ef3d8
rightfrontarm2,807854fc,12,8027e410
rightfrontarm2,807854fc,13,8027e678
rightfrontarm2,807854fc,14,800e8630
rightfrontarm2,807854fc,15,80153004
rightfrontarm2,807854fc,16,80152a24
rightfrontarm2,807854fc,17,80148340
rightfrontarm2,807854fc,18,8027e8ec
rightfrontarm2,807854fc,19,800ef394
rightfrontarm2,807854fc,20,801501f0
rightfrontarm2,807854fc,21,800ef38c
rightfrontarm2,807854fc,22,80138d70
rightfrontarm2,807854fc,23,8035b8b0
rightfrontarm2,807854fc,24,8035bbcc
rightfrontarm2,807854fc,25,800e8fa4
rightfrontarm2,807854fc,26,80155494
rightfrontarm2,807854fc,27,80158d60
rightfrontarm2,807854fc,28,8027ea84
rightfrontarm2,807854fc,29,801606dc
rightfrontarm2,807854fc,30,80160f54
rightfrontarm2,807854fc,31,80168fcc
rightfrontarm2,807854fc,32,80169c0c
rightfrontarm2,807854fc,33,800ef2ac
rightfrontarm2,807854fc,34,800ef370
rightfrontarm2,807854fc,35,80176b68
rightfrontarm2,807854fc,36,80176d2c
rightfrontarm2,807854fc,37,800ef368
rightfrontarm2,807854fc,38,800ee494
rightfrontarm2,807854fc,39,80041a20
rightfrontarm2,807854fc,40,800ef324
rightfrontarm2,807854fc,41,800ef31c
rightfrontarm2,807854fc,42,800ef310
rightfrontarm2,807854fc,43,8017b0f8
rightfrontarm2,807854fc,44,800ef308
rightfrontarm2,807854fc,45,800ef304
rightfrontarm2,807854fc,46,8017bc58
rightfrontarm2,807854fc,47,800ef2f0
rightfrontarm2,807854fc,48,8017bddc
rightfrontarm2,807854fc,49,8017c4c4
rightfrontarm2,807854fc,50,800ef2b4
rightfrontarm2,807854fc,51,8017c52c
rightfrontarm2,807854fc,52,800ef270
rightfrontarm2,807854fc,53,800ef080
rightfrontarm2,807854fc,54,800ee4d8
rightfrontarm2,807854fc,55,800eafd4
rightfrontarm2,807854fc,56,80280ef8
rightfrontarm2,807854fc,57,800eacec
rightfrontarm2,807854fc,58,80180594
rightmiddlearm2,807850d8,0,80272e0c
rightmiddlearm2,807850d8,1,80272fb8
rightmiddlearm2,807850d8,2,80273970
rightmiddlearm2,807850d8,3,80273fe8
rightmiddlearm2,807850d8,4,80013cac
rightmiddlearm2,807850d8,5,800ef3e0
rightmiddlearm2,807850d8,6,80147b04
rightmiddlearm2,807850d8,7,801437d0
rightmiddlearm2,807850d8,8,800ef3dc
rightmiddlearm2,807850d8,9,800ebf1c
rightmiddlearm2,807850d8,10,8014bdb0
rightmiddlearm2,807850d8,11,8013c564
rightmiddlearm2,807850d8,12,800ef3d8
rightmiddlearm2,807850d8,13,80274268
rightmiddlearm2,807850d8,14,802744bc
rightmiddlearm2,807850d8,15,800e8630
rightmiddlearm2,807850d8,16,80153004
rightmiddlearm2,807850d8,17,80152a24
rightmiddlearm2,807850d8,18,80148340
rightmiddlearm2,807850d8,19,80274518
rightmiddlearm2,807850d8,20,800ef394
rightmiddlearm2,807850d8,21,801501f0
rightmiddlearm2,807850d8,22,800ef38c
rightmiddlearm2,807850d8,23,80138d70
rightmiddlearm2,807850d8,24,8035b8b0
rightmiddlearm2,807850d8,25,8035bbcc
rightmiddlearm2,807850d8,26,800e8fa4
rightmiddlearm2,807850d8,27,80155494
rightmiddlearm2,807850d8,28,80158d60
rightmiddlearm2,807850d8,29,80274508
rightmiddlearm2,807850d8,30,801606dc
rightmiddlearm2,807850d8,31,80160f54
rightmiddlearm2,807850d8,32,80168fcc
rightmiddlearm2,807850d8,33,80169c0c
rightmiddlearm2,807850d8,34,80279858
rightmiddlearm2,807850d8,35,800ef370
rightmiddlearm2,807850d8,36,80176b68
rightmiddlearm2,807850d8,37,80176d2c
rightmiddlearm2,807850d8,38,800ef368
rightmiddlearm2,807850d8,39,800ee494
rightmiddlearm2,807850d8,40,80041a20
rightmiddlearm2,807850d8,41,800ef324
rightmiddlearm2,807850d8,42,800ef31c
rightmiddlearm2,807850d8,43,800ef310
rightmiddlearm2,807850d8,44,8017b0f8
rightmiddlearm2,807850d8,45,800ef308
rightmiddlearm2,807850d8,46,800ef304
rightmiddlearm2,807850d8,47,8017bc58
rightmiddlearm2,807850d8,48,800ef2f0
rightmiddlearm2,807850d8,49,8017bddc
rightmiddlearm2,807850d8,50,8017c4c4
rightmiddlearm2,807850d8,51,800ef2b4
rightmiddlearm2,807850d8,52,8017c52c
rightmiddlearm2,807850d8,53,800ef270
rightmiddlearm2,807850d8,54,800ef080
rightmiddlearm2,807850d8,55,800ee4d8
rightmiddlearm2,807850d8,56,800eafd4
rightmiddlearm2,807850d8,57,80274f54
rightmiddlearm2,807850d8,58,800eacec
rightmiddlearm2,807850d8,59,80180594
rightmiddlearm2,807850d8,60,802745a0
rightmiddlearm2,807850d8,61,802747d0
rightmiddlearm2,807850d8,62,80274cfc
rightmiddlearm2,807850d8,63,80274e7c
rightmiddlearm2,807850d8,64,80275094
rightmiddlearm2,807850d8,65,80275160
rightmiddlearm2,807850d8,66,80275228
rightmiddlearm2,807850d8,67,80275afc
rightmiddlearm2,807850d8,68,8027606c
rightmiddlearm2,807850d8,69,8027641c
rightmiddlearm2,807850d8,70,80276484
rightmiddlearm2,807850d8,71,80276648
rightmiddlearm2,807850d8,72,802766b8
rightmiddlearm2,807850d8,73,802767b0
rightmiddlearm2,807850d8,74,80277a88
rightmiddlearm2,807850d8,75,8027686c
rightmiddlearm2,807850d8,76,802768cc
rightmiddlearm2,807850d8,77,80276bf4
rightmiddlearm2,807850d8,78,80276b3c
rightmiddlearm2,807850d8,79,80276cac
rightmiddlearm2,807850d8,80,80276e44
rightmiddlearm2,807850d8,81,80276ecc
rightmiddlearm2,807850d8,82,802773f8
rightmiddlearm2,807850d8,83,80277478
rightmiddlearm2,807850d8,84,802777cc
rightmiddlearm2,807850d8,85,80277850
rightmiddlearm2,807850d8,86,802778b0
rightmiddlearm2,807850d8,87,80276944
rightmiddlearm2,807850d8,88,80277af0
rightmiddlearm2,807850d8,89,80277968
rightmiddlearm2,807850d8,90,80278330
rightmiddlearm2,807850d8,91,80276d58
rightmiddlearm2,807854f8,0,8027cd9c
rightmiddlearm2,807854f8,1,8027cf28
rightmiddlearm2,807854f8,2,8027d838
rightmiddlearm2,807854f8,3,8027e19c
rightmiddlearm2,807854f8,4,80013cac
rightmiddlearm2,807854f8,5,800ef3e0
rightmiddlearm2,807854f8,6,80147b04
rightmiddlearm2,807854f8,7,801437d0
rightmiddlearm2,807854f8,8,800ef3dc
rightmiddlearm2,807854f8,9,800ebf1c
rightmiddlearm2,807854f8,10,8014bdb0
rightmiddlearm2,807854f8,11,8013c564
rightmiddlearm2,807854f8,12,800ef3d8
rightmiddlearm2,807854f8,13,8027e410
rightmiddlearm2,807854f8,14,8027e678
rightmiddlearm2,807854f8,15,800e8630
rightmiddlearm2,807854f8,16,80153004
rightmiddlearm2,807854f8,17,80152a24
rightmiddlearm2,807854f8,18,80148340
rightmiddlearm2,807854f8,19,8027e8ec
rightmiddlearm2,807854f8,20,800ef394
rightmiddlearm2,807854f8,21,801501f0
rightmiddlearm2,807854f8,22,800ef38c
rightmiddlearm2,807854f8,23,80138d70
rightmiddlearm2,807854f8,24,8035b8b0
rightmiddlearm2,807854f8,25,8035bbcc
rightmiddlearm2,807854f8,26,800e8fa4
rightmiddlearm2,807854f8,27,80155494
rightmiddlearm2,807854f8,28,80158d60
rightmiddlearm2,807854f8,29,8027ea84
rightmiddlearm2,807854f8,30,801606dc
rightmiddlearm2,807854f8,31,80160f54
rightmiddlearm2,807854f8,32,80168fcc
rightmiddlearm2,807854f8,33,80169c0c
rightmiddlearm2,807854f8,34,800ef2ac
rightmiddlearm2,807854f8,35,800ef370
rightmiddlearm2,807854f8,36,80176b68
rightmiddlearm2,807854f8,37,80176d2c
rightmiddlearm2,807854f8,38,800ef368
rightmiddlearm2,807854f8,39,800ee494
rightmiddlearm2,807854f8,40,80041a20
rightmiddlearm2,807854f8,41,800ef324
rightmiddlearm2,807854f8,42,800ef31c
rightmiddlearm2,807854f8,43,800ef310
rightmiddlearm2,807854f8,44,8017b0f8
rightmiddlearm2,807854f8,45,800ef308
rightmiddlearm2,807854f8,46,800ef304
rightmiddlearm2,807854f8,47,8017bc58
rightmiddlearm2,807854f8,48,800ef2f0
rightmiddlearm2,807854f8,49,8017bddc
rightmiddlearm2,807854f8,50,8017c4c4
rightmiddlearm2,807854f8,51,800ef2b4
rightmiddlearm2,807854f8,52,8017c52c
rightmiddlearm2,807854f8,53,800ef270
rightmiddlearm2,807854f8,54,800ef080
rightmiddlearm2,807854f8,55,800ee4d8
rightmiddlearm2,807854f8,56,800eafd4
rightmiddlearm2,807854f8,57,80280ef8
rightmiddlearm2,807854f8,58,800eacec
rightmiddlearm2,807854f8,59,80180594
rightshoulder,8078f0bc,0,8043b988
rightshoulder,8078f0bc,1,8043c368
rightshoulder,8078f0bc,2,8043c4e0
rightshoulder,8078f0bc,3,80013cac
rightshoulder,8078f0bc,4,803ecb7c
rightshoulder,8078f0bc,5,803ecbcc
rightshoulder,8078f0bc,6,803ecbd0
rightshoulder,8078f0bc,7,803edf5c
rightshoulder,8078f0bc,8,803ecb84
rightshoulder,8078f0bc,9,803edf40
rightshoulder,8078f0bc,10,803edf24
rightshoulder,8078f0bc,11,80012a14
rightshoulder,8078f0bc,12,8043d580
rightshoulder,8078f0bc,13,8043d568
rightshoulder,8078f0bc,14,800fa4f4
rightshoulder,8078f0bc,15,803ede34
rightshoulder,8078f0bc,16,803edf1c
rightshoulder,8078f0bc,17,802aeabc
rightshoulder,8078f0bc,18,800eb488
rightshoulder,8078f0bc,19,800fa4ec
rightshoulder,8078f0bc,20,80017944
rightshoulder,8078f0bc,21,801b7794
rightshoulder,8078f0bc,22,803a04b8
rightshoulder,8078f0bc,23,800e2fdc
rightshoulder,8078f0bc,24,803ed92c
rightshoulder,8078f0bc,25,803edaf0
std::bad_cast,8078b1b8,0,803afe70
std::bad_cast,8078b1b8,1,803afe7c
std::bad_cast,8078b1b8,2,803afe88
std::bad_cast,8078b1b8,3,803afe94
std::bad_cast,8078b1b8,4,803afea0
std::bad_cast,8078b1b8,5,803afeac
std::bad_cast,8078b1b8,6,803afeb8
std::bad_cast,8078b1b8,7,803afec4
std::bad_cast,8078b1b8,8,803afed0
std::bad_cast,8078b1b8,9,803afedc
std::bad_cast,8078b1b8,10,803afdfc
std::bad_cast,8078b1b8,11,803affb4
std::bad_cast,8078b1b8,12,803b0074
std::bad_cast,8078b1b8,13,803b007c
std::bad_cast,8078b1b8,14,803b0178
std::bad_cast,8078b1b8,15,803b06b4
std::bad_cast,8078b1b8,16,803b005c
std::bad_cast,8078b1b8,17,803b00f4
std::bad_cast,8078b1b8,18,803b0008
std::bad_cast,8078b1b8,19,803b0ea4
std::bad_cast,8078b1b8,20,803b0e24
std::bad_cast,8078b1b8,21,803b0e2c
std::bad_cast,8078b1b8,22,803b0e38
std::bad_cast,8078b1b8,23,803b0e44
std::bad_cast,8078b1b8,24,803b0e50
std::bad_cast,8078b1b8,25,803b0e5c
std::bad_cast,8078b1b8,26,803b0e68
std::bad_cast,8078b1b8,27,803b0e74
std::bad_cast,8078b1b8,28,803b0e80
std::bad_cast,8078b1b8,29,803b0e8c
std::bad_cast,8078b1b8,30,803b0e98
std::bad_cast,8078b1b8,31,803b0db8
std::bad_cast,8078b1b8,32,803b0f70
std::bad_cast,8078b1b8,33,803b1030
std::bad_cast,8078b1b8,34,803b1038
std::bad_cast,8078b1b8,35,803b1134
std::bad_cast,8078b1b8,36,803b1670
std::bad_cast,8078b1b8,37,803b1018
std::bad_cast,8078b1b8,38,803b10b0
std::bad_cast,8078b1b8,39,803b0fc4
std::bad_cast,8078b1b8,40,803b1e60
std::bad_cast,8078b1b8,41,803b1de0
std::bad_cast,8078b1b8,42,803b1de8
std::bad_cast,8078b1b8,43,803b1df4
std::bad_cast,8078b1b8,44,803b1e00
std::bad_cast,8078b1b8,45,803b1e0c
std::bad_cast,8078b1b8,46,803b1e18
std::bad_cast,8078b1b8,47,803b1e24
std::bad_cast,8078b1b8,48,803b1e30
std::bad_cast,8078b1b8,49,803b1e3c
std::bad_cast,8078b1b8,50,803b1e48
std::bad_cast,8078b1b8,51,803b1e54
std::bad_cast,8078b1b8,52,803b1d74
std::bad_cast,8078b1b8,53,803b1f2c
std::bad_cast,8078b1b8,54,803b1fec
std::bad_cast,8078b1b8,55,803b1ff4
std::bad_cast,8078b1b8,56,803b20f0
std::bad_cast,8078b1b8,57,803b262c
std::bad_cast,8078b1b8,58,803b1fd4
std::bad_cast,8078b1b8,59,803b206c
std::bad_cast,8078b1b8,60,803b1f80
"std::basic_istream<char, std::char_traits<char>>",8078b120,0,80394320
"std::basic_istream<char, std::char_traits<char>>",8078b120,1,80394ba4
"std::basic_istream<char, std::char_traits<char>>",8078b120,2,80398704
"std::basic_istream<char, std::char_traits<char>>",8078b120,3,8039bc6c
"std::basic_istream<char, std::char_traits<char>>",8078b120,4,80013cac
"std::basic_string<char, std::char_traits<char>, std::allocator<char>>",8078b190,0,80394068
"std::basic_string<char, std::char_traits<char>, std::allocator<char>>",8078b190,1,803ad13c
"std::basic_stringbuf<char, std::char_traits<char>, std::allocator<char>>",80779a50,0,800e0c20
"std::basic_stringbuf<char, std::char_traits<char>, std::allocator<char>>",80779a50,1,800e24cc
"std::basic_stringbuf<char, std::char_traits<char>, std::allocator<char>>",80779a50,2,800e24d0
"std::basic_stringbuf<char, std::char_traits<char>, std::allocator<char>>",80779a50,3,800e24d4
"std::basic_stringbuf<char, std::char_traits<char>, std::allocator<char>>",80779a50,4,800e24ec
"std::basic_stringbuf<char, std::char_traits<char>, std::allocator<char>>",80779a50,5,800e1d4c
"std::basic_stringbuf<char, std::char_traits<char>, std::allocator<char>>",80779a50,6,800e2504
"std::basic_stringbuf<char, std::char_traits<char>, std::allocator<char>>",80779a50,7,800e250c
"std::basic_stringbuf<char, std::char_traits<char>, std::allocator<char>>",80779a50,8,800e2608
"std::basic_stringbuf<char, std::char_traits<char>, std::allocator<char>>",80779a50,9,800e2610
"std::basic_stringbuf<char, std::char_traits<char>, std::allocator<char>>",80779a50,10,800e2668
"std::basic_stringbuf<char, std::char_traits<char>, std::allocator<char>>",80779a50,11,800e2670
"std::basic_stringbuf<char, std::char_traits<char>, std::allocator<char>>",80779a50,12,800e1d54
std::exception,80775b90,0,8001a404
std::exception,80775b90,1,8001a34c
std::exception,80775b90,2,8001a39c
std::ios_base,80779a00,0,800e0b90
std::ios_base,80779a00,1,800e24cc
std::ios_base,80779a00,2,800e24d0
std::ios_base,80779a00,3,800e2064
std::ios_base,80779a00,4,800e22e8
std::ios_base,80779a00,5,800e1d4c
std::ios_base,80779a00,6,800e2504
std::ios_base,80779a00,7,800e250c
std::ios_base,80779a00,8,800e1d88
std::ios_base,80779a00,9,800e2610
std::ios_base,80779a00,10,800e1de4
std::ios_base,80779a00,11,800e2670
std::ios_base,80779a00,12,800e1e64
std::locale::facet,80783bb0,0,80239ab8
std::locale::facet,80783bb0,1,800d2860
std::locale::facet,80783bb0,2,80239bd0
std::locale::facet,80783bb0,3,80239c6c
std::locale::facet,80783bb0,4,80013cac
std::logic_error,8087ed10,0,806954cc
std::logic_error,8087ed10,1,806954d0
"std::num_put<char, std::ostreambuf_iterator<char, std::char_traits<char>>>",80783c58,0,8024365c
"std::num_put<char, std::ostreambuf_iterator<char, std::char_traits<char>>>",80783c58,1,8024359c
"std::num_put<char, std::ostreambuf_iterator<char, std::char_traits<char>>>",80783c58,2,80243650
"std::num_put<char, std::ostreambuf_iterator<char, std::char_traits<char>>>",80783c58,3,802435b8
"std::num_put<char, std::ostreambuf_iterator<char, std::char_traits<char>>>",80783c58,4,8024069c
"std::num_put<char, std::ostreambuf_iterator<char, std::char_traits<char>>>",80783c58,5,80240734
tt007b,8079796c,0,805bd450
tt007b,8079796c,1,805bc9f4
tt007b,8079796c,2,805bcd00
tt007b,8079796c,3,80043128
tt007b,8079796c,4,80013cac
tt009,80797970,0,805bc9f4
tt009,80797970,1,805bcd00
tt009,80797970,2,80043128
tt009,80797970,3,80013cac
